ISO-10303-21;
HEADER;
FILE_DESCRIPTION(('KiCad electronic assembly'),'2;1');
FILE_NAME('Speleofox PCB.step','2026-08-19T22:59:53',('Pcbnew'),('Kicad'
    ),'Open CASCADE STEP processor 7.9','KiCad to STEP converter',
  'Unknown');
FILE_SCHEMA(('AUTOMOTIVE_DESIGN { 1 0 10303 214 1 1 1 1 }'));
ENDSEC;
DATA;
#1 = APPLICATION_PROTOCOL_DEFINITION('international standard',
  'automotive_design',2000,#2);
#2 = APPLICATION_CONTEXT(
  'core data for automotive mechanical design processes');
#3 = SHAPE_DEFINITION_REPRESENTATION(#4,#10);
#4 = PRODUCT_DEFINITION_SHAPE('','',#5);
#5 = PRODUCT_DEFINITION('design','',#6,#9);
#6 = PRODUCT_DEFINITION_FORMATION('','',#7);
#7 = PRODUCT('Speleofox PCB 1','Speleofox PCB 1','',(#8));
#8 = PRODUCT_CONTEXT('',#2,'mechanical');
#9 = PRODUCT_DEFINITION_CONTEXT('part definition',#2,'design');
#10 = SHAPE_REPRESENTATION('',(#11,#15,#19,#23,#27,#31,#35,#39,#43,#47,
    #51,#55,#59,#63,#67,#71,#75,#79,#83,#87,#91),#95);
#11 = AXIS2_PLACEMENT_3D('',#12,#13,#14);
#12 = CARTESIAN_POINT('',(0.,0.,0.));
#13 = DIRECTION('',(0.,0.,1.));
#14 = DIRECTION('',(1.,0.,-0.));
#15 = AXIS2_PLACEMENT_3D('',#16,#17,#18);
#16 = CARTESIAN_POINT('',(65.3,-131.6,1.595));
#17 = DIRECTION('',(0.,0.,1.));
#18 = DIRECTION('',(1.,0.,0.));
#19 = AXIS2_PLACEMENT_3D('',#20,#21,#22);
#20 = CARTESIAN_POINT('',(70.,-104.,1.595));
#21 = DIRECTION('',(0.,0.,1.));
#22 = DIRECTION('',(-1.,1.224646799147E-16,0.));
#23 = AXIS2_PLACEMENT_3D('',#24,#25,#26);
#24 = CARTESIAN_POINT('',(52.8,-113.6,1.595));
#25 = DIRECTION('',(0.,0.,1.));
#26 = DIRECTION('',(-1.,1.224646799147E-16,0.));
#27 = AXIS2_PLACEMENT_3D('',#28,#29,#30);
#28 = CARTESIAN_POINT('',(112.880568,-107.5,1.595));
#29 = DIRECTION('',(0.,0.,1.));
#30 = DIRECTION('',(1.,0.,0.));
#31 = AXIS2_PLACEMENT_3D('',#32,#33,#34);
#32 = CARTESIAN_POINT('',(97.2,-111.4375,1.595));
#33 = DIRECTION('',(0.,-0.,1.));
#34 = DIRECTION('',(1.110223024625E-16,1.,0.));
#35 = AXIS2_PLACEMENT_3D('',#36,#37,#38);
#36 = CARTESIAN_POINT('',(97.4,-116.425,1.595));
#37 = DIRECTION('',(0.,0.,1.));
#38 = DIRECTION('',(1.,0.,0.));
#39 = AXIS2_PLACEMENT_3D('',#40,#41,#42);
#40 = CARTESIAN_POINT('',(82.8,-116.3,1.595));
#41 = DIRECTION('',(0.,0.,1.));
#42 = DIRECTION('',(1.,0.,0.));
#43 = AXIS2_PLACEMENT_3D('',#44,#45,#46);
#44 = CARTESIAN_POINT('',(53.4,-111.8,1.595));
#45 = DIRECTION('',(-0.,0.,1.));
#46 = DIRECTION('',(1.110223024625E-16,-1.,0.));
#47 = AXIS2_PLACEMENT_3D('',#48,#49,#50);
#48 = CARTESIAN_POINT('',(70.8,-131.9,1.595));
#49 = DIRECTION('',(0.,-0.,1.));
#50 = DIRECTION('',(1.110223024625E-16,1.,0.));
#51 = AXIS2_PLACEMENT_3D('',#52,#53,#54);
#52 = CARTESIAN_POINT('',(112.880568,-111.7,1.595));
#53 = DIRECTION('',(-0.,0.,1.));
#54 = DIRECTION('',(1.110223024625E-16,-1.,0.));
#55 = AXIS2_PLACEMENT_3D('',#56,#57,#58);
#56 = CARTESIAN_POINT('',(90.2,-112.2,1.595));
#57 = DIRECTION('',(0.,0.,1.));
#58 = DIRECTION('',(-1.,1.224646799147E-16,0.));
#59 = AXIS2_PLACEMENT_3D('',#60,#61,#62);
#60 = CARTESIAN_POINT('',(49.4,-113.69,1.595));
#61 = DIRECTION('',(0.,0.,1.));
#62 = DIRECTION('',(1.,0.,0.));
#63 = AXIS2_PLACEMENT_3D('',#64,#65,#66);
#64 = CARTESIAN_POINT('',(128.6,-127.5,1.595));
#65 = DIRECTION('',(0.,0.,1.));
#66 = DIRECTION('',(1.,0.,0.));
#67 = AXIS2_PLACEMENT_3D('',#68,#69,#70);
#68 = CARTESIAN_POINT('',(101.680568,-125.5,1.595));
#69 = DIRECTION('',(0.,-0.,1.));
#70 = DIRECTION('',(1.110223024625E-16,1.,0.));
#71 = AXIS2_PLACEMENT_3D('',#72,#73,#74);
#72 = CARTESIAN_POINT('',(107.380568,-125.4,1.595));
#73 = DIRECTION('',(0.,-0.,1.));
#74 = DIRECTION('',(1.110223024625E-16,1.,0.));
#75 = AXIS2_PLACEMENT_3D('',#76,#77,#78);
#76 = CARTESIAN_POINT('',(102.180568,-116.425,1.595));
#77 = DIRECTION('',(0.,0.,1.));
#78 = DIRECTION('',(1.,0.,0.));
#79 = AXIS2_PLACEMENT_3D('',#80,#81,#82);
#80 = CARTESIAN_POINT('',(112.880568,-127.5,1.595));
#81 = DIRECTION('',(0.,0.,1.));
#82 = DIRECTION('',(1.,0.,0.));
#83 = AXIS2_PLACEMENT_3D('',#84,#85,#86);
#84 = CARTESIAN_POINT('',(83.9,-111.6,1.595));
#85 = DIRECTION('',(-0.,0.,1.));
#86 = DIRECTION('',(1.110223024625E-16,-1.,0.));
#87 = AXIS2_PLACEMENT_3D('',#88,#89,#90);
#88 = CARTESIAN_POINT('',(128.6,-107.5,1.595));
#89 = DIRECTION('',(0.,0.,1.));
#90 = DIRECTION('',(1.,0.,0.));
#91 = AXIS2_PLACEMENT_3D('',#92,#93,#94);
#92 = CARTESIAN_POINT('',(0.,0.,0.));
#93 = DIRECTION('',(0.,0.,1.));
#94 = DIRECTION('',(1.,0.,-0.));
#95 = ( GEOMETRIC_REPRESENTATION_CONTEXT(3) 
GLOBAL_UNCERTAINTY_ASSIGNED_CONTEXT((#99)) GLOBAL_UNIT_ASSIGNED_CONTEXT(
(#96,#97,#98)) REPRESENTATION_CONTEXT('Context #1',
  '3D Context with UNIT and UNCERTAINTY') );
#96 = ( LENGTH_UNIT() NAMED_UNIT(*) SI_UNIT(.MILLI.,.METRE.) );
#97 = ( NAMED_UNIT(*) PLANE_ANGLE_UNIT() SI_UNIT($,.RADIAN.) );
#98 = ( NAMED_UNIT(*) SI_UNIT($,.STERADIAN.) SOLID_ANGLE_UNIT() );
#99 = UNCERTAINTY_MEASURE_WITH_UNIT(LENGTH_MEASURE(1.E-07),#96,
  'distance_accuracy_value','confusion accuracy');
#100 = PRODUCT_RELATED_PRODUCT_CATEGORY('part',$,(#7));
#101 = SHAPE_DEFINITION_REPRESENTATION(#102,#108);
#102 = PRODUCT_DEFINITION_SHAPE('','',#103);
#103 = PRODUCT_DEFINITION('design','',#104,#107);
#104 = PRODUCT_DEFINITION_FORMATION('','',#105);
#105 = PRODUCT('TSOT-23-5','TSOT-23-5','',(#106));
#106 = PRODUCT_CONTEXT('',#2,'mechanical');
#107 = PRODUCT_DEFINITION_CONTEXT('part definition',#2,'design');
#108 = ADVANCED_BREP_SHAPE_REPRESENTATION('',(#11,#109),#3178);
#109 = MANIFOLD_SOLID_BREP('',#110);
#110 = CLOSED_SHELL('',(#111,#149,#212,#235,#264,#287,#358,#413,#436,
    #459,#476,#499,#587,#603,#633,#664,#695,#726,#757,#788,#805,#822,
    #853,#884,#915,#945,#968,#991,#1008,#1053,#1123,#1146,#1169,#1192,
    #1247,#1285,#1334,#1426,#1451,#1535,#1557,#1649,#1674,#1758,#1775,
    #1860,#1885,#1962,#2047,#2072,#2149,#2166,#2258,#2283,#2367,#2384,
    #2403,#2422,#2468,#2484,#2503,#2519,#2536,#2548,#2565,#2582,#2599,
    #2616,#2633,#2650,#2667,#2679,#2696,#2713,#2730,#2747,#2764,#2781,
    #2798,#2810,#2827,#2844,#2861,#2878,#2895,#2912,#2924,#2941,#2958,
    #2975,#2992,#3009,#3026,#3038,#3055,#3072,#3089,#3106,#3123,#3140,
    #3157,#3169));
#111 = ADVANCED_FACE('',(#112),#144,.F.);
#112 = FACE_BOUND('',#113,.F.);
#113 = EDGE_LOOP('',(#114,#124,#131,#139));
#114 = ORIENTED_EDGE('',*,*,#115,.T.);
#115 = EDGE_CURVE('',#116,#118,#120,.T.);
#116 = VERTEX_POINT('',#117);
#117 = CARTESIAN_POINT('',(-0.680405353927,1.400810707854,0.1));
#118 = VERTEX_POINT('',#119);
#119 = CARTESIAN_POINT('',(0.680405353927,1.400810707854,0.1));
#120 = LINE('',#121,#122);
#121 = CARTESIAN_POINT('',(-0.680405353927,1.400810707854,0.1));
#122 = VECTOR('',#123,1.);
#123 = DIRECTION('',(1.,1.110223024625E-16,0.));
#124 = ORIENTED_EDGE('',*,*,#125,.T.);
#125 = EDGE_CURVE('',#118,#126,#128,.T.);
#126 = VERTEX_POINT('',#127);
#127 = CARTESIAN_POINT('',(0.705,1.45,0.45));
#128 = B_SPLINE_CURVE_WITH_KNOTS('',1,(#129,#130),.UNSPECIFIED.,.F.,.F.,
  (2,2),(0.,1.),.PIECEWISE_BEZIER_KNOTS.);
#129 = CARTESIAN_POINT('',(0.680405353927,1.400810707854,0.1));
#130 = CARTESIAN_POINT('',(0.705,1.45,0.45));
#131 = ORIENTED_EDGE('',*,*,#132,.F.);
#132 = EDGE_CURVE('',#133,#126,#135,.T.);
#133 = VERTEX_POINT('',#134);
#134 = CARTESIAN_POINT('',(-0.705,1.45,0.45));
#135 = LINE('',#136,#137);
#136 = CARTESIAN_POINT('',(-0.705,1.45,0.45));
#137 = VECTOR('',#138,1.);
#138 = DIRECTION('',(1.,1.110223024625E-16,0.));
#139 = ORIENTED_EDGE('',*,*,#140,.F.);
#140 = EDGE_CURVE('',#116,#133,#141,.T.);
#141 = B_SPLINE_CURVE_WITH_KNOTS('',1,(#142,#143),.UNSPECIFIED.,.F.,.F.,
  (2,2),(0.,1.),.PIECEWISE_BEZIER_KNOTS.);
#142 = CARTESIAN_POINT('',(-0.680405353927,1.400810707854,0.1));
#143 = CARTESIAN_POINT('',(-0.705,1.45,0.45));
#144 = B_SPLINE_SURFACE_WITH_KNOTS('',1,1,(
    (#145,#146)
    ,(#147,#148
    )),.UNSPECIFIED.,.F.,.F.,.F.,(2,2),(2,2),(0.,1.41),(0.,1.),
  .PIECEWISE_BEZIER_KNOTS.);
#145 = CARTESIAN_POINT('',(-0.680405353927,1.400810707854,0.1));
#146 = CARTESIAN_POINT('',(-0.705,1.45,0.45));
#147 = CARTESIAN_POINT('',(0.680405353927,1.400810707854,0.1));
#148 = CARTESIAN_POINT('',(0.705,1.45,0.45));
#149 = ADVANCED_FACE('',(#150),#207,.F.);
#150 = FACE_BOUND('',#151,.T.);
#151 = EDGE_LOOP('',(#152,#153,#161,#169,#177,#185,#193,#201));
#152 = ORIENTED_EDGE('',*,*,#115,.T.);
#153 = ORIENTED_EDGE('',*,*,#154,.T.);
#154 = EDGE_CURVE('',#118,#155,#157,.T.);
#155 = VERTEX_POINT('',#156);
#156 = CARTESIAN_POINT('',(0.750810707854,1.330405353927,0.1));
#157 = LINE('',#158,#159);
#158 = CARTESIAN_POINT('',(0.680405353927,1.400810707854,0.1));
#159 = VECTOR('',#160,1.);
#160 = DIRECTION('',(0.707106781187,-0.707106781187,0.));
#161 = ORIENTED_EDGE('',*,*,#162,.T.);
#162 = EDGE_CURVE('',#155,#163,#165,.T.);
#163 = VERTEX_POINT('',#164);
#164 = CARTESIAN_POINT('',(0.750810707854,-1.330405353927,0.1));
#165 = LINE('',#166,#167);
#166 = CARTESIAN_POINT('',(0.750810707854,1.330405353927,0.1));
#167 = VECTOR('',#168,1.);
#168 = DIRECTION('',(1.110223024625E-16,-1.,0.));
#169 = ORIENTED_EDGE('',*,*,#170,.T.);
#170 = EDGE_CURVE('',#163,#171,#173,.T.);
#171 = VERTEX_POINT('',#172);
#172 = CARTESIAN_POINT('',(0.680405353927,-1.400810707854,0.1));
#173 = LINE('',#174,#175);
#174 = CARTESIAN_POINT('',(0.750810707854,-1.330405353927,0.1));
#175 = VECTOR('',#176,1.);
#176 = DIRECTION('',(-0.707106781187,-0.707106781187,0.));
#177 = ORIENTED_EDGE('',*,*,#178,.T.);
#178 = EDGE_CURVE('',#171,#179,#181,.T.);
#179 = VERTEX_POINT('',#180);
#180 = CARTESIAN_POINT('',(-0.680405353927,-1.400810707854,0.1));
#181 = LINE('',#182,#183);
#182 = CARTESIAN_POINT('',(0.680405353927,-1.400810707854,0.1));
#183 = VECTOR('',#184,1.);
#184 = DIRECTION('',(-1.,-1.110223024625E-16,0.));
#185 = ORIENTED_EDGE('',*,*,#186,.T.);
#186 = EDGE_CURVE('',#179,#187,#189,.T.);
#187 = VERTEX_POINT('',#188);
#188 = CARTESIAN_POINT('',(-0.750810707854,-1.330405353927,0.1));
#189 = LINE('',#190,#191);
#190 = CARTESIAN_POINT('',(-0.680405353927,-1.400810707854,0.1));
#191 = VECTOR('',#192,1.);
#192 = DIRECTION('',(-0.707106781187,0.707106781187,0.));
#193 = ORIENTED_EDGE('',*,*,#194,.T.);
#194 = EDGE_CURVE('',#187,#195,#197,.T.);
#195 = VERTEX_POINT('',#196);
#196 = CARTESIAN_POINT('',(-0.750810707854,1.330405353927,0.1));
#197 = LINE('',#198,#199);
#198 = CARTESIAN_POINT('',(-0.750810707854,-1.330405353927,0.1));
#199 = VECTOR('',#200,1.);
#200 = DIRECTION('',(-1.110223024625E-16,1.,0.));
#201 = ORIENTED_EDGE('',*,*,#202,.T.);
#202 = EDGE_CURVE('',#195,#116,#203,.T.);
#203 = LINE('',#204,#205);
#204 = CARTESIAN_POINT('',(-0.750810707854,1.330405353927,0.1));
#205 = VECTOR('',#206,1.);
#206 = DIRECTION('',(0.707106781187,0.707106781187,0.));
#207 = PLANE('',#208);
#208 = AXIS2_PLACEMENT_3D('',#209,#210,#211);
#209 = CARTESIAN_POINT('',(-0.680405353927,1.400810707854,0.1));
#210 = DIRECTION('',(0.,0.,1.));
#211 = DIRECTION('',(0.436909980015,-0.899505235873,0.));
#212 = ADVANCED_FACE('',(#213),#230,.F.);
#213 = FACE_BOUND('',#214,.F.);
#214 = EDGE_LOOP('',(#215,#216,#223,#229));
#215 = ORIENTED_EDGE('',*,*,#154,.T.);
#216 = ORIENTED_EDGE('',*,*,#217,.T.);
#217 = EDGE_CURVE('',#155,#218,#220,.T.);
#218 = VERTEX_POINT('',#219);
#219 = CARTESIAN_POINT('',(0.8,1.355,0.45));
#220 = B_SPLINE_CURVE_WITH_KNOTS('',1,(#221,#222),.UNSPECIFIED.,.F.,.F.,
  (2,2),(0.,1.),.PIECEWISE_BEZIER_KNOTS.);
#221 = CARTESIAN_POINT('',(0.750810707854,1.330405353927,0.1));
#222 = CARTESIAN_POINT('',(0.8,1.355,0.45));
#223 = ORIENTED_EDGE('',*,*,#224,.F.);
#224 = EDGE_CURVE('',#126,#218,#225,.T.);
#225 = LINE('',#226,#227);
#226 = CARTESIAN_POINT('',(0.705,1.45,0.45));
#227 = VECTOR('',#228,1.);
#228 = DIRECTION('',(0.707106781187,-0.707106781187,0.));
#229 = ORIENTED_EDGE('',*,*,#125,.F.);
#230 = B_SPLINE_SURFACE_WITH_KNOTS('',1,1,(
    (#231,#232)
    ,(#233,#234
    )),.UNSPECIFIED.,.F.,.F.,.F.,(2,2),(2,2),(0.,0.134350288425),(0.,1.)
  ,.PIECEWISE_BEZIER_KNOTS.);
#231 = CARTESIAN_POINT('',(0.680405353927,1.400810707854,0.1));
#232 = CARTESIAN_POINT('',(0.705,1.45,0.45));
#233 = CARTESIAN_POINT('',(0.750810707854,1.330405353927,0.1));
#234 = CARTESIAN_POINT('',(0.8,1.355,0.45));
#235 = ADVANCED_FACE('',(#236),#259,.F.);
#236 = FACE_BOUND('',#237,.F.);
#237 = EDGE_LOOP('',(#238,#239,#246,#254));
#238 = ORIENTED_EDGE('',*,*,#132,.T.);
#239 = ORIENTED_EDGE('',*,*,#240,.T.);
#240 = EDGE_CURVE('',#126,#241,#243,.T.);
#241 = VERTEX_POINT('',#242);
#242 = CARTESIAN_POINT('',(0.705,1.45,0.6));
#243 = B_SPLINE_CURVE_WITH_KNOTS('',1,(#244,#245),.UNSPECIFIED.,.F.,.F.,
  (2,2),(0.,1.),.PIECEWISE_BEZIER_KNOTS.);
#244 = CARTESIAN_POINT('',(0.705,1.45,0.45));
#245 = CARTESIAN_POINT('',(0.705,1.45,0.6));
#246 = ORIENTED_EDGE('',*,*,#247,.F.);
#247 = EDGE_CURVE('',#248,#241,#250,.T.);
#248 = VERTEX_POINT('',#249);
#249 = CARTESIAN_POINT('',(-0.705,1.45,0.6));
#250 = LINE('',#251,#252);
#251 = CARTESIAN_POINT('',(-0.705,1.45,0.6));
#252 = VECTOR('',#253,1.);
#253 = DIRECTION('',(1.,1.110223024625E-16,0.));
#254 = ORIENTED_EDGE('',*,*,#255,.F.);
#255 = EDGE_CURVE('',#133,#248,#256,.T.);
#256 = B_SPLINE_CURVE_WITH_KNOTS('',1,(#257,#258),.UNSPECIFIED.,.F.,.F.,
  (2,2),(0.,1.),.PIECEWISE_BEZIER_KNOTS.);
#257 = CARTESIAN_POINT('',(-0.705,1.45,0.45));
#258 = CARTESIAN_POINT('',(-0.705,1.45,0.6));
#259 = PLANE('',#260);
#260 = AXIS2_PLACEMENT_3D('',#261,#262,#263);
#261 = CARTESIAN_POINT('',(-0.705,1.45,0.6));
#262 = DIRECTION('',(1.110223024625E-16,-1.,0.));
#263 = DIRECTION('',(1.,1.110223024625E-16,0.));
#264 = ADVANCED_FACE('',(#265),#282,.F.);
#265 = FACE_BOUND('',#266,.F.);
#266 = EDGE_LOOP('',(#267,#268,#269,#277));
#267 = ORIENTED_EDGE('',*,*,#202,.T.);
#268 = ORIENTED_EDGE('',*,*,#140,.T.);
#269 = ORIENTED_EDGE('',*,*,#270,.F.);
#270 = EDGE_CURVE('',#271,#133,#273,.T.);
#271 = VERTEX_POINT('',#272);
#272 = CARTESIAN_POINT('',(-0.8,1.355,0.45));
#273 = LINE('',#274,#275);
#274 = CARTESIAN_POINT('',(-0.8,1.355,0.45));
#275 = VECTOR('',#276,1.);
#276 = DIRECTION('',(0.707106781187,0.707106781187,0.));
#277 = ORIENTED_EDGE('',*,*,#278,.F.);
#278 = EDGE_CURVE('',#195,#271,#279,.T.);
#279 = B_SPLINE_CURVE_WITH_KNOTS('',1,(#280,#281),.UNSPECIFIED.,.F.,.F.,
  (2,2),(0.,1.),.PIECEWISE_BEZIER_KNOTS.);
#280 = CARTESIAN_POINT('',(-0.750810707854,1.330405353927,0.1));
#281 = CARTESIAN_POINT('',(-0.8,1.355,0.45));
#282 = B_SPLINE_SURFACE_WITH_KNOTS('',1,1,(
    (#283,#284)
    ,(#285,#286
    )),.UNSPECIFIED.,.F.,.F.,.F.,(2,2),(2,2),(0.,0.134350288425),(0.,1.)
  ,.PIECEWISE_BEZIER_KNOTS.);
#283 = CARTESIAN_POINT('',(-0.750810707854,1.330405353927,0.1));
#284 = CARTESIAN_POINT('',(-0.8,1.355,0.45));
#285 = CARTESIAN_POINT('',(-0.680405353927,1.400810707854,0.1));
#286 = CARTESIAN_POINT('',(-0.705,1.45,0.45));
#287 = ADVANCED_FACE('',(#288),#353,.F.);
#288 = FACE_BOUND('',#289,.F.);
#289 = EDGE_LOOP('',(#290,#291,#292,#300,#308,#316,#324,#332,#340,#348)
  );
#290 = ORIENTED_EDGE('',*,*,#194,.T.);
#291 = ORIENTED_EDGE('',*,*,#278,.T.);
#292 = ORIENTED_EDGE('',*,*,#293,.F.);
#293 = EDGE_CURVE('',#294,#271,#296,.T.);
#294 = VERTEX_POINT('',#295);
#295 = CARTESIAN_POINT('',(-0.8,1.125,0.45));
#296 = LINE('',#297,#298);
#297 = CARTESIAN_POINT('',(-0.8,-1.355,0.45));
#298 = VECTOR('',#299,1.);
#299 = DIRECTION('',(-1.110223024625E-16,1.,0.));
#300 = ORIENTED_EDGE('',*,*,#301,.F.);
#301 = EDGE_CURVE('',#302,#294,#304,.T.);
#302 = VERTEX_POINT('',#303);
#303 = CARTESIAN_POINT('',(-0.8,0.775,0.45));
#304 = LINE('',#305,#306);
#305 = CARTESIAN_POINT('',(-0.8,-1.355,0.45));
#306 = VECTOR('',#307,1.);
#307 = DIRECTION('',(-1.110223024625E-16,1.,0.));
#308 = ORIENTED_EDGE('',*,*,#309,.F.);
#309 = EDGE_CURVE('',#310,#302,#312,.T.);
#310 = VERTEX_POINT('',#311);
#311 = CARTESIAN_POINT('',(-0.8,0.175,0.45));
#312 = LINE('',#313,#314);
#313 = CARTESIAN_POINT('',(-0.8,-1.355,0.45));
#314 = VECTOR('',#315,1.);
#315 = DIRECTION('',(-1.110223024625E-16,1.,0.));
#316 = ORIENTED_EDGE('',*,*,#317,.F.);
#317 = EDGE_CURVE('',#318,#310,#320,.T.);
#318 = VERTEX_POINT('',#319);
#319 = CARTESIAN_POINT('',(-0.8,-0.175,0.45));
#320 = LINE('',#321,#322);
#321 = CARTESIAN_POINT('',(-0.8,-1.355,0.45));
#322 = VECTOR('',#323,1.);
#323 = DIRECTION('',(-1.110223024625E-16,1.,0.));
#324 = ORIENTED_EDGE('',*,*,#325,.F.);
#325 = EDGE_CURVE('',#326,#318,#328,.T.);
#326 = VERTEX_POINT('',#327);
#327 = CARTESIAN_POINT('',(-0.8,-0.775,0.45));
#328 = LINE('',#329,#330);
#329 = CARTESIAN_POINT('',(-0.8,-1.355,0.45));
#330 = VECTOR('',#331,1.);
#331 = DIRECTION('',(-1.110223024625E-16,1.,0.));
#332 = ORIENTED_EDGE('',*,*,#333,.F.);
#333 = EDGE_CURVE('',#334,#326,#336,.T.);
#334 = VERTEX_POINT('',#335);
#335 = CARTESIAN_POINT('',(-0.8,-1.125,0.45));
#336 = LINE('',#337,#338);
#337 = CARTESIAN_POINT('',(-0.8,-1.355,0.45));
#338 = VECTOR('',#339,1.);
#339 = DIRECTION('',(-1.110223024625E-16,1.,0.));
#340 = ORIENTED_EDGE('',*,*,#341,.F.);
#341 = EDGE_CURVE('',#342,#334,#344,.T.);
#342 = VERTEX_POINT('',#343);
#343 = CARTESIAN_POINT('',(-0.8,-1.355,0.45));
#344 = LINE('',#345,#346);
#345 = CARTESIAN_POINT('',(-0.8,-1.355,0.45));
#346 = VECTOR('',#347,1.);
#347 = DIRECTION('',(-1.110223024625E-16,1.,0.));
#348 = ORIENTED_EDGE('',*,*,#349,.F.);
#349 = EDGE_CURVE('',#187,#342,#350,.T.);
#350 = B_SPLINE_CURVE_WITH_KNOTS('',1,(#351,#352),.UNSPECIFIED.,.F.,.F.,
  (2,2),(0.,1.),.PIECEWISE_BEZIER_KNOTS.);
#351 = CARTESIAN_POINT('',(-0.750810707854,-1.330405353927,0.1));
#352 = CARTESIAN_POINT('',(-0.8,-1.355,0.45));
#353 = B_SPLINE_SURFACE_WITH_KNOTS('',1,1,(
    (#354,#355)
    ,(#356,#357
    )),.UNSPECIFIED.,.F.,.F.,.F.,(2,2),(2,2),(0.,2.71),(0.,1.),
  .PIECEWISE_BEZIER_KNOTS.);
#354 = CARTESIAN_POINT('',(-0.750810707854,-1.330405353927,0.1));
#355 = CARTESIAN_POINT('',(-0.8,-1.355,0.45));
#356 = CARTESIAN_POINT('',(-0.750810707854,1.330405353927,0.1));
#357 = CARTESIAN_POINT('',(-0.8,1.355,0.45));
#358 = ADVANCED_FACE('',(#359),#408,.F.);
#359 = FACE_BOUND('',#360,.F.);
#360 = EDGE_LOOP('',(#361,#362,#369,#377,#385,#393,#401,#407));
#361 = ORIENTED_EDGE('',*,*,#162,.T.);
#362 = ORIENTED_EDGE('',*,*,#363,.T.);
#363 = EDGE_CURVE('',#163,#364,#366,.T.);
#364 = VERTEX_POINT('',#365);
#365 = CARTESIAN_POINT('',(0.8,-1.355,0.45));
#366 = B_SPLINE_CURVE_WITH_KNOTS('',1,(#367,#368),.UNSPECIFIED.,.F.,.F.,
  (2,2),(0.,1.),.PIECEWISE_BEZIER_KNOTS.);
#367 = CARTESIAN_POINT('',(0.750810707854,-1.330405353927,0.1));
#368 = CARTESIAN_POINT('',(0.8,-1.355,0.45));
#369 = ORIENTED_EDGE('',*,*,#370,.F.);
#370 = EDGE_CURVE('',#371,#364,#373,.T.);
#371 = VERTEX_POINT('',#372);
#372 = CARTESIAN_POINT('',(0.8,-1.125,0.45));
#373 = LINE('',#374,#375);
#374 = CARTESIAN_POINT('',(0.8,1.355,0.45));
#375 = VECTOR('',#376,1.);
#376 = DIRECTION('',(1.110223024625E-16,-1.,0.));
#377 = ORIENTED_EDGE('',*,*,#378,.F.);
#378 = EDGE_CURVE('',#379,#371,#381,.T.);
#379 = VERTEX_POINT('',#380);
#380 = CARTESIAN_POINT('',(0.8,-0.775,0.45));
#381 = LINE('',#382,#383);
#382 = CARTESIAN_POINT('',(0.8,1.355,0.45));
#383 = VECTOR('',#384,1.);
#384 = DIRECTION('',(1.110223024625E-16,-1.,0.));
#385 = ORIENTED_EDGE('',*,*,#386,.F.);
#386 = EDGE_CURVE('',#387,#379,#389,.T.);
#387 = VERTEX_POINT('',#388);
#388 = CARTESIAN_POINT('',(0.8,0.775,0.45));
#389 = LINE('',#390,#391);
#390 = CARTESIAN_POINT('',(0.8,1.355,0.45));
#391 = VECTOR('',#392,1.);
#392 = DIRECTION('',(1.110223024625E-16,-1.,0.));
#393 = ORIENTED_EDGE('',*,*,#394,.F.);
#394 = EDGE_CURVE('',#395,#387,#397,.T.);
#395 = VERTEX_POINT('',#396);
#396 = CARTESIAN_POINT('',(0.8,1.125,0.45));
#397 = LINE('',#398,#399);
#398 = CARTESIAN_POINT('',(0.8,1.355,0.45));
#399 = VECTOR('',#400,1.);
#400 = DIRECTION('',(1.110223024625E-16,-1.,0.));
#401 = ORIENTED_EDGE('',*,*,#402,.F.);
#402 = EDGE_CURVE('',#218,#395,#403,.T.);
#403 = LINE('',#404,#405);
#404 = CARTESIAN_POINT('',(0.8,1.355,0.45));
#405 = VECTOR('',#406,1.);
#406 = DIRECTION('',(1.110223024625E-16,-1.,0.));
#407 = ORIENTED_EDGE('',*,*,#217,.F.);
#408 = B_SPLINE_SURFACE_WITH_KNOTS('',1,1,(
    (#409,#410)
    ,(#411,#412
    )),.UNSPECIFIED.,.F.,.F.,.F.,(2,2),(2,2),(0.,2.71),(0.,1.),
  .PIECEWISE_BEZIER_KNOTS.);
#409 = CARTESIAN_POINT('',(0.750810707854,1.330405353927,0.1));
#410 = CARTESIAN_POINT('',(0.8,1.355,0.45));
#411 = CARTESIAN_POINT('',(0.750810707854,-1.330405353927,0.1));
#412 = CARTESIAN_POINT('',(0.8,-1.355,0.45));
#413 = ADVANCED_FACE('',(#414),#431,.F.);
#414 = FACE_BOUND('',#415,.F.);
#415 = EDGE_LOOP('',(#416,#417,#418,#426));
#416 = ORIENTED_EDGE('',*,*,#186,.T.);
#417 = ORIENTED_EDGE('',*,*,#349,.T.);
#418 = ORIENTED_EDGE('',*,*,#419,.F.);
#419 = EDGE_CURVE('',#420,#342,#422,.T.);
#420 = VERTEX_POINT('',#421);
#421 = CARTESIAN_POINT('',(-0.705,-1.45,0.45));
#422 = LINE('',#423,#424);
#423 = CARTESIAN_POINT('',(-0.705,-1.45,0.45));
#424 = VECTOR('',#425,1.);
#425 = DIRECTION('',(-0.707106781187,0.707106781187,0.));
#426 = ORIENTED_EDGE('',*,*,#427,.F.);
#427 = EDGE_CURVE('',#179,#420,#428,.T.);
#428 = B_SPLINE_CURVE_WITH_KNOTS('',1,(#429,#430),.UNSPECIFIED.,.F.,.F.,
  (2,2),(0.,1.),.PIECEWISE_BEZIER_KNOTS.);
#429 = CARTESIAN_POINT('',(-0.680405353927,-1.400810707854,0.1));
#430 = CARTESIAN_POINT('',(-0.705,-1.45,0.45));
#431 = B_SPLINE_SURFACE_WITH_KNOTS('',1,1,(
    (#432,#433)
    ,(#434,#435
    )),.UNSPECIFIED.,.F.,.F.,.F.,(2,2),(2,2),(0.,0.134350288425),(0.,1.)
  ,.PIECEWISE_BEZIER_KNOTS.);
#432 = CARTESIAN_POINT('',(-0.680405353927,-1.400810707854,0.1));
#433 = CARTESIAN_POINT('',(-0.705,-1.45,0.45));
#434 = CARTESIAN_POINT('',(-0.750810707854,-1.330405353927,0.1));
#435 = CARTESIAN_POINT('',(-0.8,-1.355,0.45));
#436 = ADVANCED_FACE('',(#437),#454,.F.);
#437 = FACE_BOUND('',#438,.F.);
#438 = EDGE_LOOP('',(#439,#440,#447,#453));
#439 = ORIENTED_EDGE('',*,*,#170,.T.);
#440 = ORIENTED_EDGE('',*,*,#441,.T.);
#441 = EDGE_CURVE('',#171,#442,#444,.T.);
#442 = VERTEX_POINT('',#443);
#443 = CARTESIAN_POINT('',(0.705,-1.45,0.45));
#444 = B_SPLINE_CURVE_WITH_KNOTS('',1,(#445,#446),.UNSPECIFIED.,.F.,.F.,
  (2,2),(0.,1.),.PIECEWISE_BEZIER_KNOTS.);
#445 = CARTESIAN_POINT('',(0.680405353927,-1.400810707854,0.1));
#446 = CARTESIAN_POINT('',(0.705,-1.45,0.45));
#447 = ORIENTED_EDGE('',*,*,#448,.F.);
#448 = EDGE_CURVE('',#364,#442,#449,.T.);
#449 = LINE('',#450,#451);
#450 = CARTESIAN_POINT('',(0.8,-1.355,0.45));
#451 = VECTOR('',#452,1.);
#452 = DIRECTION('',(-0.707106781187,-0.707106781187,0.));
#453 = ORIENTED_EDGE('',*,*,#363,.F.);
#454 = B_SPLINE_SURFACE_WITH_KNOTS('',1,1,(
    (#455,#456)
    ,(#457,#458
    )),.UNSPECIFIED.,.F.,.F.,.F.,(2,2),(2,2),(0.,0.134350288425),(0.,1.)
  ,.PIECEWISE_BEZIER_KNOTS.);
#455 = CARTESIAN_POINT('',(0.750810707854,-1.330405353927,0.1));
#456 = CARTESIAN_POINT('',(0.8,-1.355,0.45));
#457 = CARTESIAN_POINT('',(0.680405353927,-1.400810707854,0.1));
#458 = CARTESIAN_POINT('',(0.705,-1.45,0.45));
#459 = ADVANCED_FACE('',(#460),#471,.F.);
#460 = FACE_BOUND('',#461,.F.);
#461 = EDGE_LOOP('',(#462,#463,#464,#470));
#462 = ORIENTED_EDGE('',*,*,#178,.T.);
#463 = ORIENTED_EDGE('',*,*,#427,.T.);
#464 = ORIENTED_EDGE('',*,*,#465,.F.);
#465 = EDGE_CURVE('',#442,#420,#466,.T.);
#466 = LINE('',#467,#468);
#467 = CARTESIAN_POINT('',(0.705,-1.45,0.45));
#468 = VECTOR('',#469,1.);
#469 = DIRECTION('',(-1.,-1.110223024625E-16,0.));
#470 = ORIENTED_EDGE('',*,*,#441,.F.);
#471 = B_SPLINE_SURFACE_WITH_KNOTS('',1,1,(
    (#472,#473)
    ,(#474,#475
    )),.UNSPECIFIED.,.F.,.F.,.F.,(2,2),(2,2),(0.,1.41),(0.,1.),
  .PIECEWISE_BEZIER_KNOTS.);
#472 = CARTESIAN_POINT('',(0.680405353927,-1.400810707854,0.1));
#473 = CARTESIAN_POINT('',(0.705,-1.45,0.45));
#474 = CARTESIAN_POINT('',(-0.680405353927,-1.400810707854,0.1));
#475 = CARTESIAN_POINT('',(-0.705,-1.45,0.45));
#476 = ADVANCED_FACE('',(#477),#494,.F.);
#477 = FACE_BOUND('',#478,.F.);
#478 = EDGE_LOOP('',(#479,#480,#487,#493));
#479 = ORIENTED_EDGE('',*,*,#224,.T.);
#480 = ORIENTED_EDGE('',*,*,#481,.T.);
#481 = EDGE_CURVE('',#218,#482,#484,.T.);
#482 = VERTEX_POINT('',#483);
#483 = CARTESIAN_POINT('',(0.8,1.355,0.6));
#484 = B_SPLINE_CURVE_WITH_KNOTS('',1,(#485,#486),.UNSPECIFIED.,.F.,.F.,
  (2,2),(0.,1.),.PIECEWISE_BEZIER_KNOTS.);
#485 = CARTESIAN_POINT('',(0.8,1.355,0.45));
#486 = CARTESIAN_POINT('',(0.8,1.355,0.6));
#487 = ORIENTED_EDGE('',*,*,#488,.F.);
#488 = EDGE_CURVE('',#241,#482,#489,.T.);
#489 = LINE('',#490,#491);
#490 = CARTESIAN_POINT('',(0.705,1.45,0.6));
#491 = VECTOR('',#492,1.);
#492 = DIRECTION('',(0.707106781187,-0.707106781187,0.));
#493 = ORIENTED_EDGE('',*,*,#240,.F.);
#494 = PLANE('',#495);
#495 = AXIS2_PLACEMENT_3D('',#496,#497,#498);
#496 = CARTESIAN_POINT('',(0.705,1.45,0.6));
#497 = DIRECTION('',(-0.707106781187,-0.707106781187,0.));
#498 = DIRECTION('',(0.707106781187,-0.707106781187,0.));
#499 = ADVANCED_FACE('',(#500),#582,.F.);
#500 = FACE_BOUND('',#501,.F.);
#501 = EDGE_LOOP('',(#502,#510,#511,#512,#520,#528,#536,#544,#552,#560,
    #568,#576));
#502 = ORIENTED_EDGE('',*,*,#503,.T.);
#503 = EDGE_CURVE('',#504,#248,#506,.T.);
#504 = VERTEX_POINT('',#505);
#505 = CARTESIAN_POINT('',(-0.8,1.355,0.6));
#506 = LINE('',#507,#508);
#507 = CARTESIAN_POINT('',(-0.8,1.355,0.6));
#508 = VECTOR('',#509,1.);
#509 = DIRECTION('',(0.707106781187,0.707106781187,0.));
#510 = ORIENTED_EDGE('',*,*,#247,.T.);
#511 = ORIENTED_EDGE('',*,*,#488,.T.);
#512 = ORIENTED_EDGE('',*,*,#513,.T.);
#513 = EDGE_CURVE('',#482,#514,#516,.T.);
#514 = VERTEX_POINT('',#515);
#515 = CARTESIAN_POINT('',(0.8,1.125,0.6));
#516 = LINE('',#517,#518);
#517 = CARTESIAN_POINT('',(0.8,1.355,0.6));
#518 = VECTOR('',#519,1.);
#519 = DIRECTION('',(1.110223024625E-16,-1.,0.));
#520 = ORIENTED_EDGE('',*,*,#521,.T.);
#521 = EDGE_CURVE('',#514,#522,#524,.T.);
#522 = VERTEX_POINT('',#523);
#523 = CARTESIAN_POINT('',(0.775,1.125,0.6));
#524 = LINE('',#525,#526);
#525 = CARTESIAN_POINT('',(0.85,1.125,0.6));
#526 = VECTOR('',#527,1.);
#527 = DIRECTION('',(-1.,-1.110223024625E-16,0.));
#528 = ORIENTED_EDGE('',*,*,#529,.F.);
#529 = EDGE_CURVE('',#530,#522,#532,.T.);
#530 = VERTEX_POINT('',#531);
#531 = CARTESIAN_POINT('',(0.775,1.3425,0.6));
#532 = LINE('',#533,#534);
#533 = CARTESIAN_POINT('',(0.775,1.3425,0.6));
#534 = VECTOR('',#535,1.);
#535 = DIRECTION('',(1.110223024625E-16,-1.,0.));
#536 = ORIENTED_EDGE('',*,*,#537,.F.);
#537 = EDGE_CURVE('',#538,#530,#540,.T.);
#538 = VERTEX_POINT('',#539);
#539 = CARTESIAN_POINT('',(0.6925,1.425,0.6));
#540 = LINE('',#541,#542);
#541 = CARTESIAN_POINT('',(0.6925,1.425,0.6));
#542 = VECTOR('',#543,1.);
#543 = DIRECTION('',(0.707106781187,-0.707106781187,0.));
#544 = ORIENTED_EDGE('',*,*,#545,.F.);
#545 = EDGE_CURVE('',#546,#538,#548,.T.);
#546 = VERTEX_POINT('',#547);
#547 = CARTESIAN_POINT('',(-0.6925,1.425,0.6));
#548 = LINE('',#549,#550);
#549 = CARTESIAN_POINT('',(-0.6925,1.425,0.6));
#550 = VECTOR('',#551,1.);
#551 = DIRECTION('',(1.,1.110223024625E-16,0.));
#552 = ORIENTED_EDGE('',*,*,#553,.F.);
#553 = EDGE_CURVE('',#554,#546,#556,.T.);
#554 = VERTEX_POINT('',#555);
#555 = CARTESIAN_POINT('',(-0.775,1.3425,0.6));
#556 = LINE('',#557,#558);
#557 = CARTESIAN_POINT('',(-0.775,1.3425,0.6));
#558 = VECTOR('',#559,1.);
#559 = DIRECTION('',(0.707106781187,0.707106781187,0.));
#560 = ORIENTED_EDGE('',*,*,#561,.F.);
#561 = EDGE_CURVE('',#562,#554,#564,.T.);
#562 = VERTEX_POINT('',#563);
#563 = CARTESIAN_POINT('',(-0.775,1.125,0.6));
#564 = LINE('',#565,#566);
#565 = CARTESIAN_POINT('',(-0.775,-1.3425,0.6));
#566 = VECTOR('',#567,1.);
#567 = DIRECTION('',(-1.110223024625E-16,1.,0.));
#568 = ORIENTED_EDGE('',*,*,#569,.F.);
#569 = EDGE_CURVE('',#570,#562,#572,.T.);
#570 = VERTEX_POINT('',#571);
#571 = CARTESIAN_POINT('',(-0.8,1.125,0.6));
#572 = LINE('',#573,#574);
#573 = CARTESIAN_POINT('',(-0.85,1.125,0.6));
#574 = VECTOR('',#575,1.);
#575 = DIRECTION('',(1.,-1.144237745222E-17,0.));
#576 = ORIENTED_EDGE('',*,*,#577,.T.);
#577 = EDGE_CURVE('',#570,#504,#578,.T.);
#578 = LINE('',#579,#580);
#579 = CARTESIAN_POINT('',(-0.8,-1.355,0.6));
#580 = VECTOR('',#581,1.);
#581 = DIRECTION('',(-1.110223024625E-16,1.,0.));
#582 = PLANE('',#583);
#583 = AXIS2_PLACEMENT_3D('',#584,#585,#586);
#584 = CARTESIAN_POINT('',(-2.091417030376E-16,1.4375,0.6));
#585 = DIRECTION('',(2.888762391192E-17,8.634073551009E-28,-1.));
#586 = DIRECTION('',(1.,1.51922136901E-16,2.888762391192E-17));
#587 = ADVANCED_FACE('',(#588),#598,.F.);
#588 = FACE_BOUND('',#589,.F.);
#589 = EDGE_LOOP('',(#590,#591,#592,#593));
#590 = ORIENTED_EDGE('',*,*,#270,.T.);
#591 = ORIENTED_EDGE('',*,*,#255,.T.);
#592 = ORIENTED_EDGE('',*,*,#503,.F.);
#593 = ORIENTED_EDGE('',*,*,#594,.F.);
#594 = EDGE_CURVE('',#271,#504,#595,.T.);
#595 = B_SPLINE_CURVE_WITH_KNOTS('',1,(#596,#597),.UNSPECIFIED.,.F.,.F.,
  (2,2),(0.,1.),.PIECEWISE_BEZIER_KNOTS.);
#596 = CARTESIAN_POINT('',(-0.8,1.355,0.45));
#597 = CARTESIAN_POINT('',(-0.8,1.355,0.6));
#598 = PLANE('',#599);
#599 = AXIS2_PLACEMENT_3D('',#600,#601,#602);
#600 = CARTESIAN_POINT('',(-0.8,1.355,0.6));
#601 = DIRECTION('',(0.707106781187,-0.707106781187,0.));
#602 = DIRECTION('',(0.707106781187,0.707106781187,0.));
#603 = ADVANCED_FACE('',(#604),#628,.F.);
#604 = FACE_BOUND('',#605,.F.);
#605 = EDGE_LOOP('',(#606,#613,#614,#622));
#606 = ORIENTED_EDGE('',*,*,#607,.F.);
#607 = EDGE_CURVE('',#342,#608,#610,.T.);
#608 = VERTEX_POINT('',#609);
#609 = CARTESIAN_POINT('',(-0.8,-1.355,0.6));
#610 = B_SPLINE_CURVE_WITH_KNOTS('',1,(#611,#612),.UNSPECIFIED.,.F.,.F.,
  (2,2),(0.,1.),.PIECEWISE_BEZIER_KNOTS.);
#611 = CARTESIAN_POINT('',(-0.8,-1.355,0.45));
#612 = CARTESIAN_POINT('',(-0.8,-1.355,0.6));
#613 = ORIENTED_EDGE('',*,*,#341,.T.);
#614 = ORIENTED_EDGE('',*,*,#615,.T.);
#615 = EDGE_CURVE('',#334,#616,#618,.T.);
#616 = VERTEX_POINT('',#617);
#617 = CARTESIAN_POINT('',(-0.8,-1.125,0.6));
#618 = LINE('',#619,#620);
#619 = CARTESIAN_POINT('',(-0.8,-1.125,0.441412655976));
#620 = VECTOR('',#621,1.);
#621 = DIRECTION('',(0.,0.,1.));
#622 = ORIENTED_EDGE('',*,*,#623,.F.);
#623 = EDGE_CURVE('',#608,#616,#624,.T.);
#624 = LINE('',#625,#626);
#625 = CARTESIAN_POINT('',(-0.8,-1.355,0.6));
#626 = VECTOR('',#627,1.);
#627 = DIRECTION('',(-1.110223024625E-16,1.,0.));
#628 = PLANE('',#629);
#629 = AXIS2_PLACEMENT_3D('',#630,#631,#632);
#630 = CARTESIAN_POINT('',(-0.8,-1.355,0.6));
#631 = DIRECTION('',(1.,1.110223024625E-16,0.));
#632 = DIRECTION('',(-1.110223024625E-16,1.,0.));
#633 = ADVANCED_FACE('',(#634),#659,.F.);
#634 = FACE_BOUND('',#635,.F.);
#635 = EDGE_LOOP('',(#636,#644,#645,#653));
#636 = ORIENTED_EDGE('',*,*,#637,.F.);
#637 = EDGE_CURVE('',#334,#638,#640,.T.);
#638 = VERTEX_POINT('',#639);
#639 = CARTESIAN_POINT('',(-0.85,-1.125,0.45));
#640 = LINE('',#641,#642);
#641 = CARTESIAN_POINT('',(-0.75,-1.125,0.45));
#642 = VECTOR('',#643,1.);
#643 = DIRECTION('',(-1.,1.144237745222E-17,0.));
#644 = ORIENTED_EDGE('',*,*,#333,.T.);
#645 = ORIENTED_EDGE('',*,*,#646,.T.);
#646 = EDGE_CURVE('',#326,#647,#649,.T.);
#647 = VERTEX_POINT('',#648);
#648 = CARTESIAN_POINT('',(-0.85,-0.775,0.45));
#649 = LINE('',#650,#651);
#650 = CARTESIAN_POINT('',(-0.75,-0.775,0.45));
#651 = VECTOR('',#652,1.);
#652 = DIRECTION('',(-1.,1.144237745222E-17,0.));
#653 = ORIENTED_EDGE('',*,*,#654,.F.);
#654 = EDGE_CURVE('',#638,#647,#655,.T.);
#655 = LINE('',#656,#657);
#656 = CARTESIAN_POINT('',(-0.85,-1.125,0.45));
#657 = VECTOR('',#658,1.);
#658 = DIRECTION('',(1.144237745222E-17,1.,0.));
#659 = PLANE('',#660);
#660 = AXIS2_PLACEMENT_3D('',#661,#662,#663);
#661 = CARTESIAN_POINT('',(-0.75,-1.125,0.45));
#662 = DIRECTION('',(0.,0.,1.));
#663 = DIRECTION('',(-1.,1.144237745222E-17,0.));
#664 = ADVANCED_FACE('',(#665),#690,.F.);
#665 = FACE_BOUND('',#666,.F.);
#666 = EDGE_LOOP('',(#667,#675,#676,#684));
#667 = ORIENTED_EDGE('',*,*,#668,.F.);
#668 = EDGE_CURVE('',#326,#669,#671,.T.);
#669 = VERTEX_POINT('',#670);
#670 = CARTESIAN_POINT('',(-0.8,-0.775,0.6));
#671 = LINE('',#672,#673);
#672 = CARTESIAN_POINT('',(-0.8,-0.775,0.441412655976));
#673 = VECTOR('',#674,1.);
#674 = DIRECTION('',(0.,0.,1.));
#675 = ORIENTED_EDGE('',*,*,#325,.T.);
#676 = ORIENTED_EDGE('',*,*,#677,.T.);
#677 = EDGE_CURVE('',#318,#678,#680,.T.);
#678 = VERTEX_POINT('',#679);
#679 = CARTESIAN_POINT('',(-0.8,-0.175,0.6));
#680 = LINE('',#681,#682);
#681 = CARTESIAN_POINT('',(-0.8,-0.175,0.441412655976));
#682 = VECTOR('',#683,1.);
#683 = DIRECTION('',(0.,0.,1.));
#684 = ORIENTED_EDGE('',*,*,#685,.F.);
#685 = EDGE_CURVE('',#669,#678,#686,.T.);
#686 = LINE('',#687,#688);
#687 = CARTESIAN_POINT('',(-0.8,-1.355,0.6));
#688 = VECTOR('',#689,1.);
#689 = DIRECTION('',(-1.110223024625E-16,1.,0.));
#690 = PLANE('',#691);
#691 = AXIS2_PLACEMENT_3D('',#692,#693,#694);
#692 = CARTESIAN_POINT('',(-0.8,-1.355,0.6));
#693 = DIRECTION('',(1.,1.110223024625E-16,0.));
#694 = DIRECTION('',(-1.110223024625E-16,1.,0.));
#695 = ADVANCED_FACE('',(#696),#721,.F.);
#696 = FACE_BOUND('',#697,.F.);
#697 = EDGE_LOOP('',(#698,#706,#707,#715));
#698 = ORIENTED_EDGE('',*,*,#699,.F.);
#699 = EDGE_CURVE('',#318,#700,#702,.T.);
#700 = VERTEX_POINT('',#701);
#701 = CARTESIAN_POINT('',(-0.85,-0.175,0.45));
#702 = LINE('',#703,#704);
#703 = CARTESIAN_POINT('',(-0.75,-0.175,0.45));
#704 = VECTOR('',#705,1.);
#705 = DIRECTION('',(-1.,1.144237745222E-17,0.));
#706 = ORIENTED_EDGE('',*,*,#317,.T.);
#707 = ORIENTED_EDGE('',*,*,#708,.T.);
#708 = EDGE_CURVE('',#310,#709,#711,.T.);
#709 = VERTEX_POINT('',#710);
#710 = CARTESIAN_POINT('',(-0.85,0.175,0.45));
#711 = LINE('',#712,#713);
#712 = CARTESIAN_POINT('',(-0.75,0.175,0.45));
#713 = VECTOR('',#714,1.);
#714 = DIRECTION('',(-1.,1.144237745222E-17,0.));
#715 = ORIENTED_EDGE('',*,*,#716,.F.);
#716 = EDGE_CURVE('',#700,#709,#717,.T.);
#717 = LINE('',#718,#719);
#718 = CARTESIAN_POINT('',(-0.85,-0.175,0.45));
#719 = VECTOR('',#720,1.);
#720 = DIRECTION('',(1.144237745222E-17,1.,0.));
#721 = PLANE('',#722);
#722 = AXIS2_PLACEMENT_3D('',#723,#724,#725);
#723 = CARTESIAN_POINT('',(-0.75,-0.175,0.45));
#724 = DIRECTION('',(0.,0.,1.));
#725 = DIRECTION('',(-1.,1.144237745222E-17,0.));
#726 = ADVANCED_FACE('',(#727),#752,.F.);
#727 = FACE_BOUND('',#728,.F.);
#728 = EDGE_LOOP('',(#729,#737,#738,#746));
#729 = ORIENTED_EDGE('',*,*,#730,.F.);
#730 = EDGE_CURVE('',#310,#731,#733,.T.);
#731 = VERTEX_POINT('',#732);
#732 = CARTESIAN_POINT('',(-0.8,0.175,0.6));
#733 = LINE('',#734,#735);
#734 = CARTESIAN_POINT('',(-0.8,0.175,0.441412655976));
#735 = VECTOR('',#736,1.);
#736 = DIRECTION('',(0.,0.,1.));
#737 = ORIENTED_EDGE('',*,*,#309,.T.);
#738 = ORIENTED_EDGE('',*,*,#739,.T.);
#739 = EDGE_CURVE('',#302,#740,#742,.T.);
#740 = VERTEX_POINT('',#741);
#741 = CARTESIAN_POINT('',(-0.8,0.775,0.6));
#742 = LINE('',#743,#744);
#743 = CARTESIAN_POINT('',(-0.8,0.775,0.441412655976));
#744 = VECTOR('',#745,1.);
#745 = DIRECTION('',(0.,0.,1.));
#746 = ORIENTED_EDGE('',*,*,#747,.F.);
#747 = EDGE_CURVE('',#731,#740,#748,.T.);
#748 = LINE('',#749,#750);
#749 = CARTESIAN_POINT('',(-0.8,-1.355,0.6));
#750 = VECTOR('',#751,1.);
#751 = DIRECTION('',(-1.110223024625E-16,1.,0.));
#752 = PLANE('',#753);
#753 = AXIS2_PLACEMENT_3D('',#754,#755,#756);
#754 = CARTESIAN_POINT('',(-0.8,-1.355,0.6));
#755 = DIRECTION('',(1.,1.110223024625E-16,0.));
#756 = DIRECTION('',(-1.110223024625E-16,1.,0.));
#757 = ADVANCED_FACE('',(#758),#783,.F.);
#758 = FACE_BOUND('',#759,.F.);
#759 = EDGE_LOOP('',(#760,#768,#769,#777));
#760 = ORIENTED_EDGE('',*,*,#761,.F.);
#761 = EDGE_CURVE('',#302,#762,#764,.T.);
#762 = VERTEX_POINT('',#763);
#763 = CARTESIAN_POINT('',(-0.85,0.775,0.45));
#764 = LINE('',#765,#766);
#765 = CARTESIAN_POINT('',(-0.75,0.775,0.45));
#766 = VECTOR('',#767,1.);
#767 = DIRECTION('',(-1.,1.144237745222E-17,0.));
#768 = ORIENTED_EDGE('',*,*,#301,.T.);
#769 = ORIENTED_EDGE('',*,*,#770,.T.);
#770 = EDGE_CURVE('',#294,#771,#773,.T.);
#771 = VERTEX_POINT('',#772);
#772 = CARTESIAN_POINT('',(-0.85,1.125,0.45));
#773 = LINE('',#774,#775);
#774 = CARTESIAN_POINT('',(-0.75,1.125,0.45));
#775 = VECTOR('',#776,1.);
#776 = DIRECTION('',(-1.,1.144237745222E-17,0.));
#777 = ORIENTED_EDGE('',*,*,#778,.F.);
#778 = EDGE_CURVE('',#762,#771,#779,.T.);
#779 = LINE('',#780,#781);
#780 = CARTESIAN_POINT('',(-0.85,0.775,0.45));
#781 = VECTOR('',#782,1.);
#782 = DIRECTION('',(1.144237745222E-17,1.,0.));
#783 = PLANE('',#784);
#784 = AXIS2_PLACEMENT_3D('',#785,#786,#787);
#785 = CARTESIAN_POINT('',(-0.75,0.775,0.45));
#786 = DIRECTION('',(0.,0.,1.));
#787 = DIRECTION('',(-1.,1.144237745222E-17,0.));
#788 = ADVANCED_FACE('',(#789),#800,.F.);
#789 = FACE_BOUND('',#790,.F.);
#790 = EDGE_LOOP('',(#791,#797,#798,#799));
#791 = ORIENTED_EDGE('',*,*,#792,.F.);
#792 = EDGE_CURVE('',#294,#570,#793,.T.);
#793 = LINE('',#794,#795);
#794 = CARTESIAN_POINT('',(-0.8,1.125,0.441412655976));
#795 = VECTOR('',#796,1.);
#796 = DIRECTION('',(0.,0.,1.));
#797 = ORIENTED_EDGE('',*,*,#293,.T.);
#798 = ORIENTED_EDGE('',*,*,#594,.T.);
#799 = ORIENTED_EDGE('',*,*,#577,.F.);
#800 = PLANE('',#801);
#801 = AXIS2_PLACEMENT_3D('',#802,#803,#804);
#802 = CARTESIAN_POINT('',(-0.8,-1.355,0.6));
#803 = DIRECTION('',(1.,1.110223024625E-16,0.));
#804 = DIRECTION('',(-1.110223024625E-16,1.,0.));
#805 = ADVANCED_FACE('',(#806),#817,.F.);
#806 = FACE_BOUND('',#807,.F.);
#807 = EDGE_LOOP('',(#808,#809,#810,#816));
#808 = ORIENTED_EDGE('',*,*,#481,.F.);
#809 = ORIENTED_EDGE('',*,*,#402,.T.);
#810 = ORIENTED_EDGE('',*,*,#811,.T.);
#811 = EDGE_CURVE('',#395,#514,#812,.T.);
#812 = LINE('',#813,#814);
#813 = CARTESIAN_POINT('',(0.8,1.125,0.441412655976));
#814 = VECTOR('',#815,1.);
#815 = DIRECTION('',(0.,0.,1.));
#816 = ORIENTED_EDGE('',*,*,#513,.F.);
#817 = PLANE('',#818);
#818 = AXIS2_PLACEMENT_3D('',#819,#820,#821);
#819 = CARTESIAN_POINT('',(0.8,1.355,0.6));
#820 = DIRECTION('',(-1.,-1.110223024625E-16,0.));
#821 = DIRECTION('',(1.110223024625E-16,-1.,0.));
#822 = ADVANCED_FACE('',(#823),#848,.F.);
#823 = FACE_BOUND('',#824,.F.);
#824 = EDGE_LOOP('',(#825,#833,#834,#842));
#825 = ORIENTED_EDGE('',*,*,#826,.F.);
#826 = EDGE_CURVE('',#395,#827,#829,.T.);
#827 = VERTEX_POINT('',#828);
#828 = CARTESIAN_POINT('',(0.85,1.125,0.45));
#829 = LINE('',#830,#831);
#830 = CARTESIAN_POINT('',(0.75,1.125,0.45));
#831 = VECTOR('',#832,1.);
#832 = DIRECTION('',(1.,1.110223024625E-16,0.));
#833 = ORIENTED_EDGE('',*,*,#394,.T.);
#834 = ORIENTED_EDGE('',*,*,#835,.T.);
#835 = EDGE_CURVE('',#387,#836,#838,.T.);
#836 = VERTEX_POINT('',#837);
#837 = CARTESIAN_POINT('',(0.85,0.775,0.45));
#838 = LINE('',#839,#840);
#839 = CARTESIAN_POINT('',(0.75,0.775,0.45));
#840 = VECTOR('',#841,1.);
#841 = DIRECTION('',(1.,1.110223024625E-16,0.));
#842 = ORIENTED_EDGE('',*,*,#843,.F.);
#843 = EDGE_CURVE('',#827,#836,#844,.T.);
#844 = LINE('',#845,#846);
#845 = CARTESIAN_POINT('',(0.85,1.125,0.45));
#846 = VECTOR('',#847,1.);
#847 = DIRECTION('',(1.110223024625E-16,-1.,0.));
#848 = PLANE('',#849);
#849 = AXIS2_PLACEMENT_3D('',#850,#851,#852);
#850 = CARTESIAN_POINT('',(0.75,1.125,0.45));
#851 = DIRECTION('',(0.,0.,1.));
#852 = DIRECTION('',(1.,1.110223024625E-16,-0.));
#853 = ADVANCED_FACE('',(#854),#879,.F.);
#854 = FACE_BOUND('',#855,.F.);
#855 = EDGE_LOOP('',(#856,#864,#865,#873));
#856 = ORIENTED_EDGE('',*,*,#857,.F.);
#857 = EDGE_CURVE('',#387,#858,#860,.T.);
#858 = VERTEX_POINT('',#859);
#859 = CARTESIAN_POINT('',(0.8,0.775,0.6));
#860 = LINE('',#861,#862);
#861 = CARTESIAN_POINT('',(0.8,0.775,0.441412655976));
#862 = VECTOR('',#863,1.);
#863 = DIRECTION('',(0.,0.,1.));
#864 = ORIENTED_EDGE('',*,*,#386,.T.);
#865 = ORIENTED_EDGE('',*,*,#866,.T.);
#866 = EDGE_CURVE('',#379,#867,#869,.T.);
#867 = VERTEX_POINT('',#868);
#868 = CARTESIAN_POINT('',(0.8,-0.775,0.6));
#869 = LINE('',#870,#871);
#870 = CARTESIAN_POINT('',(0.8,-0.775,0.441412655976));
#871 = VECTOR('',#872,1.);
#872 = DIRECTION('',(0.,0.,1.));
#873 = ORIENTED_EDGE('',*,*,#874,.F.);
#874 = EDGE_CURVE('',#858,#867,#875,.T.);
#875 = LINE('',#876,#877);
#876 = CARTESIAN_POINT('',(0.8,1.355,0.6));
#877 = VECTOR('',#878,1.);
#878 = DIRECTION('',(1.110223024625E-16,-1.,0.));
#879 = PLANE('',#880);
#880 = AXIS2_PLACEMENT_3D('',#881,#882,#883);
#881 = CARTESIAN_POINT('',(0.8,1.355,0.6));
#882 = DIRECTION('',(-1.,-1.110223024625E-16,0.));
#883 = DIRECTION('',(1.110223024625E-16,-1.,0.));
#884 = ADVANCED_FACE('',(#885),#910,.F.);
#885 = FACE_BOUND('',#886,.F.);
#886 = EDGE_LOOP('',(#887,#895,#896,#904));
#887 = ORIENTED_EDGE('',*,*,#888,.F.);
#888 = EDGE_CURVE('',#379,#889,#891,.T.);
#889 = VERTEX_POINT('',#890);
#890 = CARTESIAN_POINT('',(0.85,-0.775,0.45));
#891 = LINE('',#892,#893);
#892 = CARTESIAN_POINT('',(0.75,-0.775,0.45));
#893 = VECTOR('',#894,1.);
#894 = DIRECTION('',(1.,1.110223024625E-16,0.));
#895 = ORIENTED_EDGE('',*,*,#378,.T.);
#896 = ORIENTED_EDGE('',*,*,#897,.T.);
#897 = EDGE_CURVE('',#371,#898,#900,.T.);
#898 = VERTEX_POINT('',#899);
#899 = CARTESIAN_POINT('',(0.85,-1.125,0.45));
#900 = LINE('',#901,#902);
#901 = CARTESIAN_POINT('',(0.75,-1.125,0.45));
#902 = VECTOR('',#903,1.);
#903 = DIRECTION('',(1.,1.110223024625E-16,0.));
#904 = ORIENTED_EDGE('',*,*,#905,.F.);
#905 = EDGE_CURVE('',#889,#898,#906,.T.);
#906 = LINE('',#907,#908);
#907 = CARTESIAN_POINT('',(0.85,-0.775,0.45));
#908 = VECTOR('',#909,1.);
#909 = DIRECTION('',(1.110223024625E-16,-1.,0.));
#910 = PLANE('',#911);
#911 = AXIS2_PLACEMENT_3D('',#912,#913,#914);
#912 = CARTESIAN_POINT('',(0.75,-0.775,0.45));
#913 = DIRECTION('',(0.,0.,1.));
#914 = DIRECTION('',(1.,1.110223024625E-16,-0.));
#915 = ADVANCED_FACE('',(#916),#940,.F.);
#916 = FACE_BOUND('',#917,.F.);
#917 = EDGE_LOOP('',(#918,#926,#927,#934));
#918 = ORIENTED_EDGE('',*,*,#919,.F.);
#919 = EDGE_CURVE('',#371,#920,#922,.T.);
#920 = VERTEX_POINT('',#921);
#921 = CARTESIAN_POINT('',(0.8,-1.125,0.6));
#922 = LINE('',#923,#924);
#923 = CARTESIAN_POINT('',(0.8,-1.125,0.441412655976));
#924 = VECTOR('',#925,1.);
#925 = DIRECTION('',(0.,0.,1.));
#926 = ORIENTED_EDGE('',*,*,#370,.T.);
#927 = ORIENTED_EDGE('',*,*,#928,.T.);
#928 = EDGE_CURVE('',#364,#929,#931,.T.);
#929 = VERTEX_POINT('',#930);
#930 = CARTESIAN_POINT('',(0.8,-1.355,0.6));
#931 = B_SPLINE_CURVE_WITH_KNOTS('',1,(#932,#933),.UNSPECIFIED.,.F.,.F.,
  (2,2),(0.,1.),.PIECEWISE_BEZIER_KNOTS.);
#932 = CARTESIAN_POINT('',(0.8,-1.355,0.45));
#933 = CARTESIAN_POINT('',(0.8,-1.355,0.6));
#934 = ORIENTED_EDGE('',*,*,#935,.F.);
#935 = EDGE_CURVE('',#920,#929,#936,.T.);
#936 = LINE('',#937,#938);
#937 = CARTESIAN_POINT('',(0.8,1.355,0.6));
#938 = VECTOR('',#939,1.);
#939 = DIRECTION('',(1.110223024625E-16,-1.,0.));
#940 = PLANE('',#941);
#941 = AXIS2_PLACEMENT_3D('',#942,#943,#944);
#942 = CARTESIAN_POINT('',(0.8,1.355,0.6));
#943 = DIRECTION('',(-1.,-1.110223024625E-16,0.));
#944 = DIRECTION('',(1.110223024625E-16,-1.,0.));
#945 = ADVANCED_FACE('',(#946),#963,.F.);
#946 = FACE_BOUND('',#947,.F.);
#947 = EDGE_LOOP('',(#948,#949,#950,#958));
#948 = ORIENTED_EDGE('',*,*,#419,.T.);
#949 = ORIENTED_EDGE('',*,*,#607,.T.);
#950 = ORIENTED_EDGE('',*,*,#951,.F.);
#951 = EDGE_CURVE('',#952,#608,#954,.T.);
#952 = VERTEX_POINT('',#953);
#953 = CARTESIAN_POINT('',(-0.705,-1.45,0.6));
#954 = LINE('',#955,#956);
#955 = CARTESIAN_POINT('',(-0.705,-1.45,0.6));
#956 = VECTOR('',#957,1.);
#957 = DIRECTION('',(-0.707106781187,0.707106781187,0.));
#958 = ORIENTED_EDGE('',*,*,#959,.F.);
#959 = EDGE_CURVE('',#420,#952,#960,.T.);
#960 = B_SPLINE_CURVE_WITH_KNOTS('',1,(#961,#962),.UNSPECIFIED.,.F.,.F.,
  (2,2),(0.,1.),.PIECEWISE_BEZIER_KNOTS.);
#961 = CARTESIAN_POINT('',(-0.705,-1.45,0.45));
#962 = CARTESIAN_POINT('',(-0.705,-1.45,0.6));
#963 = PLANE('',#964);
#964 = AXIS2_PLACEMENT_3D('',#965,#966,#967);
#965 = CARTESIAN_POINT('',(-0.705,-1.45,0.6));
#966 = DIRECTION('',(0.707106781187,0.707106781187,0.));
#967 = DIRECTION('',(-0.707106781187,0.707106781187,0.));
#968 = ADVANCED_FACE('',(#969),#986,.F.);
#969 = FACE_BOUND('',#970,.F.);
#970 = EDGE_LOOP('',(#971,#972,#979,#985));
#971 = ORIENTED_EDGE('',*,*,#448,.T.);
#972 = ORIENTED_EDGE('',*,*,#973,.T.);
#973 = EDGE_CURVE('',#442,#974,#976,.T.);
#974 = VERTEX_POINT('',#975);
#975 = CARTESIAN_POINT('',(0.705,-1.45,0.6));
#976 = B_SPLINE_CURVE_WITH_KNOTS('',1,(#977,#978),.UNSPECIFIED.,.F.,.F.,
  (2,2),(0.,1.),.PIECEWISE_BEZIER_KNOTS.);
#977 = CARTESIAN_POINT('',(0.705,-1.45,0.45));
#978 = CARTESIAN_POINT('',(0.705,-1.45,0.6));
#979 = ORIENTED_EDGE('',*,*,#980,.F.);
#980 = EDGE_CURVE('',#929,#974,#981,.T.);
#981 = LINE('',#982,#983);
#982 = CARTESIAN_POINT('',(0.8,-1.355,0.6));
#983 = VECTOR('',#984,1.);
#984 = DIRECTION('',(-0.707106781187,-0.707106781187,0.));
#985 = ORIENTED_EDGE('',*,*,#928,.F.);
#986 = PLANE('',#987);
#987 = AXIS2_PLACEMENT_3D('',#988,#989,#990);
#988 = CARTESIAN_POINT('',(0.8,-1.355,0.6));
#989 = DIRECTION('',(-0.707106781187,0.707106781187,0.));
#990 = DIRECTION('',(-0.707106781187,-0.707106781187,0.));
#991 = ADVANCED_FACE('',(#992),#1003,.F.);
#992 = FACE_BOUND('',#993,.F.);
#993 = EDGE_LOOP('',(#994,#995,#996,#1002));
#994 = ORIENTED_EDGE('',*,*,#465,.T.);
#995 = ORIENTED_EDGE('',*,*,#959,.T.);
#996 = ORIENTED_EDGE('',*,*,#997,.F.);
#997 = EDGE_CURVE('',#974,#952,#998,.T.);
#998 = LINE('',#999,#1000);
#999 = CARTESIAN_POINT('',(0.705,-1.45,0.6));
#1000 = VECTOR('',#1001,1.);
#1001 = DIRECTION('',(-1.,-1.110223024625E-16,0.));
#1002 = ORIENTED_EDGE('',*,*,#973,.F.);
#1003 = PLANE('',#1004);
#1004 = AXIS2_PLACEMENT_3D('',#1005,#1006,#1007);
#1005 = CARTESIAN_POINT('',(0.705,-1.45,0.6));
#1006 = DIRECTION('',(-1.110223024625E-16,1.,0.));
#1007 = DIRECTION('',(-1.,-1.110223024625E-16,0.));
#1008 = ADVANCED_FACE('',(#1009),#1048,.F.);
#1009 = FACE_BOUND('',#1010,.F.);
#1010 = EDGE_LOOP('',(#1011,#1019,#1027,#1033,#1034,#1042));
#1011 = ORIENTED_EDGE('',*,*,#1012,.F.);
#1012 = EDGE_CURVE('',#1013,#740,#1015,.T.);
#1013 = VERTEX_POINT('',#1014);
#1014 = CARTESIAN_POINT('',(-0.85,0.775,0.6));
#1015 = LINE('',#1016,#1017);
#1016 = CARTESIAN_POINT('',(-0.85,0.775,0.6));
#1017 = VECTOR('',#1018,1.);
#1018 = DIRECTION('',(1.,-1.144237745222E-17,0.));
#1019 = ORIENTED_EDGE('',*,*,#1020,.T.);
#1020 = EDGE_CURVE('',#1013,#1021,#1023,.T.);
#1021 = VERTEX_POINT('',#1022);
#1022 = CARTESIAN_POINT('',(-0.85,1.125,0.6));
#1023 = LINE('',#1024,#1025);
#1024 = CARTESIAN_POINT('',(-0.85,0.775,0.6));
#1025 = VECTOR('',#1026,1.);
#1026 = DIRECTION('',(1.144237745222E-17,1.,0.));
#1027 = ORIENTED_EDGE('',*,*,#1028,.T.);
#1028 = EDGE_CURVE('',#1021,#570,#1029,.T.);
#1029 = LINE('',#1030,#1031);
#1030 = CARTESIAN_POINT('',(-0.85,1.125,0.6));
#1031 = VECTOR('',#1032,1.);
#1032 = DIRECTION('',(1.,-1.144237745222E-17,0.));
#1033 = ORIENTED_EDGE('',*,*,#569,.T.);
#1034 = ORIENTED_EDGE('',*,*,#1035,.F.);
#1035 = EDGE_CURVE('',#1036,#562,#1038,.T.);
#1036 = VERTEX_POINT('',#1037);
#1037 = CARTESIAN_POINT('',(-0.775,0.775,0.6));
#1038 = LINE('',#1039,#1040);
#1039 = CARTESIAN_POINT('',(-0.775,-1.3425,0.6));
#1040 = VECTOR('',#1041,1.);
#1041 = DIRECTION('',(-1.110223024625E-16,1.,0.));
#1042 = ORIENTED_EDGE('',*,*,#1043,.F.);
#1043 = EDGE_CURVE('',#740,#1036,#1044,.T.);
#1044 = LINE('',#1045,#1046);
#1045 = CARTESIAN_POINT('',(-0.85,0.775,0.6));
#1046 = VECTOR('',#1047,1.);
#1047 = DIRECTION('',(1.,-1.144237745222E-17,0.));
#1048 = PLANE('',#1049);
#1049 = AXIS2_PLACEMENT_3D('',#1050,#1051,#1052);
#1050 = CARTESIAN_POINT('',(-0.85,0.775,0.6));
#1051 = DIRECTION('',(0.,0.,-1.));
#1052 = DIRECTION('',(1.,-1.144237745222E-17,0.));
#1053 = ADVANCED_FACE('',(#1054),#1118,.F.);
#1054 = FACE_BOUND('',#1055,.F.);
#1055 = EDGE_LOOP('',(#1056,#1066,#1074,#1082,#1090,#1096,#1097,#1098,
    #1105,#1113));
#1056 = ORIENTED_EDGE('',*,*,#1057,.T.);
#1057 = EDGE_CURVE('',#1058,#1060,#1062,.T.);
#1058 = VERTEX_POINT('',#1059);
#1059 = CARTESIAN_POINT('',(-0.775,-1.3425,0.6));
#1060 = VERTEX_POINT('',#1061);
#1061 = CARTESIAN_POINT('',(-0.775,-1.125,0.6));
#1062 = LINE('',#1063,#1064);
#1063 = CARTESIAN_POINT('',(-0.775,-1.3425,0.6));
#1064 = VECTOR('',#1065,1.);
#1065 = DIRECTION('',(-1.110223024625E-16,1.,0.));
#1066 = ORIENTED_EDGE('',*,*,#1067,.T.);
#1067 = EDGE_CURVE('',#1060,#1068,#1070,.T.);
#1068 = VERTEX_POINT('',#1069);
#1069 = CARTESIAN_POINT('',(-0.775,-0.775,0.6));
#1070 = LINE('',#1071,#1072);
#1071 = CARTESIAN_POINT('',(-0.775,-1.3425,0.6));
#1072 = VECTOR('',#1073,1.);
#1073 = DIRECTION('',(-1.110223024625E-16,1.,0.));
#1074 = ORIENTED_EDGE('',*,*,#1075,.T.);
#1075 = EDGE_CURVE('',#1068,#1076,#1078,.T.);
#1076 = VERTEX_POINT('',#1077);
#1077 = CARTESIAN_POINT('',(-0.775,-0.175,0.6));
#1078 = LINE('',#1079,#1080);
#1079 = CARTESIAN_POINT('',(-0.775,-1.3425,0.6));
#1080 = VECTOR('',#1081,1.);
#1081 = DIRECTION('',(-1.110223024625E-16,1.,0.));
#1082 = ORIENTED_EDGE('',*,*,#1083,.T.);
#1083 = EDGE_CURVE('',#1076,#1084,#1086,.T.);
#1084 = VERTEX_POINT('',#1085);
#1085 = CARTESIAN_POINT('',(-0.775,0.175,0.6));
#1086 = LINE('',#1087,#1088);
#1087 = CARTESIAN_POINT('',(-0.775,-1.3425,0.6));
#1088 = VECTOR('',#1089,1.);
#1089 = DIRECTION('',(-1.110223024625E-16,1.,0.));
#1090 = ORIENTED_EDGE('',*,*,#1091,.T.);
#1091 = EDGE_CURVE('',#1084,#1036,#1092,.T.);
#1092 = LINE('',#1093,#1094);
#1093 = CARTESIAN_POINT('',(-0.775,-1.3425,0.6));
#1094 = VECTOR('',#1095,1.);
#1095 = DIRECTION('',(-1.110223024625E-16,1.,0.));
#1096 = ORIENTED_EDGE('',*,*,#1035,.T.);
#1097 = ORIENTED_EDGE('',*,*,#561,.T.);
#1098 = ORIENTED_EDGE('',*,*,#1099,.T.);
#1099 = EDGE_CURVE('',#554,#1100,#1102,.T.);
#1100 = VERTEX_POINT('',#1101);
#1101 = CARTESIAN_POINT('',(-0.725810707854,1.317905353927,0.95));
#1102 = B_SPLINE_CURVE_WITH_KNOTS('',1,(#1103,#1104),.UNSPECIFIED.,.F.,
  .F.,(2,2),(0.,1.),.PIECEWISE_BEZIER_KNOTS.);
#1103 = CARTESIAN_POINT('',(-0.775,1.3425,0.6));
#1104 = CARTESIAN_POINT('',(-0.725810707854,1.317905353927,0.95));
#1105 = ORIENTED_EDGE('',*,*,#1106,.F.);
#1106 = EDGE_CURVE('',#1107,#1100,#1109,.T.);
#1107 = VERTEX_POINT('',#1108);
#1108 = CARTESIAN_POINT('',(-0.725810707854,-1.317905353927,0.95));
#1109 = LINE('',#1110,#1111);
#1110 = CARTESIAN_POINT('',(-0.725810707854,-1.317905353927,0.95));
#1111 = VECTOR('',#1112,1.);
#1112 = DIRECTION('',(-1.110223024625E-16,1.,0.));
#1113 = ORIENTED_EDGE('',*,*,#1114,.F.);
#1114 = EDGE_CURVE('',#1058,#1107,#1115,.T.);
#1115 = B_SPLINE_CURVE_WITH_KNOTS('',1,(#1116,#1117),.UNSPECIFIED.,.F.,
  .F.,(2,2),(0.,1.),.PIECEWISE_BEZIER_KNOTS.);
#1116 = CARTESIAN_POINT('',(-0.775,-1.3425,0.6));
#1117 = CARTESIAN_POINT('',(-0.725810707854,-1.317905353927,0.95));
#1118 = B_SPLINE_SURFACE_WITH_KNOTS('',1,1,(
    (#1119,#1120)
    ,(#1121,#1122
    )),.UNSPECIFIED.,.F.,.F.,.F.,(2,2),(2,2),(0.,2.685),(0.,1.),
  .PIECEWISE_BEZIER_KNOTS.);
#1119 = CARTESIAN_POINT('',(-0.775,-1.3425,0.6));
#1120 = CARTESIAN_POINT('',(-0.725810707854,-1.317905353927,0.95));
#1121 = CARTESIAN_POINT('',(-0.775,1.3425,0.6));
#1122 = CARTESIAN_POINT('',(-0.725810707854,1.317905353927,0.95));
#1123 = ADVANCED_FACE('',(#1124),#1141,.F.);
#1124 = FACE_BOUND('',#1125,.F.);
#1125 = EDGE_LOOP('',(#1126,#1127,#1134,#1140));
#1126 = ORIENTED_EDGE('',*,*,#553,.T.);
#1127 = ORIENTED_EDGE('',*,*,#1128,.T.);
#1128 = EDGE_CURVE('',#546,#1129,#1131,.T.);
#1129 = VERTEX_POINT('',#1130);
#1130 = CARTESIAN_POINT('',(-0.667905353927,1.375810707854,0.95));
#1131 = B_SPLINE_CURVE_WITH_KNOTS('',1,(#1132,#1133),.UNSPECIFIED.,.F.,
  .F.,(2,2),(0.,1.),.PIECEWISE_BEZIER_KNOTS.);
#1132 = CARTESIAN_POINT('',(-0.6925,1.425,0.6));
#1133 = CARTESIAN_POINT('',(-0.667905353927,1.375810707854,0.95));
#1134 = ORIENTED_EDGE('',*,*,#1135,.F.);
#1135 = EDGE_CURVE('',#1100,#1129,#1136,.T.);
#1136 = LINE('',#1137,#1138);
#1137 = CARTESIAN_POINT('',(-0.725810707854,1.317905353927,0.95));
#1138 = VECTOR('',#1139,1.);
#1139 = DIRECTION('',(0.707106781187,0.707106781187,0.));
#1140 = ORIENTED_EDGE('',*,*,#1099,.F.);
#1141 = B_SPLINE_SURFACE_WITH_KNOTS('',1,1,(
    (#1142,#1143)
    ,(#1144,#1145
    )),.UNSPECIFIED.,.F.,.F.,.F.,(2,2),(2,2),(0.,0.116672618896),(0.,1.)
  ,.PIECEWISE_BEZIER_KNOTS.);
#1142 = CARTESIAN_POINT('',(-0.775,1.3425,0.6));
#1143 = CARTESIAN_POINT('',(-0.725810707854,1.317905353927,0.95));
#1144 = CARTESIAN_POINT('',(-0.6925,1.425,0.6));
#1145 = CARTESIAN_POINT('',(-0.667905353927,1.375810707854,0.95));
#1146 = ADVANCED_FACE('',(#1147),#1164,.F.);
#1147 = FACE_BOUND('',#1148,.F.);
#1148 = EDGE_LOOP('',(#1149,#1150,#1157,#1163));
#1149 = ORIENTED_EDGE('',*,*,#545,.T.);
#1150 = ORIENTED_EDGE('',*,*,#1151,.T.);
#1151 = EDGE_CURVE('',#538,#1152,#1154,.T.);
#1152 = VERTEX_POINT('',#1153);
#1153 = CARTESIAN_POINT('',(0.667905353927,1.375810707854,0.95));
#1154 = B_SPLINE_CURVE_WITH_KNOTS('',1,(#1155,#1156),.UNSPECIFIED.,.F.,
  .F.,(2,2),(0.,1.),.PIECEWISE_BEZIER_KNOTS.);
#1155 = CARTESIAN_POINT('',(0.6925,1.425,0.6));
#1156 = CARTESIAN_POINT('',(0.667905353927,1.375810707854,0.95));
#1157 = ORIENTED_EDGE('',*,*,#1158,.F.);
#1158 = EDGE_CURVE('',#1129,#1152,#1159,.T.);
#1159 = LINE('',#1160,#1161);
#1160 = CARTESIAN_POINT('',(-0.667905353927,1.375810707854,0.95));
#1161 = VECTOR('',#1162,1.);
#1162 = DIRECTION('',(1.,1.110223024625E-16,0.));
#1163 = ORIENTED_EDGE('',*,*,#1128,.F.);
#1164 = B_SPLINE_SURFACE_WITH_KNOTS('',1,1,(
    (#1165,#1166)
    ,(#1167,#1168
    )),.UNSPECIFIED.,.F.,.F.,.F.,(2,2),(2,2),(0.,1.385),(0.,1.),
  .PIECEWISE_BEZIER_KNOTS.);
#1165 = CARTESIAN_POINT('',(-0.6925,1.425,0.6));
#1166 = CARTESIAN_POINT('',(-0.667905353927,1.375810707854,0.95));
#1167 = CARTESIAN_POINT('',(0.6925,1.425,0.6));
#1168 = CARTESIAN_POINT('',(0.667905353927,1.375810707854,0.95));
#1169 = ADVANCED_FACE('',(#1170),#1187,.F.);
#1170 = FACE_BOUND('',#1171,.F.);
#1171 = EDGE_LOOP('',(#1172,#1173,#1180,#1186));
#1172 = ORIENTED_EDGE('',*,*,#537,.T.);
#1173 = ORIENTED_EDGE('',*,*,#1174,.T.);
#1174 = EDGE_CURVE('',#530,#1175,#1177,.T.);
#1175 = VERTEX_POINT('',#1176);
#1176 = CARTESIAN_POINT('',(0.725810707854,1.317905353927,0.95));
#1177 = B_SPLINE_CURVE_WITH_KNOTS('',1,(#1178,#1179),.UNSPECIFIED.,.F.,
  .F.,(2,2),(0.,1.),.PIECEWISE_BEZIER_KNOTS.);
#1178 = CARTESIAN_POINT('',(0.775,1.3425,0.6));
#1179 = CARTESIAN_POINT('',(0.725810707854,1.317905353927,0.95));
#1180 = ORIENTED_EDGE('',*,*,#1181,.F.);
#1181 = EDGE_CURVE('',#1152,#1175,#1182,.T.);
#1182 = LINE('',#1183,#1184);
#1183 = CARTESIAN_POINT('',(0.667905353927,1.375810707854,0.95));
#1184 = VECTOR('',#1185,1.);
#1185 = DIRECTION('',(0.707106781187,-0.707106781187,0.));
#1186 = ORIENTED_EDGE('',*,*,#1151,.F.);
#1187 = B_SPLINE_SURFACE_WITH_KNOTS('',1,1,(
    (#1188,#1189)
    ,(#1190,#1191
    )),.UNSPECIFIED.,.F.,.F.,.F.,(2,2),(2,2),(0.,0.116672618896),(0.,1.)
  ,.PIECEWISE_BEZIER_KNOTS.);
#1188 = CARTESIAN_POINT('',(0.6925,1.425,0.6));
#1189 = CARTESIAN_POINT('',(0.667905353927,1.375810707854,0.95));
#1190 = CARTESIAN_POINT('',(0.775,1.3425,0.6));
#1191 = CARTESIAN_POINT('',(0.725810707854,1.317905353927,0.95));
#1192 = ADVANCED_FACE('',(#1193),#1242,.F.);
#1193 = FACE_BOUND('',#1194,.F.);
#1194 = EDGE_LOOP('',(#1195,#1196,#1204,#1212,#1220,#1228,#1235,#1241));
#1195 = ORIENTED_EDGE('',*,*,#529,.T.);
#1196 = ORIENTED_EDGE('',*,*,#1197,.T.);
#1197 = EDGE_CURVE('',#522,#1198,#1200,.T.);
#1198 = VERTEX_POINT('',#1199);
#1199 = CARTESIAN_POINT('',(0.775,0.775,0.6));
#1200 = LINE('',#1201,#1202);
#1201 = CARTESIAN_POINT('',(0.775,1.3425,0.6));
#1202 = VECTOR('',#1203,1.);
#1203 = DIRECTION('',(1.110223024625E-16,-1.,0.));
#1204 = ORIENTED_EDGE('',*,*,#1205,.T.);
#1205 = EDGE_CURVE('',#1198,#1206,#1208,.T.);
#1206 = VERTEX_POINT('',#1207);
#1207 = CARTESIAN_POINT('',(0.775,-0.775,0.6));
#1208 = LINE('',#1209,#1210);
#1209 = CARTESIAN_POINT('',(0.775,1.3425,0.6));
#1210 = VECTOR('',#1211,1.);
#1211 = DIRECTION('',(1.110223024625E-16,-1.,0.));
#1212 = ORIENTED_EDGE('',*,*,#1213,.T.);
#1213 = EDGE_CURVE('',#1206,#1214,#1216,.T.);
#1214 = VERTEX_POINT('',#1215);
#1215 = CARTESIAN_POINT('',(0.775,-1.125,0.6));
#1216 = LINE('',#1217,#1218);
#1217 = CARTESIAN_POINT('',(0.775,1.3425,0.6));
#1218 = VECTOR('',#1219,1.);
#1219 = DIRECTION('',(1.110223024625E-16,-1.,0.));
#1220 = ORIENTED_EDGE('',*,*,#1221,.T.);
#1221 = EDGE_CURVE('',#1214,#1222,#1224,.T.);
#1222 = VERTEX_POINT('',#1223);
#1223 = CARTESIAN_POINT('',(0.775,-1.3425,0.6));
#1224 = LINE('',#1225,#1226);
#1225 = CARTESIAN_POINT('',(0.775,1.3425,0.6));
#1226 = VECTOR('',#1227,1.);
#1227 = DIRECTION('',(1.110223024625E-16,-1.,0.));
#1228 = ORIENTED_EDGE('',*,*,#1229,.T.);
#1229 = EDGE_CURVE('',#1222,#1230,#1232,.T.);
#1230 = VERTEX_POINT('',#1231);
#1231 = CARTESIAN_POINT('',(0.725810707854,-1.317905353927,0.95));
#1232 = B_SPLINE_CURVE_WITH_KNOTS('',1,(#1233,#1234),.UNSPECIFIED.,.F.,
  .F.,(2,2),(0.,1.),.PIECEWISE_BEZIER_KNOTS.);
#1233 = CARTESIAN_POINT('',(0.775,-1.3425,0.6));
#1234 = CARTESIAN_POINT('',(0.725810707854,-1.317905353927,0.95));
#1235 = ORIENTED_EDGE('',*,*,#1236,.F.);
#1236 = EDGE_CURVE('',#1175,#1230,#1237,.T.);
#1237 = LINE('',#1238,#1239);
#1238 = CARTESIAN_POINT('',(0.725810707854,1.317905353927,0.95));
#1239 = VECTOR('',#1240,1.);
#1240 = DIRECTION('',(1.110223024625E-16,-1.,0.));
#1241 = ORIENTED_EDGE('',*,*,#1174,.F.);
#1242 = B_SPLINE_SURFACE_WITH_KNOTS('',1,1,(
    (#1243,#1244)
    ,(#1245,#1246
    )),.UNSPECIFIED.,.F.,.F.,.F.,(2,2),(2,2),(0.,2.685),(0.,1.),
  .PIECEWISE_BEZIER_KNOTS.);
#1243 = CARTESIAN_POINT('',(0.775,1.3425,0.6));
#1244 = CARTESIAN_POINT('',(0.725810707854,1.317905353927,0.95));
#1245 = CARTESIAN_POINT('',(0.775,-1.3425,0.6));
#1246 = CARTESIAN_POINT('',(0.725810707854,-1.317905353927,0.95));
#1247 = ADVANCED_FACE('',(#1248),#1280,.F.);
#1248 = FACE_BOUND('',#1249,.F.);
#1249 = EDGE_LOOP('',(#1250,#1258,#1266,#1272,#1278,#1279));
#1250 = ORIENTED_EDGE('',*,*,#1251,.F.);
#1251 = EDGE_CURVE('',#1252,#514,#1254,.T.);
#1252 = VERTEX_POINT('',#1253);
#1253 = CARTESIAN_POINT('',(0.85,1.125,0.6));
#1254 = LINE('',#1255,#1256);
#1255 = CARTESIAN_POINT('',(0.85,1.125,0.6));
#1256 = VECTOR('',#1257,1.);
#1257 = DIRECTION('',(-1.,-1.110223024625E-16,0.));
#1258 = ORIENTED_EDGE('',*,*,#1259,.T.);
#1259 = EDGE_CURVE('',#1252,#1260,#1262,.T.);
#1260 = VERTEX_POINT('',#1261);
#1261 = CARTESIAN_POINT('',(0.85,0.775,0.6));
#1262 = LINE('',#1263,#1264);
#1263 = CARTESIAN_POINT('',(0.85,1.125,0.6));
#1264 = VECTOR('',#1265,1.);
#1265 = DIRECTION('',(1.110223024625E-16,-1.,0.));
#1266 = ORIENTED_EDGE('',*,*,#1267,.T.);
#1267 = EDGE_CURVE('',#1260,#858,#1268,.T.);
#1268 = LINE('',#1269,#1270);
#1269 = CARTESIAN_POINT('',(0.85,0.775,0.6));
#1270 = VECTOR('',#1271,1.);
#1271 = DIRECTION('',(-1.,-1.110223024625E-16,0.));
#1272 = ORIENTED_EDGE('',*,*,#1273,.T.);
#1273 = EDGE_CURVE('',#858,#1198,#1274,.T.);
#1274 = LINE('',#1275,#1276);
#1275 = CARTESIAN_POINT('',(0.85,0.775,0.6));
#1276 = VECTOR('',#1277,1.);
#1277 = DIRECTION('',(-1.,-1.110223024625E-16,0.));
#1278 = ORIENTED_EDGE('',*,*,#1197,.F.);
#1279 = ORIENTED_EDGE('',*,*,#521,.F.);
#1280 = PLANE('',#1281);
#1281 = AXIS2_PLACEMENT_3D('',#1282,#1283,#1284);
#1282 = CARTESIAN_POINT('',(0.85,1.125,0.6));
#1283 = DIRECTION('',(0.,0.,-1.));
#1284 = DIRECTION('',(-1.,-1.110223024625E-16,-0.));
#1285 = ADVANCED_FACE('',(#1286),#1329,.F.);
#1286 = FACE_BOUND('',#1287,.F.);
#1287 = EDGE_LOOP('',(#1288,#1294,#1295,#1296,#1297,#1298,#1299,#1305,
    #1306,#1314,#1322,#1328));
#1288 = ORIENTED_EDGE('',*,*,#1289,.F.);
#1289 = EDGE_CURVE('',#920,#1214,#1290,.T.);
#1290 = LINE('',#1291,#1292);
#1291 = CARTESIAN_POINT('',(0.85,-1.125,0.6));
#1292 = VECTOR('',#1293,1.);
#1293 = DIRECTION('',(-1.,-1.110223024625E-16,0.));
#1294 = ORIENTED_EDGE('',*,*,#935,.T.);
#1295 = ORIENTED_EDGE('',*,*,#980,.T.);
#1296 = ORIENTED_EDGE('',*,*,#997,.T.);
#1297 = ORIENTED_EDGE('',*,*,#951,.T.);
#1298 = ORIENTED_EDGE('',*,*,#623,.T.);
#1299 = ORIENTED_EDGE('',*,*,#1300,.T.);
#1300 = EDGE_CURVE('',#616,#1060,#1301,.T.);
#1301 = LINE('',#1302,#1303);
#1302 = CARTESIAN_POINT('',(-0.85,-1.125,0.6));
#1303 = VECTOR('',#1304,1.);
#1304 = DIRECTION('',(1.,-1.144237745222E-17,0.));
#1305 = ORIENTED_EDGE('',*,*,#1057,.F.);
#1306 = ORIENTED_EDGE('',*,*,#1307,.F.);
#1307 = EDGE_CURVE('',#1308,#1058,#1310,.T.);
#1308 = VERTEX_POINT('',#1309);
#1309 = CARTESIAN_POINT('',(-0.6925,-1.425,0.6));
#1310 = LINE('',#1311,#1312);
#1311 = CARTESIAN_POINT('',(-0.6925,-1.425,0.6));
#1312 = VECTOR('',#1313,1.);
#1313 = DIRECTION('',(-0.707106781187,0.707106781187,0.));
#1314 = ORIENTED_EDGE('',*,*,#1315,.F.);
#1315 = EDGE_CURVE('',#1316,#1308,#1318,.T.);
#1316 = VERTEX_POINT('',#1317);
#1317 = CARTESIAN_POINT('',(0.6925,-1.425,0.6));
#1318 = LINE('',#1319,#1320);
#1319 = CARTESIAN_POINT('',(0.6925,-1.425,0.6));
#1320 = VECTOR('',#1321,1.);
#1321 = DIRECTION('',(-1.,-1.110223024625E-16,0.));
#1322 = ORIENTED_EDGE('',*,*,#1323,.F.);
#1323 = EDGE_CURVE('',#1222,#1316,#1324,.T.);
#1324 = LINE('',#1325,#1326);
#1325 = CARTESIAN_POINT('',(0.775,-1.3425,0.6));
#1326 = VECTOR('',#1327,1.);
#1327 = DIRECTION('',(-0.707106781187,-0.707106781187,0.));
#1328 = ORIENTED_EDGE('',*,*,#1221,.F.);
#1329 = PLANE('',#1330);
#1330 = AXIS2_PLACEMENT_3D('',#1331,#1332,#1333);
#1331 = CARTESIAN_POINT('',(-2.091417030376E-16,1.4375,0.6));
#1332 = DIRECTION('',(2.888762391192E-17,8.634073551009E-28,-1.));
#1333 = DIRECTION('',(1.,1.51922136901E-16,2.888762391192E-17));
#1334 = ADVANCED_FACE('',(#1335),#1421,.F.);
#1335 = FACE_BOUND('',#1336,.F.);
#1336 = EDGE_LOOP('',(#1337,#1338,#1339,#1348,#1356,#1365,#1373,#1381,
    #1389,#1398,#1406,#1415));
#1337 = ORIENTED_EDGE('',*,*,#615,.F.);
#1338 = ORIENTED_EDGE('',*,*,#637,.T.);
#1339 = ORIENTED_EDGE('',*,*,#1340,.T.);
#1340 = EDGE_CURVE('',#638,#1341,#1343,.T.);
#1341 = VERTEX_POINT('',#1342);
#1342 = CARTESIAN_POINT('',(-0.948480775301,-1.125,0.367364817767));
#1343 = CIRCLE('',#1344,0.1);
#1344 = AXIS2_PLACEMENT_3D('',#1345,#1346,#1347);
#1345 = CARTESIAN_POINT('',(-0.85,-1.125,0.35));
#1346 = DIRECTION('',(-1.144237745222E-17,-1.,0.));
#1347 = DIRECTION('',(0.,0.,1.));
#1348 = ORIENTED_EDGE('',*,*,#1349,.T.);
#1349 = EDGE_CURVE('',#1341,#1350,#1352,.T.);
#1350 = VERTEX_POINT('',#1351);
#1351 = CARTESIAN_POINT('',(-0.971430759818,-1.125,0.206587955583));
#1352 = LINE('',#1353,#1354);
#1353 = CARTESIAN_POINT('',(-0.948480775301,-1.125,0.367364817767));
#1354 = VECTOR('',#1355,1.);
#1355 = DIRECTION('',(-0.14131190243,1.616944126098E-18,-0.989965123745)
  );
#1356 = ORIENTED_EDGE('',*,*,#1357,.T.);
#1357 = EDGE_CURVE('',#1350,#1358,#1360,.T.);
#1358 = VERTEX_POINT('',#1359);
#1359 = CARTESIAN_POINT('',(-1.217632698071,-1.125,5.551115123126E-17));
#1360 = CIRCLE('',#1361,0.25);
#1361 = AXIS2_PLACEMENT_3D('',#1362,#1363,#1364);
#1362 = CARTESIAN_POINT('',(-1.217632698071,-1.125,0.25));
#1363 = DIRECTION('',(1.144237745222E-17,1.,3.851859888774E-34));
#1364 = DIRECTION('',(0.984807753012,-1.126854202784E-17,-0.173648177667
    ));
#1365 = ORIENTED_EDGE('',*,*,#1366,.T.);
#1366 = EDGE_CURVE('',#1358,#1367,#1369,.T.);
#1367 = VERTEX_POINT('',#1368);
#1368 = CARTESIAN_POINT('',(-1.4,-1.125,5.551115123126E-17));
#1369 = LINE('',#1370,#1371);
#1370 = CARTESIAN_POINT('',(-1.217632698071,-1.125,5.551115123126E-17));
#1371 = VECTOR('',#1372,1.);
#1372 = DIRECTION('',(-1.,1.144237745222E-17,0.));
#1373 = ORIENTED_EDGE('',*,*,#1374,.T.);
#1374 = EDGE_CURVE('',#1367,#1375,#1377,.T.);
#1375 = VERTEX_POINT('',#1376);
#1376 = CARTESIAN_POINT('',(-1.4,-1.125,0.15));
#1377 = LINE('',#1378,#1379);
#1378 = CARTESIAN_POINT('',(-1.4,-1.125,5.551115123126E-17));
#1379 = VECTOR('',#1380,1.);
#1380 = DIRECTION('',(0.,0.,1.));
#1381 = ORIENTED_EDGE('',*,*,#1382,.T.);
#1382 = EDGE_CURVE('',#1375,#1383,#1385,.T.);
#1383 = VERTEX_POINT('',#1384);
#1384 = CARTESIAN_POINT('',(-1.217632698071,-1.125,0.15));
#1385 = LINE('',#1386,#1387);
#1386 = CARTESIAN_POINT('',(-1.4,-1.125,0.15));
#1387 = VECTOR('',#1388,1.);
#1388 = DIRECTION('',(1.,-1.144237745222E-17,0.));
#1389 = ORIENTED_EDGE('',*,*,#1390,.T.);
#1390 = EDGE_CURVE('',#1383,#1391,#1393,.T.);
#1391 = VERTEX_POINT('',#1392);
#1392 = CARTESIAN_POINT('',(-1.11915192277,-1.125,0.232635182233));
#1393 = CIRCLE('',#1394,0.1);
#1394 = AXIS2_PLACEMENT_3D('',#1395,#1396,#1397);
#1395 = CARTESIAN_POINT('',(-1.217632698071,-1.125,0.25));
#1396 = DIRECTION('',(-1.144237745222E-17,-1.,1.094764425254E-47));
#1397 = DIRECTION('',(-2.22044604925E-15,2.540718180781E-32,-1.));
#1398 = ORIENTED_EDGE('',*,*,#1399,.T.);
#1399 = EDGE_CURVE('',#1391,#1400,#1402,.T.);
#1400 = VERTEX_POINT('',#1401);
#1401 = CARTESIAN_POINT('',(-1.096201938253,-1.125,0.393412044417));
#1402 = LINE('',#1403,#1404);
#1403 = CARTESIAN_POINT('',(-1.11915192277,-1.125,0.232635182233));
#1404 = VECTOR('',#1405,1.);
#1405 = DIRECTION('',(0.14131190243,-1.616944126098E-18,0.989965123745)
  );
#1406 = ORIENTED_EDGE('',*,*,#1407,.T.);
#1407 = EDGE_CURVE('',#1400,#1408,#1410,.T.);
#1408 = VERTEX_POINT('',#1409);
#1409 = CARTESIAN_POINT('',(-0.85,-1.125,0.6));
#1410 = CIRCLE('',#1411,0.25);
#1411 = AXIS2_PLACEMENT_3D('',#1412,#1413,#1414);
#1412 = CARTESIAN_POINT('',(-0.85,-1.125,0.35));
#1413 = DIRECTION('',(1.144237745222E-17,1.,0.));
#1414 = DIRECTION('',(-0.984807753012,1.126854202784E-17,0.173648177667)
  );
#1415 = ORIENTED_EDGE('',*,*,#1416,.T.);
#1416 = EDGE_CURVE('',#1408,#616,#1417,.T.);
#1417 = LINE('',#1418,#1419);
#1418 = CARTESIAN_POINT('',(-0.85,-1.125,0.6));
#1419 = VECTOR('',#1420,1.);
#1420 = DIRECTION('',(1.,-1.144237745222E-17,0.));
#1421 = PLANE('',#1422);
#1422 = AXIS2_PLACEMENT_3D('',#1423,#1424,#1425);
#1423 = CARTESIAN_POINT('',(-1.064349127789,-1.125,0.282825311951));
#1424 = DIRECTION('',(1.144237745222E-17,1.,0.));
#1425 = DIRECTION('',(0.,-0.,1.));
#1426 = ADVANCED_FACE('',(#1427),#1446,.F.);
#1427 = FACE_BOUND('',#1428,.F.);
#1428 = EDGE_LOOP('',(#1429,#1430,#1439,#1445));
#1429 = ORIENTED_EDGE('',*,*,#654,.T.);
#1430 = ORIENTED_EDGE('',*,*,#1431,.T.);
#1431 = EDGE_CURVE('',#647,#1432,#1434,.T.);
#1432 = VERTEX_POINT('',#1433);
#1433 = CARTESIAN_POINT('',(-0.948480775301,-0.775,0.367364817767));
#1434 = CIRCLE('',#1435,0.1);
#1435 = AXIS2_PLACEMENT_3D('',#1436,#1437,#1438);
#1436 = CARTESIAN_POINT('',(-0.85,-0.775,0.35));
#1437 = DIRECTION('',(-1.144237745222E-17,-1.,0.));
#1438 = DIRECTION('',(0.,0.,1.));
#1439 = ORIENTED_EDGE('',*,*,#1440,.F.);
#1440 = EDGE_CURVE('',#1341,#1432,#1441,.T.);
#1441 = LINE('',#1442,#1443);
#1442 = CARTESIAN_POINT('',(-0.948480775301,-1.125,0.367364817767));
#1443 = VECTOR('',#1444,1.);
#1444 = DIRECTION('',(1.144237745222E-17,1.,0.));
#1445 = ORIENTED_EDGE('',*,*,#1340,.F.);
#1446 = CYLINDRICAL_SURFACE('',#1447,0.1);
#1447 = AXIS2_PLACEMENT_3D('',#1448,#1449,#1450);
#1448 = CARTESIAN_POINT('',(-0.85,-1.125,0.35));
#1449 = DIRECTION('',(-1.144237745222E-17,-1.,0.));
#1450 = DIRECTION('',(0.,0.,1.));
#1451 = ADVANCED_FACE('',(#1452),#1530,.T.);
#1452 = FACE_BOUND('',#1453,.T.);
#1453 = EDGE_LOOP('',(#1454,#1455,#1456,#1457,#1465,#1474,#1482,#1490,
    #1498,#1507,#1515,#1524));
#1454 = ORIENTED_EDGE('',*,*,#668,.F.);
#1455 = ORIENTED_EDGE('',*,*,#646,.T.);
#1456 = ORIENTED_EDGE('',*,*,#1431,.T.);
#1457 = ORIENTED_EDGE('',*,*,#1458,.T.);
#1458 = EDGE_CURVE('',#1432,#1459,#1461,.T.);
#1459 = VERTEX_POINT('',#1460);
#1460 = CARTESIAN_POINT('',(-0.971430759818,-0.775,0.206587955583));
#1461 = LINE('',#1462,#1463);
#1462 = CARTESIAN_POINT('',(-0.948480775301,-0.775,0.367364817767));
#1463 = VECTOR('',#1464,1.);
#1464 = DIRECTION('',(-0.14131190243,1.616944126098E-18,-0.989965123745)
  );
#1465 = ORIENTED_EDGE('',*,*,#1466,.T.);
#1466 = EDGE_CURVE('',#1459,#1467,#1469,.T.);
#1467 = VERTEX_POINT('',#1468);
#1468 = CARTESIAN_POINT('',(-1.217632698071,-0.775,5.551115123126E-17));
#1469 = CIRCLE('',#1470,0.25);
#1470 = AXIS2_PLACEMENT_3D('',#1471,#1472,#1473);
#1471 = CARTESIAN_POINT('',(-1.217632698071,-0.775,0.25));
#1472 = DIRECTION('',(1.144237745222E-17,1.,3.851859888774E-34));
#1473 = DIRECTION('',(0.984807753012,-1.126854202784E-17,-0.173648177667
    ));
#1474 = ORIENTED_EDGE('',*,*,#1475,.T.);
#1475 = EDGE_CURVE('',#1467,#1476,#1478,.T.);
#1476 = VERTEX_POINT('',#1477);
#1477 = CARTESIAN_POINT('',(-1.4,-0.775,5.551115123126E-17));
#1478 = LINE('',#1479,#1480);
#1479 = CARTESIAN_POINT('',(-1.217632698071,-0.775,5.551115123126E-17));
#1480 = VECTOR('',#1481,1.);
#1481 = DIRECTION('',(-1.,1.144237745222E-17,0.));
#1482 = ORIENTED_EDGE('',*,*,#1483,.T.);
#1483 = EDGE_CURVE('',#1476,#1484,#1486,.T.);
#1484 = VERTEX_POINT('',#1485);
#1485 = CARTESIAN_POINT('',(-1.4,-0.775,0.15));
#1486 = LINE('',#1487,#1488);
#1487 = CARTESIAN_POINT('',(-1.4,-0.775,5.551115123126E-17));
#1488 = VECTOR('',#1489,1.);
#1489 = DIRECTION('',(0.,0.,1.));
#1490 = ORIENTED_EDGE('',*,*,#1491,.T.);
#1491 = EDGE_CURVE('',#1484,#1492,#1494,.T.);
#1492 = VERTEX_POINT('',#1493);
#1493 = CARTESIAN_POINT('',(-1.217632698071,-0.775,0.15));
#1494 = LINE('',#1495,#1496);
#1495 = CARTESIAN_POINT('',(-1.4,-0.775,0.15));
#1496 = VECTOR('',#1497,1.);
#1497 = DIRECTION('',(1.,-1.144237745222E-17,0.));
#1498 = ORIENTED_EDGE('',*,*,#1499,.T.);
#1499 = EDGE_CURVE('',#1492,#1500,#1502,.T.);
#1500 = VERTEX_POINT('',#1501);
#1501 = CARTESIAN_POINT('',(-1.11915192277,-0.775,0.232635182233));
#1502 = CIRCLE('',#1503,0.1);
#1503 = AXIS2_PLACEMENT_3D('',#1504,#1505,#1506);
#1504 = CARTESIAN_POINT('',(-1.217632698071,-0.775,0.25));
#1505 = DIRECTION('',(-1.144237745222E-17,-1.,1.094764425254E-47));
#1506 = DIRECTION('',(-2.22044604925E-15,2.540718180781E-32,-1.));
#1507 = ORIENTED_EDGE('',*,*,#1508,.T.);
#1508 = EDGE_CURVE('',#1500,#1509,#1511,.T.);
#1509 = VERTEX_POINT('',#1510);
#1510 = CARTESIAN_POINT('',(-1.096201938253,-0.775,0.393412044417));
#1511 = LINE('',#1512,#1513);
#1512 = CARTESIAN_POINT('',(-1.11915192277,-0.775,0.232635182233));
#1513 = VECTOR('',#1514,1.);
#1514 = DIRECTION('',(0.14131190243,-1.616944126098E-18,0.989965123745)
  );
#1515 = ORIENTED_EDGE('',*,*,#1516,.T.);
#1516 = EDGE_CURVE('',#1509,#1517,#1519,.T.);
#1517 = VERTEX_POINT('',#1518);
#1518 = CARTESIAN_POINT('',(-0.85,-0.775,0.6));
#1519 = CIRCLE('',#1520,0.25);
#1520 = AXIS2_PLACEMENT_3D('',#1521,#1522,#1523);
#1521 = CARTESIAN_POINT('',(-0.85,-0.775,0.35));
#1522 = DIRECTION('',(1.144237745222E-17,1.,0.));
#1523 = DIRECTION('',(-0.984807753012,1.126854202784E-17,0.173648177667)
  );
#1524 = ORIENTED_EDGE('',*,*,#1525,.T.);
#1525 = EDGE_CURVE('',#1517,#669,#1526,.T.);
#1526 = LINE('',#1527,#1528);
#1527 = CARTESIAN_POINT('',(-0.85,-0.775,0.6));
#1528 = VECTOR('',#1529,1.);
#1529 = DIRECTION('',(1.,-1.144237745222E-17,0.));
#1530 = PLANE('',#1531);
#1531 = AXIS2_PLACEMENT_3D('',#1532,#1533,#1534);
#1532 = CARTESIAN_POINT('',(-1.064349127789,-0.775,0.282825311951));
#1533 = DIRECTION('',(1.144237745222E-17,1.,0.));
#1534 = DIRECTION('',(0.,-0.,1.));
#1535 = ADVANCED_FACE('',(#1536),#1552,.F.);
#1536 = FACE_BOUND('',#1537,.F.);
#1537 = EDGE_LOOP('',(#1538,#1539,#1545,#1546));
#1538 = ORIENTED_EDGE('',*,*,#685,.T.);
#1539 = ORIENTED_EDGE('',*,*,#1540,.T.);
#1540 = EDGE_CURVE('',#678,#1076,#1541,.T.);
#1541 = LINE('',#1542,#1543);
#1542 = CARTESIAN_POINT('',(-0.85,-0.175,0.6));
#1543 = VECTOR('',#1544,1.);
#1544 = DIRECTION('',(1.,-1.144237745222E-17,0.));
#1545 = ORIENTED_EDGE('',*,*,#1075,.F.);
#1546 = ORIENTED_EDGE('',*,*,#1547,.F.);
#1547 = EDGE_CURVE('',#669,#1068,#1548,.T.);
#1548 = LINE('',#1549,#1550);
#1549 = CARTESIAN_POINT('',(-0.85,-0.775,0.6));
#1550 = VECTOR('',#1551,1.);
#1551 = DIRECTION('',(1.,-1.144237745222E-17,0.));
#1552 = PLANE('',#1553);
#1553 = AXIS2_PLACEMENT_3D('',#1554,#1555,#1556);
#1554 = CARTESIAN_POINT('',(-2.091417030376E-16,1.4375,0.6));
#1555 = DIRECTION('',(2.888762391192E-17,8.634073551009E-28,-1.));
#1556 = DIRECTION('',(1.,1.51922136901E-16,2.888762391192E-17));
#1557 = ADVANCED_FACE('',(#1558),#1644,.F.);
#1558 = FACE_BOUND('',#1559,.F.);
#1559 = EDGE_LOOP('',(#1560,#1561,#1562,#1571,#1579,#1588,#1596,#1604,
    #1612,#1621,#1629,#1638));
#1560 = ORIENTED_EDGE('',*,*,#677,.F.);
#1561 = ORIENTED_EDGE('',*,*,#699,.T.);
#1562 = ORIENTED_EDGE('',*,*,#1563,.T.);
#1563 = EDGE_CURVE('',#700,#1564,#1566,.T.);
#1564 = VERTEX_POINT('',#1565);
#1565 = CARTESIAN_POINT('',(-0.948480775301,-0.175,0.367364817767));
#1566 = CIRCLE('',#1567,0.1);
#1567 = AXIS2_PLACEMENT_3D('',#1568,#1569,#1570);
#1568 = CARTESIAN_POINT('',(-0.85,-0.175,0.35));
#1569 = DIRECTION('',(-1.144237745222E-17,-1.,0.));
#1570 = DIRECTION('',(0.,0.,1.));
#1571 = ORIENTED_EDGE('',*,*,#1572,.T.);
#1572 = EDGE_CURVE('',#1564,#1573,#1575,.T.);
#1573 = VERTEX_POINT('',#1574);
#1574 = CARTESIAN_POINT('',(-0.971430759818,-0.175,0.206587955583));
#1575 = LINE('',#1576,#1577);
#1576 = CARTESIAN_POINT('',(-0.948480775301,-0.175,0.367364817767));
#1577 = VECTOR('',#1578,1.);
#1578 = DIRECTION('',(-0.14131190243,1.616944126098E-18,-0.989965123745)
  );
#1579 = ORIENTED_EDGE('',*,*,#1580,.T.);
#1580 = EDGE_CURVE('',#1573,#1581,#1583,.T.);
#1581 = VERTEX_POINT('',#1582);
#1582 = CARTESIAN_POINT('',(-1.217632698071,-0.175,5.551115123126E-17));
#1583 = CIRCLE('',#1584,0.25);
#1584 = AXIS2_PLACEMENT_3D('',#1585,#1586,#1587);
#1585 = CARTESIAN_POINT('',(-1.217632698071,-0.175,0.25));
#1586 = DIRECTION('',(1.144237745222E-17,1.,3.851859888774E-34));
#1587 = DIRECTION('',(0.984807753012,-1.126854202784E-17,-0.173648177667
    ));
#1588 = ORIENTED_EDGE('',*,*,#1589,.T.);
#1589 = EDGE_CURVE('',#1581,#1590,#1592,.T.);
#1590 = VERTEX_POINT('',#1591);
#1591 = CARTESIAN_POINT('',(-1.4,-0.175,5.551115123126E-17));
#1592 = LINE('',#1593,#1594);
#1593 = CARTESIAN_POINT('',(-1.217632698071,-0.175,5.551115123126E-17));
#1594 = VECTOR('',#1595,1.);
#1595 = DIRECTION('',(-1.,1.144237745222E-17,0.));
#1596 = ORIENTED_EDGE('',*,*,#1597,.T.);
#1597 = EDGE_CURVE('',#1590,#1598,#1600,.T.);
#1598 = VERTEX_POINT('',#1599);
#1599 = CARTESIAN_POINT('',(-1.4,-0.175,0.15));
#1600 = LINE('',#1601,#1602);
#1601 = CARTESIAN_POINT('',(-1.4,-0.175,5.551115123126E-17));
#1602 = VECTOR('',#1603,1.);
#1603 = DIRECTION('',(0.,0.,1.));
#1604 = ORIENTED_EDGE('',*,*,#1605,.T.);
#1605 = EDGE_CURVE('',#1598,#1606,#1608,.T.);
#1606 = VERTEX_POINT('',#1607);
#1607 = CARTESIAN_POINT('',(-1.217632698071,-0.175,0.15));
#1608 = LINE('',#1609,#1610);
#1609 = CARTESIAN_POINT('',(-1.4,-0.175,0.15));
#1610 = VECTOR('',#1611,1.);
#1611 = DIRECTION('',(1.,-1.144237745222E-17,0.));
#1612 = ORIENTED_EDGE('',*,*,#1613,.T.);
#1613 = EDGE_CURVE('',#1606,#1614,#1616,.T.);
#1614 = VERTEX_POINT('',#1615);
#1615 = CARTESIAN_POINT('',(-1.11915192277,-0.175,0.232635182233));
#1616 = CIRCLE('',#1617,0.1);
#1617 = AXIS2_PLACEMENT_3D('',#1618,#1619,#1620);
#1618 = CARTESIAN_POINT('',(-1.217632698071,-0.175,0.25));
#1619 = DIRECTION('',(-1.144237745222E-17,-1.,1.094764425254E-47));
#1620 = DIRECTION('',(-2.22044604925E-15,2.540718180781E-32,-1.));
#1621 = ORIENTED_EDGE('',*,*,#1622,.T.);
#1622 = EDGE_CURVE('',#1614,#1623,#1625,.T.);
#1623 = VERTEX_POINT('',#1624);
#1624 = CARTESIAN_POINT('',(-1.096201938253,-0.175,0.393412044417));
#1625 = LINE('',#1626,#1627);
#1626 = CARTESIAN_POINT('',(-1.11915192277,-0.175,0.232635182233));
#1627 = VECTOR('',#1628,1.);
#1628 = DIRECTION('',(0.14131190243,-1.616944126098E-18,0.989965123745)
  );
#1629 = ORIENTED_EDGE('',*,*,#1630,.T.);
#1630 = EDGE_CURVE('',#1623,#1631,#1633,.T.);
#1631 = VERTEX_POINT('',#1632);
#1632 = CARTESIAN_POINT('',(-0.85,-0.175,0.6));
#1633 = CIRCLE('',#1634,0.25);
#1634 = AXIS2_PLACEMENT_3D('',#1635,#1636,#1637);
#1635 = CARTESIAN_POINT('',(-0.85,-0.175,0.35));
#1636 = DIRECTION('',(1.144237745222E-17,1.,0.));
#1637 = DIRECTION('',(-0.984807753012,1.126854202784E-17,0.173648177667)
  );
#1638 = ORIENTED_EDGE('',*,*,#1639,.T.);
#1639 = EDGE_CURVE('',#1631,#678,#1640,.T.);
#1640 = LINE('',#1641,#1642);
#1641 = CARTESIAN_POINT('',(-0.85,-0.175,0.6));
#1642 = VECTOR('',#1643,1.);
#1643 = DIRECTION('',(1.,-1.144237745222E-17,0.));
#1644 = PLANE('',#1645);
#1645 = AXIS2_PLACEMENT_3D('',#1646,#1647,#1648);
#1646 = CARTESIAN_POINT('',(-1.064349127789,-0.175,0.282825311951));
#1647 = DIRECTION('',(1.144237745222E-17,1.,0.));
#1648 = DIRECTION('',(0.,-0.,1.));
#1649 = ADVANCED_FACE('',(#1650),#1669,.F.);
#1650 = FACE_BOUND('',#1651,.F.);
#1651 = EDGE_LOOP('',(#1652,#1653,#1662,#1668));
#1652 = ORIENTED_EDGE('',*,*,#716,.T.);
#1653 = ORIENTED_EDGE('',*,*,#1654,.T.);
#1654 = EDGE_CURVE('',#709,#1655,#1657,.T.);
#1655 = VERTEX_POINT('',#1656);
#1656 = CARTESIAN_POINT('',(-0.948480775301,0.175,0.367364817767));
#1657 = CIRCLE('',#1658,0.1);
#1658 = AXIS2_PLACEMENT_3D('',#1659,#1660,#1661);
#1659 = CARTESIAN_POINT('',(-0.85,0.175,0.35));
#1660 = DIRECTION('',(-1.144237745222E-17,-1.,0.));
#1661 = DIRECTION('',(0.,0.,1.));
#1662 = ORIENTED_EDGE('',*,*,#1663,.F.);
#1663 = EDGE_CURVE('',#1564,#1655,#1664,.T.);
#1664 = LINE('',#1665,#1666);
#1665 = CARTESIAN_POINT('',(-0.948480775301,-0.175,0.367364817767));
#1666 = VECTOR('',#1667,1.);
#1667 = DIRECTION('',(1.144237745222E-17,1.,0.));
#1668 = ORIENTED_EDGE('',*,*,#1563,.F.);
#1669 = CYLINDRICAL_SURFACE('',#1670,0.1);
#1670 = AXIS2_PLACEMENT_3D('',#1671,#1672,#1673);
#1671 = CARTESIAN_POINT('',(-0.85,-0.175,0.35));
#1672 = DIRECTION('',(-1.144237745222E-17,-1.,0.));
#1673 = DIRECTION('',(0.,0.,1.));
#1674 = ADVANCED_FACE('',(#1675),#1753,.T.);
#1675 = FACE_BOUND('',#1676,.T.);
#1676 = EDGE_LOOP('',(#1677,#1678,#1679,#1680,#1688,#1697,#1705,#1713,
    #1721,#1730,#1738,#1747));
#1677 = ORIENTED_EDGE('',*,*,#730,.F.);
#1678 = ORIENTED_EDGE('',*,*,#708,.T.);
#1679 = ORIENTED_EDGE('',*,*,#1654,.T.);
#1680 = ORIENTED_EDGE('',*,*,#1681,.T.);
#1681 = EDGE_CURVE('',#1655,#1682,#1684,.T.);
#1682 = VERTEX_POINT('',#1683);
#1683 = CARTESIAN_POINT('',(-0.971430759818,0.175,0.206587955583));
#1684 = LINE('',#1685,#1686);
#1685 = CARTESIAN_POINT('',(-0.948480775301,0.175,0.367364817767));
#1686 = VECTOR('',#1687,1.);
#1687 = DIRECTION('',(-0.14131190243,1.616944126098E-18,-0.989965123745)
  );
#1688 = ORIENTED_EDGE('',*,*,#1689,.T.);
#1689 = EDGE_CURVE('',#1682,#1690,#1692,.T.);
#1690 = VERTEX_POINT('',#1691);
#1691 = CARTESIAN_POINT('',(-1.217632698071,0.175,5.551115123126E-17));
#1692 = CIRCLE('',#1693,0.25);
#1693 = AXIS2_PLACEMENT_3D('',#1694,#1695,#1696);
#1694 = CARTESIAN_POINT('',(-1.217632698071,0.175,0.25));
#1695 = DIRECTION('',(1.144237745222E-17,1.,3.851859888774E-34));
#1696 = DIRECTION('',(0.984807753012,-1.126854202784E-17,-0.173648177667
    ));
#1697 = ORIENTED_EDGE('',*,*,#1698,.T.);
#1698 = EDGE_CURVE('',#1690,#1699,#1701,.T.);
#1699 = VERTEX_POINT('',#1700);
#1700 = CARTESIAN_POINT('',(-1.4,0.175,5.551115123126E-17));
#1701 = LINE('',#1702,#1703);
#1702 = CARTESIAN_POINT('',(-1.217632698071,0.175,5.551115123126E-17));
#1703 = VECTOR('',#1704,1.);
#1704 = DIRECTION('',(-1.,1.144237745222E-17,0.));
#1705 = ORIENTED_EDGE('',*,*,#1706,.T.);
#1706 = EDGE_CURVE('',#1699,#1707,#1709,.T.);
#1707 = VERTEX_POINT('',#1708);
#1708 = CARTESIAN_POINT('',(-1.4,0.175,0.15));
#1709 = LINE('',#1710,#1711);
#1710 = CARTESIAN_POINT('',(-1.4,0.175,5.551115123126E-17));
#1711 = VECTOR('',#1712,1.);
#1712 = DIRECTION('',(0.,0.,1.));
#1713 = ORIENTED_EDGE('',*,*,#1714,.T.);
#1714 = EDGE_CURVE('',#1707,#1715,#1717,.T.);
#1715 = VERTEX_POINT('',#1716);
#1716 = CARTESIAN_POINT('',(-1.217632698071,0.175,0.15));
#1717 = LINE('',#1718,#1719);
#1718 = CARTESIAN_POINT('',(-1.4,0.175,0.15));
#1719 = VECTOR('',#1720,1.);
#1720 = DIRECTION('',(1.,-1.144237745222E-17,0.));
#1721 = ORIENTED_EDGE('',*,*,#1722,.T.);
#1722 = EDGE_CURVE('',#1715,#1723,#1725,.T.);
#1723 = VERTEX_POINT('',#1724);
#1724 = CARTESIAN_POINT('',(-1.11915192277,0.175,0.232635182233));
#1725 = CIRCLE('',#1726,0.1);
#1726 = AXIS2_PLACEMENT_3D('',#1727,#1728,#1729);
#1727 = CARTESIAN_POINT('',(-1.217632698071,0.175,0.25));
#1728 = DIRECTION('',(-1.144237745222E-17,-1.,1.094764425254E-47));
#1729 = DIRECTION('',(-2.22044604925E-15,2.540718180781E-32,-1.));
#1730 = ORIENTED_EDGE('',*,*,#1731,.T.);
#1731 = EDGE_CURVE('',#1723,#1732,#1734,.T.);
#1732 = VERTEX_POINT('',#1733);
#1733 = CARTESIAN_POINT('',(-1.096201938253,0.175,0.393412044417));
#1734 = LINE('',#1735,#1736);
#1735 = CARTESIAN_POINT('',(-1.11915192277,0.175,0.232635182233));
#1736 = VECTOR('',#1737,1.);
#1737 = DIRECTION('',(0.14131190243,-1.616944126098E-18,0.989965123745)
  );
#1738 = ORIENTED_EDGE('',*,*,#1739,.T.);
#1739 = EDGE_CURVE('',#1732,#1740,#1742,.T.);
#1740 = VERTEX_POINT('',#1741);
#1741 = CARTESIAN_POINT('',(-0.85,0.175,0.6));
#1742 = CIRCLE('',#1743,0.25);
#1743 = AXIS2_PLACEMENT_3D('',#1744,#1745,#1746);
#1744 = CARTESIAN_POINT('',(-0.85,0.175,0.35));
#1745 = DIRECTION('',(1.144237745222E-17,1.,0.));
#1746 = DIRECTION('',(-0.984807753012,1.126854202784E-17,0.173648177667)
  );
#1747 = ORIENTED_EDGE('',*,*,#1748,.T.);
#1748 = EDGE_CURVE('',#1740,#731,#1749,.T.);
#1749 = LINE('',#1750,#1751);
#1750 = CARTESIAN_POINT('',(-0.85,0.175,0.6));
#1751 = VECTOR('',#1752,1.);
#1752 = DIRECTION('',(1.,-1.144237745222E-17,0.));
#1753 = PLANE('',#1754);
#1754 = AXIS2_PLACEMENT_3D('',#1755,#1756,#1757);
#1755 = CARTESIAN_POINT('',(-1.064349127789,0.175,0.282825311951));
#1756 = DIRECTION('',(1.144237745222E-17,1.,0.));
#1757 = DIRECTION('',(0.,-0.,1.));
#1758 = ADVANCED_FACE('',(#1759),#1770,.F.);
#1759 = FACE_BOUND('',#1760,.F.);
#1760 = EDGE_LOOP('',(#1761,#1762,#1763,#1764));
#1761 = ORIENTED_EDGE('',*,*,#747,.T.);
#1762 = ORIENTED_EDGE('',*,*,#1043,.T.);
#1763 = ORIENTED_EDGE('',*,*,#1091,.F.);
#1764 = ORIENTED_EDGE('',*,*,#1765,.F.);
#1765 = EDGE_CURVE('',#731,#1084,#1766,.T.);
#1766 = LINE('',#1767,#1768);
#1767 = CARTESIAN_POINT('',(-0.85,0.175,0.6));
#1768 = VECTOR('',#1769,1.);
#1769 = DIRECTION('',(1.,-1.144237745222E-17,0.));
#1770 = PLANE('',#1771);
#1771 = AXIS2_PLACEMENT_3D('',#1772,#1773,#1774);
#1772 = CARTESIAN_POINT('',(-2.091417030376E-16,1.4375,0.6));
#1773 = DIRECTION('',(2.888762391192E-17,8.634073551009E-28,-1.));
#1774 = DIRECTION('',(1.,1.51922136901E-16,2.888762391192E-17));
#1775 = ADVANCED_FACE('',(#1776),#1855,.F.);
#1776 = FACE_BOUND('',#1777,.F.);
#1777 = EDGE_LOOP('',(#1778,#1779,#1780,#1789,#1797,#1806,#1814,#1822,
    #1830,#1839,#1847,#1854));
#1778 = ORIENTED_EDGE('',*,*,#739,.F.);
#1779 = ORIENTED_EDGE('',*,*,#761,.T.);
#1780 = ORIENTED_EDGE('',*,*,#1781,.T.);
#1781 = EDGE_CURVE('',#762,#1782,#1784,.T.);
#1782 = VERTEX_POINT('',#1783);
#1783 = CARTESIAN_POINT('',(-0.948480775301,0.775,0.367364817767));
#1784 = CIRCLE('',#1785,0.1);
#1785 = AXIS2_PLACEMENT_3D('',#1786,#1787,#1788);
#1786 = CARTESIAN_POINT('',(-0.85,0.775,0.35));
#1787 = DIRECTION('',(-1.144237745222E-17,-1.,0.));
#1788 = DIRECTION('',(0.,0.,1.));
#1789 = ORIENTED_EDGE('',*,*,#1790,.T.);
#1790 = EDGE_CURVE('',#1782,#1791,#1793,.T.);
#1791 = VERTEX_POINT('',#1792);
#1792 = CARTESIAN_POINT('',(-0.971430759818,0.775,0.206587955583));
#1793 = LINE('',#1794,#1795);
#1794 = CARTESIAN_POINT('',(-0.948480775301,0.775,0.367364817767));
#1795 = VECTOR('',#1796,1.);
#1796 = DIRECTION('',(-0.14131190243,1.616944126098E-18,-0.989965123745)
  );
#1797 = ORIENTED_EDGE('',*,*,#1798,.T.);
#1798 = EDGE_CURVE('',#1791,#1799,#1801,.T.);
#1799 = VERTEX_POINT('',#1800);
#1800 = CARTESIAN_POINT('',(-1.217632698071,0.775,5.551115123126E-17));
#1801 = CIRCLE('',#1802,0.25);
#1802 = AXIS2_PLACEMENT_3D('',#1803,#1804,#1805);
#1803 = CARTESIAN_POINT('',(-1.217632698071,0.775,0.25));
#1804 = DIRECTION('',(1.144237745222E-17,1.,3.851859888774E-34));
#1805 = DIRECTION('',(0.984807753012,-1.126854202784E-17,-0.173648177667
    ));
#1806 = ORIENTED_EDGE('',*,*,#1807,.T.);
#1807 = EDGE_CURVE('',#1799,#1808,#1810,.T.);
#1808 = VERTEX_POINT('',#1809);
#1809 = CARTESIAN_POINT('',(-1.4,0.775,5.551115123126E-17));
#1810 = LINE('',#1811,#1812);
#1811 = CARTESIAN_POINT('',(-1.217632698071,0.775,5.551115123126E-17));
#1812 = VECTOR('',#1813,1.);
#1813 = DIRECTION('',(-1.,1.144237745222E-17,0.));
#1814 = ORIENTED_EDGE('',*,*,#1815,.T.);
#1815 = EDGE_CURVE('',#1808,#1816,#1818,.T.);
#1816 = VERTEX_POINT('',#1817);
#1817 = CARTESIAN_POINT('',(-1.4,0.775,0.15));
#1818 = LINE('',#1819,#1820);
#1819 = CARTESIAN_POINT('',(-1.4,0.775,5.551115123126E-17));
#1820 = VECTOR('',#1821,1.);
#1821 = DIRECTION('',(0.,0.,1.));
#1822 = ORIENTED_EDGE('',*,*,#1823,.T.);
#1823 = EDGE_CURVE('',#1816,#1824,#1826,.T.);
#1824 = VERTEX_POINT('',#1825);
#1825 = CARTESIAN_POINT('',(-1.217632698071,0.775,0.15));
#1826 = LINE('',#1827,#1828);
#1827 = CARTESIAN_POINT('',(-1.4,0.775,0.15));
#1828 = VECTOR('',#1829,1.);
#1829 = DIRECTION('',(1.,-1.144237745222E-17,0.));
#1830 = ORIENTED_EDGE('',*,*,#1831,.T.);
#1831 = EDGE_CURVE('',#1824,#1832,#1834,.T.);
#1832 = VERTEX_POINT('',#1833);
#1833 = CARTESIAN_POINT('',(-1.11915192277,0.775,0.232635182233));
#1834 = CIRCLE('',#1835,0.1);
#1835 = AXIS2_PLACEMENT_3D('',#1836,#1837,#1838);
#1836 = CARTESIAN_POINT('',(-1.217632698071,0.775,0.25));
#1837 = DIRECTION('',(-1.144237745222E-17,-1.,1.094764425254E-47));
#1838 = DIRECTION('',(-2.22044604925E-15,2.540718180781E-32,-1.));
#1839 = ORIENTED_EDGE('',*,*,#1840,.T.);
#1840 = EDGE_CURVE('',#1832,#1841,#1843,.T.);
#1841 = VERTEX_POINT('',#1842);
#1842 = CARTESIAN_POINT('',(-1.096201938253,0.775,0.393412044417));
#1843 = LINE('',#1844,#1845);
#1844 = CARTESIAN_POINT('',(-1.11915192277,0.775,0.232635182233));
#1845 = VECTOR('',#1846,1.);
#1846 = DIRECTION('',(0.14131190243,-1.616944126098E-18,0.989965123745)
  );
#1847 = ORIENTED_EDGE('',*,*,#1848,.T.);
#1848 = EDGE_CURVE('',#1841,#1013,#1849,.T.);
#1849 = CIRCLE('',#1850,0.25);
#1850 = AXIS2_PLACEMENT_3D('',#1851,#1852,#1853);
#1851 = CARTESIAN_POINT('',(-0.85,0.775,0.35));
#1852 = DIRECTION('',(1.144237745222E-17,1.,0.));
#1853 = DIRECTION('',(-0.984807753012,1.126854202784E-17,0.173648177667)
  );
#1854 = ORIENTED_EDGE('',*,*,#1012,.T.);
#1855 = PLANE('',#1856);
#1856 = AXIS2_PLACEMENT_3D('',#1857,#1858,#1859);
#1857 = CARTESIAN_POINT('',(-1.064349127789,0.775,0.282825311951));
#1858 = DIRECTION('',(1.144237745222E-17,1.,0.));
#1859 = DIRECTION('',(0.,-0.,1.));
#1860 = ADVANCED_FACE('',(#1861),#1880,.F.);
#1861 = FACE_BOUND('',#1862,.F.);
#1862 = EDGE_LOOP('',(#1863,#1864,#1873,#1879));
#1863 = ORIENTED_EDGE('',*,*,#778,.T.);
#1864 = ORIENTED_EDGE('',*,*,#1865,.T.);
#1865 = EDGE_CURVE('',#771,#1866,#1868,.T.);
#1866 = VERTEX_POINT('',#1867);
#1867 = CARTESIAN_POINT('',(-0.948480775301,1.125,0.367364817767));
#1868 = CIRCLE('',#1869,0.1);
#1869 = AXIS2_PLACEMENT_3D('',#1870,#1871,#1872);
#1870 = CARTESIAN_POINT('',(-0.85,1.125,0.35));
#1871 = DIRECTION('',(-1.144237745222E-17,-1.,0.));
#1872 = DIRECTION('',(0.,0.,1.));
#1873 = ORIENTED_EDGE('',*,*,#1874,.F.);
#1874 = EDGE_CURVE('',#1782,#1866,#1875,.T.);
#1875 = LINE('',#1876,#1877);
#1876 = CARTESIAN_POINT('',(-0.948480775301,0.775,0.367364817767));
#1877 = VECTOR('',#1878,1.);
#1878 = DIRECTION('',(1.144237745222E-17,1.,0.));
#1879 = ORIENTED_EDGE('',*,*,#1781,.F.);
#1880 = CYLINDRICAL_SURFACE('',#1881,0.1);
#1881 = AXIS2_PLACEMENT_3D('',#1882,#1883,#1884);
#1882 = CARTESIAN_POINT('',(-0.85,0.775,0.35));
#1883 = DIRECTION('',(-1.144237745222E-17,-1.,0.));
#1884 = DIRECTION('',(0.,0.,1.));
#1885 = ADVANCED_FACE('',(#1886),#1957,.T.);
#1886 = FACE_BOUND('',#1887,.T.);
#1887 = EDGE_LOOP('',(#1888,#1889,#1890,#1891,#1899,#1908,#1916,#1924,
    #1932,#1941,#1949,#1956));
#1888 = ORIENTED_EDGE('',*,*,#792,.F.);
#1889 = ORIENTED_EDGE('',*,*,#770,.T.);
#1890 = ORIENTED_EDGE('',*,*,#1865,.T.);
#1891 = ORIENTED_EDGE('',*,*,#1892,.T.);
#1892 = EDGE_CURVE('',#1866,#1893,#1895,.T.);
#1893 = VERTEX_POINT('',#1894);
#1894 = CARTESIAN_POINT('',(-0.971430759818,1.125,0.206587955583));
#1895 = LINE('',#1896,#1897);
#1896 = CARTESIAN_POINT('',(-0.948480775301,1.125,0.367364817767));
#1897 = VECTOR('',#1898,1.);
#1898 = DIRECTION('',(-0.14131190243,1.616944126098E-18,-0.989965123745)
  );
#1899 = ORIENTED_EDGE('',*,*,#1900,.T.);
#1900 = EDGE_CURVE('',#1893,#1901,#1903,.T.);
#1901 = VERTEX_POINT('',#1902);
#1902 = CARTESIAN_POINT('',(-1.217632698071,1.125,5.551115123126E-17));
#1903 = CIRCLE('',#1904,0.25);
#1904 = AXIS2_PLACEMENT_3D('',#1905,#1906,#1907);
#1905 = CARTESIAN_POINT('',(-1.217632698071,1.125,0.25));
#1906 = DIRECTION('',(1.144237745222E-17,1.,3.851859888774E-34));
#1907 = DIRECTION('',(0.984807753012,-1.126854202784E-17,-0.173648177667
    ));
#1908 = ORIENTED_EDGE('',*,*,#1909,.T.);
#1909 = EDGE_CURVE('',#1901,#1910,#1912,.T.);
#1910 = VERTEX_POINT('',#1911);
#1911 = CARTESIAN_POINT('',(-1.4,1.125,5.551115123126E-17));
#1912 = LINE('',#1913,#1914);
#1913 = CARTESIAN_POINT('',(-1.217632698071,1.125,5.551115123126E-17));
#1914 = VECTOR('',#1915,1.);
#1915 = DIRECTION('',(-1.,1.144237745222E-17,0.));
#1916 = ORIENTED_EDGE('',*,*,#1917,.T.);
#1917 = EDGE_CURVE('',#1910,#1918,#1920,.T.);
#1918 = VERTEX_POINT('',#1919);
#1919 = CARTESIAN_POINT('',(-1.4,1.125,0.15));
#1920 = LINE('',#1921,#1922);
#1921 = CARTESIAN_POINT('',(-1.4,1.125,5.551115123126E-17));
#1922 = VECTOR('',#1923,1.);
#1923 = DIRECTION('',(0.,0.,1.));
#1924 = ORIENTED_EDGE('',*,*,#1925,.T.);
#1925 = EDGE_CURVE('',#1918,#1926,#1928,.T.);
#1926 = VERTEX_POINT('',#1927);
#1927 = CARTESIAN_POINT('',(-1.217632698071,1.125,0.15));
#1928 = LINE('',#1929,#1930);
#1929 = CARTESIAN_POINT('',(-1.4,1.125,0.15));
#1930 = VECTOR('',#1931,1.);
#1931 = DIRECTION('',(1.,-1.144237745222E-17,0.));
#1932 = ORIENTED_EDGE('',*,*,#1933,.T.);
#1933 = EDGE_CURVE('',#1926,#1934,#1936,.T.);
#1934 = VERTEX_POINT('',#1935);
#1935 = CARTESIAN_POINT('',(-1.11915192277,1.125,0.232635182233));
#1936 = CIRCLE('',#1937,0.1);
#1937 = AXIS2_PLACEMENT_3D('',#1938,#1939,#1940);
#1938 = CARTESIAN_POINT('',(-1.217632698071,1.125,0.25));
#1939 = DIRECTION('',(-1.144237745222E-17,-1.,1.094764425254E-47));
#1940 = DIRECTION('',(-2.22044604925E-15,2.540718180781E-32,-1.));
#1941 = ORIENTED_EDGE('',*,*,#1942,.T.);
#1942 = EDGE_CURVE('',#1934,#1943,#1945,.T.);
#1943 = VERTEX_POINT('',#1944);
#1944 = CARTESIAN_POINT('',(-1.096201938253,1.125,0.393412044417));
#1945 = LINE('',#1946,#1947);
#1946 = CARTESIAN_POINT('',(-1.11915192277,1.125,0.232635182233));
#1947 = VECTOR('',#1948,1.);
#1948 = DIRECTION('',(0.14131190243,-1.616944126098E-18,0.989965123745)
  );
#1949 = ORIENTED_EDGE('',*,*,#1950,.T.);
#1950 = EDGE_CURVE('',#1943,#1021,#1951,.T.);
#1951 = CIRCLE('',#1952,0.25);
#1952 = AXIS2_PLACEMENT_3D('',#1953,#1954,#1955);
#1953 = CARTESIAN_POINT('',(-0.85,1.125,0.35));
#1954 = DIRECTION('',(1.144237745222E-17,1.,0.));
#1955 = DIRECTION('',(-0.984807753012,1.126854202784E-17,0.173648177667)
  );
#1956 = ORIENTED_EDGE('',*,*,#1028,.T.);
#1957 = PLANE('',#1958);
#1958 = AXIS2_PLACEMENT_3D('',#1959,#1960,#1961);
#1959 = CARTESIAN_POINT('',(-1.064349127789,1.125,0.282825311951));
#1960 = DIRECTION('',(1.144237745222E-17,1.,0.));
#1961 = DIRECTION('',(0.,-0.,1.));
#1962 = ADVANCED_FACE('',(#1963),#2042,.F.);
#1963 = FACE_BOUND('',#1964,.F.);
#1964 = EDGE_LOOP('',(#1965,#1966,#1967,#1976,#1984,#1993,#2001,#2009,
    #2017,#2026,#2034,#2041));
#1965 = ORIENTED_EDGE('',*,*,#811,.F.);
#1966 = ORIENTED_EDGE('',*,*,#826,.T.);
#1967 = ORIENTED_EDGE('',*,*,#1968,.T.);
#1968 = EDGE_CURVE('',#827,#1969,#1971,.T.);
#1969 = VERTEX_POINT('',#1970);
#1970 = CARTESIAN_POINT('',(0.948480775301,1.125,0.367364817767));
#1971 = CIRCLE('',#1972,0.1);
#1972 = AXIS2_PLACEMENT_3D('',#1973,#1974,#1975);
#1973 = CARTESIAN_POINT('',(0.85,1.125,0.35));
#1974 = DIRECTION('',(-1.110223024625E-16,1.,0.));
#1975 = DIRECTION('',(0.,0.,1.));
#1976 = ORIENTED_EDGE('',*,*,#1977,.T.);
#1977 = EDGE_CURVE('',#1969,#1978,#1980,.T.);
#1978 = VERTEX_POINT('',#1979);
#1979 = CARTESIAN_POINT('',(0.971430759818,1.125,0.206587955583));
#1980 = LINE('',#1981,#1982);
#1981 = CARTESIAN_POINT('',(0.948480775301,1.125,0.367364817767));
#1982 = VECTOR('',#1983,1.);
#1983 = DIRECTION('',(0.14131190243,1.568877277316E-17,-0.989965123745)
  );
#1984 = ORIENTED_EDGE('',*,*,#1985,.T.);
#1985 = EDGE_CURVE('',#1978,#1986,#1988,.T.);
#1986 = VERTEX_POINT('',#1987);
#1987 = CARTESIAN_POINT('',(1.217632698071,1.125,5.551115123126E-17));
#1988 = CIRCLE('',#1989,0.25);
#1989 = AXIS2_PLACEMENT_3D('',#1990,#1991,#1992);
#1990 = CARTESIAN_POINT('',(1.217632698071,1.125,0.25));
#1991 = DIRECTION('',(1.110223024625E-16,-1.,0.));
#1992 = DIRECTION('',(-0.984807753012,-1.093356242223E-16,
    -0.173648177667));
#1993 = ORIENTED_EDGE('',*,*,#1994,.T.);
#1994 = EDGE_CURVE('',#1986,#1995,#1997,.T.);
#1995 = VERTEX_POINT('',#1996);
#1996 = CARTESIAN_POINT('',(1.4,1.125,5.551115123126E-17));
#1997 = LINE('',#1998,#1999);
#1998 = CARTESIAN_POINT('',(1.217632698071,1.125,5.551115123126E-17));
#1999 = VECTOR('',#2000,1.);
#2000 = DIRECTION('',(1.,1.110223024625E-16,0.));
#2001 = ORIENTED_EDGE('',*,*,#2002,.T.);
#2002 = EDGE_CURVE('',#1995,#2003,#2005,.T.);
#2003 = VERTEX_POINT('',#2004);
#2004 = CARTESIAN_POINT('',(1.4,1.125,0.15));
#2005 = LINE('',#2006,#2007);
#2006 = CARTESIAN_POINT('',(1.4,1.125,5.551115123126E-17));
#2007 = VECTOR('',#2008,1.);
#2008 = DIRECTION('',(0.,0.,1.));
#2009 = ORIENTED_EDGE('',*,*,#2010,.T.);
#2010 = EDGE_CURVE('',#2003,#2011,#2013,.T.);
#2011 = VERTEX_POINT('',#2012);
#2012 = CARTESIAN_POINT('',(1.217632698071,1.125,0.15));
#2013 = LINE('',#2014,#2015);
#2014 = CARTESIAN_POINT('',(1.4,1.125,0.15));
#2015 = VECTOR('',#2016,1.);
#2016 = DIRECTION('',(-1.,-1.110223024625E-16,0.));
#2017 = ORIENTED_EDGE('',*,*,#2018,.T.);
#2018 = EDGE_CURVE('',#2011,#2019,#2021,.T.);
#2019 = VERTEX_POINT('',#2020);
#2020 = CARTESIAN_POINT('',(1.11915192277,1.125,0.232635182233));
#2021 = CIRCLE('',#2022,0.1);
#2022 = AXIS2_PLACEMENT_3D('',#2023,#2024,#2025);
#2023 = CARTESIAN_POINT('',(1.217632698071,1.125,0.25));
#2024 = DIRECTION('',(-1.110223024625E-16,1.,0.));
#2025 = DIRECTION('',(2.22044604925E-15,2.465190328815E-31,-1.));
#2026 = ORIENTED_EDGE('',*,*,#2027,.T.);
#2027 = EDGE_CURVE('',#2019,#2028,#2030,.T.);
#2028 = VERTEX_POINT('',#2029);
#2029 = CARTESIAN_POINT('',(1.096201938253,1.125,0.393412044417));
#2030 = LINE('',#2031,#2032);
#2031 = CARTESIAN_POINT('',(1.11915192277,1.125,0.232635182233));
#2032 = VECTOR('',#2033,1.);
#2033 = DIRECTION('',(-0.14131190243,-1.568877277316E-17,0.989965123745)
  );
#2034 = ORIENTED_EDGE('',*,*,#2035,.T.);
#2035 = EDGE_CURVE('',#2028,#1252,#2036,.T.);
#2036 = CIRCLE('',#2037,0.25);
#2037 = AXIS2_PLACEMENT_3D('',#2038,#2039,#2040);
#2038 = CARTESIAN_POINT('',(0.85,1.125,0.35));
#2039 = DIRECTION('',(1.110223024625E-16,-1.,0.));
#2040 = DIRECTION('',(0.984807753012,1.093356242223E-16,0.173648177667)
  );
#2041 = ORIENTED_EDGE('',*,*,#1251,.T.);
#2042 = PLANE('',#2043);
#2043 = AXIS2_PLACEMENT_3D('',#2044,#2045,#2046);
#2044 = CARTESIAN_POINT('',(1.064349127789,1.125,0.282825311951));
#2045 = DIRECTION('',(1.110223024625E-16,-1.,0.));
#2046 = DIRECTION('',(0.,0.,1.));
#2047 = ADVANCED_FACE('',(#2048),#2067,.F.);
#2048 = FACE_BOUND('',#2049,.F.);
#2049 = EDGE_LOOP('',(#2050,#2051,#2060,#2066));
#2050 = ORIENTED_EDGE('',*,*,#843,.T.);
#2051 = ORIENTED_EDGE('',*,*,#2052,.T.);
#2052 = EDGE_CURVE('',#836,#2053,#2055,.T.);
#2053 = VERTEX_POINT('',#2054);
#2054 = CARTESIAN_POINT('',(0.948480775301,0.775,0.367364817767));
#2055 = CIRCLE('',#2056,0.1);
#2056 = AXIS2_PLACEMENT_3D('',#2057,#2058,#2059);
#2057 = CARTESIAN_POINT('',(0.85,0.775,0.35));
#2058 = DIRECTION('',(-1.110223024625E-16,1.,0.));
#2059 = DIRECTION('',(0.,0.,1.));
#2060 = ORIENTED_EDGE('',*,*,#2061,.F.);
#2061 = EDGE_CURVE('',#1969,#2053,#2062,.T.);
#2062 = LINE('',#2063,#2064);
#2063 = CARTESIAN_POINT('',(0.948480775301,1.125,0.367364817767));
#2064 = VECTOR('',#2065,1.);
#2065 = DIRECTION('',(1.110223024625E-16,-1.,0.));
#2066 = ORIENTED_EDGE('',*,*,#1968,.F.);
#2067 = CYLINDRICAL_SURFACE('',#2068,0.1);
#2068 = AXIS2_PLACEMENT_3D('',#2069,#2070,#2071);
#2069 = CARTESIAN_POINT('',(0.85,1.125,0.35));
#2070 = DIRECTION('',(-1.110223024625E-16,1.,0.));
#2071 = DIRECTION('',(0.,0.,1.));
#2072 = ADVANCED_FACE('',(#2073),#2144,.T.);
#2073 = FACE_BOUND('',#2074,.T.);
#2074 = EDGE_LOOP('',(#2075,#2076,#2077,#2078,#2086,#2095,#2103,#2111,
    #2119,#2128,#2136,#2143));
#2075 = ORIENTED_EDGE('',*,*,#857,.F.);
#2076 = ORIENTED_EDGE('',*,*,#835,.T.);
#2077 = ORIENTED_EDGE('',*,*,#2052,.T.);
#2078 = ORIENTED_EDGE('',*,*,#2079,.T.);
#2079 = EDGE_CURVE('',#2053,#2080,#2082,.T.);
#2080 = VERTEX_POINT('',#2081);
#2081 = CARTESIAN_POINT('',(0.971430759818,0.775,0.206587955583));
#2082 = LINE('',#2083,#2084);
#2083 = CARTESIAN_POINT('',(0.948480775301,0.775,0.367364817767));
#2084 = VECTOR('',#2085,1.);
#2085 = DIRECTION('',(0.14131190243,1.568877277316E-17,-0.989965123745)
  );
#2086 = ORIENTED_EDGE('',*,*,#2087,.T.);
#2087 = EDGE_CURVE('',#2080,#2088,#2090,.T.);
#2088 = VERTEX_POINT('',#2089);
#2089 = CARTESIAN_POINT('',(1.217632698071,0.775,5.551115123126E-17));
#2090 = CIRCLE('',#2091,0.25);
#2091 = AXIS2_PLACEMENT_3D('',#2092,#2093,#2094);
#2092 = CARTESIAN_POINT('',(1.217632698071,0.775,0.25));
#2093 = DIRECTION('',(1.110223024625E-16,-1.,0.));
#2094 = DIRECTION('',(-0.984807753012,-1.093356242223E-16,
    -0.173648177667));
#2095 = ORIENTED_EDGE('',*,*,#2096,.T.);
#2096 = EDGE_CURVE('',#2088,#2097,#2099,.T.);
#2097 = VERTEX_POINT('',#2098);
#2098 = CARTESIAN_POINT('',(1.4,0.775,5.551115123126E-17));
#2099 = LINE('',#2100,#2101);
#2100 = CARTESIAN_POINT('',(1.217632698071,0.775,5.551115123126E-17));
#2101 = VECTOR('',#2102,1.);
#2102 = DIRECTION('',(1.,1.110223024625E-16,0.));
#2103 = ORIENTED_EDGE('',*,*,#2104,.T.);
#2104 = EDGE_CURVE('',#2097,#2105,#2107,.T.);
#2105 = VERTEX_POINT('',#2106);
#2106 = CARTESIAN_POINT('',(1.4,0.775,0.15));
#2107 = LINE('',#2108,#2109);
#2108 = CARTESIAN_POINT('',(1.4,0.775,5.551115123126E-17));
#2109 = VECTOR('',#2110,1.);
#2110 = DIRECTION('',(0.,0.,1.));
#2111 = ORIENTED_EDGE('',*,*,#2112,.T.);
#2112 = EDGE_CURVE('',#2105,#2113,#2115,.T.);
#2113 = VERTEX_POINT('',#2114);
#2114 = CARTESIAN_POINT('',(1.217632698071,0.775,0.15));
#2115 = LINE('',#2116,#2117);
#2116 = CARTESIAN_POINT('',(1.4,0.775,0.15));
#2117 = VECTOR('',#2118,1.);
#2118 = DIRECTION('',(-1.,-1.110223024625E-16,0.));
#2119 = ORIENTED_EDGE('',*,*,#2120,.T.);
#2120 = EDGE_CURVE('',#2113,#2121,#2123,.T.);
#2121 = VERTEX_POINT('',#2122);
#2122 = CARTESIAN_POINT('',(1.11915192277,0.775,0.232635182233));
#2123 = CIRCLE('',#2124,0.1);
#2124 = AXIS2_PLACEMENT_3D('',#2125,#2126,#2127);
#2125 = CARTESIAN_POINT('',(1.217632698071,0.775,0.25));
#2126 = DIRECTION('',(-1.110223024625E-16,1.,0.));
#2127 = DIRECTION('',(2.22044604925E-15,2.465190328815E-31,-1.));
#2128 = ORIENTED_EDGE('',*,*,#2129,.T.);
#2129 = EDGE_CURVE('',#2121,#2130,#2132,.T.);
#2130 = VERTEX_POINT('',#2131);
#2131 = CARTESIAN_POINT('',(1.096201938253,0.775,0.393412044417));
#2132 = LINE('',#2133,#2134);
#2133 = CARTESIAN_POINT('',(1.11915192277,0.775,0.232635182233));
#2134 = VECTOR('',#2135,1.);
#2135 = DIRECTION('',(-0.14131190243,-1.568877277316E-17,0.989965123745)
  );
#2136 = ORIENTED_EDGE('',*,*,#2137,.T.);
#2137 = EDGE_CURVE('',#2130,#1260,#2138,.T.);
#2138 = CIRCLE('',#2139,0.25);
#2139 = AXIS2_PLACEMENT_3D('',#2140,#2141,#2142);
#2140 = CARTESIAN_POINT('',(0.85,0.775,0.35));
#2141 = DIRECTION('',(1.110223024625E-16,-1.,0.));
#2142 = DIRECTION('',(0.984807753012,1.093356242223E-16,0.173648177667)
  );
#2143 = ORIENTED_EDGE('',*,*,#1267,.T.);
#2144 = PLANE('',#2145);
#2145 = AXIS2_PLACEMENT_3D('',#2146,#2147,#2148);
#2146 = CARTESIAN_POINT('',(1.064349127789,0.775,0.282825311951));
#2147 = DIRECTION('',(1.110223024625E-16,-1.,0.));
#2148 = DIRECTION('',(0.,0.,1.));
#2149 = ADVANCED_FACE('',(#2150),#2161,.F.);
#2150 = FACE_BOUND('',#2151,.F.);
#2151 = EDGE_LOOP('',(#2152,#2153,#2154,#2160));
#2152 = ORIENTED_EDGE('',*,*,#1273,.F.);
#2153 = ORIENTED_EDGE('',*,*,#874,.T.);
#2154 = ORIENTED_EDGE('',*,*,#2155,.T.);
#2155 = EDGE_CURVE('',#867,#1206,#2156,.T.);
#2156 = LINE('',#2157,#2158);
#2157 = CARTESIAN_POINT('',(0.85,-0.775,0.6));
#2158 = VECTOR('',#2159,1.);
#2159 = DIRECTION('',(-1.,-1.110223024625E-16,0.));
#2160 = ORIENTED_EDGE('',*,*,#1205,.F.);
#2161 = PLANE('',#2162);
#2162 = AXIS2_PLACEMENT_3D('',#2163,#2164,#2165);
#2163 = CARTESIAN_POINT('',(-2.091417030376E-16,1.4375,0.6));
#2164 = DIRECTION('',(2.888762391192E-17,8.634073551009E-28,-1.));
#2165 = DIRECTION('',(1.,1.51922136901E-16,2.888762391192E-17));
#2166 = ADVANCED_FACE('',(#2167),#2253,.F.);
#2167 = FACE_BOUND('',#2168,.F.);
#2168 = EDGE_LOOP('',(#2169,#2170,#2171,#2180,#2188,#2197,#2205,#2213,
    #2221,#2230,#2238,#2247));
#2169 = ORIENTED_EDGE('',*,*,#866,.F.);
#2170 = ORIENTED_EDGE('',*,*,#888,.T.);
#2171 = ORIENTED_EDGE('',*,*,#2172,.T.);
#2172 = EDGE_CURVE('',#889,#2173,#2175,.T.);
#2173 = VERTEX_POINT('',#2174);
#2174 = CARTESIAN_POINT('',(0.948480775301,-0.775,0.367364817767));
#2175 = CIRCLE('',#2176,0.1);
#2176 = AXIS2_PLACEMENT_3D('',#2177,#2178,#2179);
#2177 = CARTESIAN_POINT('',(0.85,-0.775,0.35));
#2178 = DIRECTION('',(-1.110223024625E-16,1.,0.));
#2179 = DIRECTION('',(0.,0.,1.));
#2180 = ORIENTED_EDGE('',*,*,#2181,.T.);
#2181 = EDGE_CURVE('',#2173,#2182,#2184,.T.);
#2182 = VERTEX_POINT('',#2183);
#2183 = CARTESIAN_POINT('',(0.971430759818,-0.775,0.206587955583));
#2184 = LINE('',#2185,#2186);
#2185 = CARTESIAN_POINT('',(0.948480775301,-0.775,0.367364817767));
#2186 = VECTOR('',#2187,1.);
#2187 = DIRECTION('',(0.14131190243,1.568877277316E-17,-0.989965123745)
  );
#2188 = ORIENTED_EDGE('',*,*,#2189,.T.);
#2189 = EDGE_CURVE('',#2182,#2190,#2192,.T.);
#2190 = VERTEX_POINT('',#2191);
#2191 = CARTESIAN_POINT('',(1.217632698071,-0.775,5.551115123126E-17));
#2192 = CIRCLE('',#2193,0.25);
#2193 = AXIS2_PLACEMENT_3D('',#2194,#2195,#2196);
#2194 = CARTESIAN_POINT('',(1.217632698071,-0.775,0.25));
#2195 = DIRECTION('',(1.110223024625E-16,-1.,0.));
#2196 = DIRECTION('',(-0.984807753012,-1.093356242223E-16,
    -0.173648177667));
#2197 = ORIENTED_EDGE('',*,*,#2198,.T.);
#2198 = EDGE_CURVE('',#2190,#2199,#2201,.T.);
#2199 = VERTEX_POINT('',#2200);
#2200 = CARTESIAN_POINT('',(1.4,-0.775,5.551115123126E-17));
#2201 = LINE('',#2202,#2203);
#2202 = CARTESIAN_POINT('',(1.217632698071,-0.775,5.551115123126E-17));
#2203 = VECTOR('',#2204,1.);
#2204 = DIRECTION('',(1.,1.110223024625E-16,0.));
#2205 = ORIENTED_EDGE('',*,*,#2206,.T.);
#2206 = EDGE_CURVE('',#2199,#2207,#2209,.T.);
#2207 = VERTEX_POINT('',#2208);
#2208 = CARTESIAN_POINT('',(1.4,-0.775,0.15));
#2209 = LINE('',#2210,#2211);
#2210 = CARTESIAN_POINT('',(1.4,-0.775,5.551115123126E-17));
#2211 = VECTOR('',#2212,1.);
#2212 = DIRECTION('',(0.,0.,1.));
#2213 = ORIENTED_EDGE('',*,*,#2214,.T.);
#2214 = EDGE_CURVE('',#2207,#2215,#2217,.T.);
#2215 = VERTEX_POINT('',#2216);
#2216 = CARTESIAN_POINT('',(1.217632698071,-0.775,0.15));
#2217 = LINE('',#2218,#2219);
#2218 = CARTESIAN_POINT('',(1.4,-0.775,0.15));
#2219 = VECTOR('',#2220,1.);
#2220 = DIRECTION('',(-1.,-1.110223024625E-16,0.));
#2221 = ORIENTED_EDGE('',*,*,#2222,.T.);
#2222 = EDGE_CURVE('',#2215,#2223,#2225,.T.);
#2223 = VERTEX_POINT('',#2224);
#2224 = CARTESIAN_POINT('',(1.11915192277,-0.775,0.232635182233));
#2225 = CIRCLE('',#2226,0.1);
#2226 = AXIS2_PLACEMENT_3D('',#2227,#2228,#2229);
#2227 = CARTESIAN_POINT('',(1.217632698071,-0.775,0.25));
#2228 = DIRECTION('',(-1.110223024625E-16,1.,0.));
#2229 = DIRECTION('',(2.22044604925E-15,2.465190328815E-31,-1.));
#2230 = ORIENTED_EDGE('',*,*,#2231,.T.);
#2231 = EDGE_CURVE('',#2223,#2232,#2234,.T.);
#2232 = VERTEX_POINT('',#2233);
#2233 = CARTESIAN_POINT('',(1.096201938253,-0.775,0.393412044417));
#2234 = LINE('',#2235,#2236);
#2235 = CARTESIAN_POINT('',(1.11915192277,-0.775,0.232635182233));
#2236 = VECTOR('',#2237,1.);
#2237 = DIRECTION('',(-0.14131190243,-1.568877277316E-17,0.989965123745)
  );
#2238 = ORIENTED_EDGE('',*,*,#2239,.T.);
#2239 = EDGE_CURVE('',#2232,#2240,#2242,.T.);
#2240 = VERTEX_POINT('',#2241);
#2241 = CARTESIAN_POINT('',(0.85,-0.775,0.6));
#2242 = CIRCLE('',#2243,0.25);
#2243 = AXIS2_PLACEMENT_3D('',#2244,#2245,#2246);
#2244 = CARTESIAN_POINT('',(0.85,-0.775,0.35));
#2245 = DIRECTION('',(1.110223024625E-16,-1.,0.));
#2246 = DIRECTION('',(0.984807753012,1.093356242223E-16,0.173648177667)
  );
#2247 = ORIENTED_EDGE('',*,*,#2248,.T.);
#2248 = EDGE_CURVE('',#2240,#867,#2249,.T.);
#2249 = LINE('',#2250,#2251);
#2250 = CARTESIAN_POINT('',(0.85,-0.775,0.6));
#2251 = VECTOR('',#2252,1.);
#2252 = DIRECTION('',(-1.,-1.110223024625E-16,0.));
#2253 = PLANE('',#2254);
#2254 = AXIS2_PLACEMENT_3D('',#2255,#2256,#2257);
#2255 = CARTESIAN_POINT('',(1.064349127789,-0.775,0.282825311951));
#2256 = DIRECTION('',(1.110223024625E-16,-1.,0.));
#2257 = DIRECTION('',(0.,0.,1.));
#2258 = ADVANCED_FACE('',(#2259),#2278,.F.);
#2259 = FACE_BOUND('',#2260,.F.);
#2260 = EDGE_LOOP('',(#2261,#2262,#2271,#2277));
#2261 = ORIENTED_EDGE('',*,*,#905,.T.);
#2262 = ORIENTED_EDGE('',*,*,#2263,.T.);
#2263 = EDGE_CURVE('',#898,#2264,#2266,.T.);
#2264 = VERTEX_POINT('',#2265);
#2265 = CARTESIAN_POINT('',(0.948480775301,-1.125,0.367364817767));
#2266 = CIRCLE('',#2267,0.1);
#2267 = AXIS2_PLACEMENT_3D('',#2268,#2269,#2270);
#2268 = CARTESIAN_POINT('',(0.85,-1.125,0.35));
#2269 = DIRECTION('',(-1.110223024625E-16,1.,0.));
#2270 = DIRECTION('',(0.,0.,1.));
#2271 = ORIENTED_EDGE('',*,*,#2272,.F.);
#2272 = EDGE_CURVE('',#2173,#2264,#2273,.T.);
#2273 = LINE('',#2274,#2275);
#2274 = CARTESIAN_POINT('',(0.948480775301,-0.775,0.367364817767));
#2275 = VECTOR('',#2276,1.);
#2276 = DIRECTION('',(1.110223024625E-16,-1.,0.));
#2277 = ORIENTED_EDGE('',*,*,#2172,.F.);
#2278 = CYLINDRICAL_SURFACE('',#2279,0.1);
#2279 = AXIS2_PLACEMENT_3D('',#2280,#2281,#2282);
#2280 = CARTESIAN_POINT('',(0.85,-0.775,0.35));
#2281 = DIRECTION('',(-1.110223024625E-16,1.,0.));
#2282 = DIRECTION('',(0.,0.,1.));
#2283 = ADVANCED_FACE('',(#2284),#2362,.T.);
#2284 = FACE_BOUND('',#2285,.T.);
#2285 = EDGE_LOOP('',(#2286,#2287,#2288,#2289,#2297,#2306,#2314,#2322,
    #2330,#2339,#2347,#2356));
#2286 = ORIENTED_EDGE('',*,*,#919,.F.);
#2287 = ORIENTED_EDGE('',*,*,#897,.T.);
#2288 = ORIENTED_EDGE('',*,*,#2263,.T.);
#2289 = ORIENTED_EDGE('',*,*,#2290,.T.);
#2290 = EDGE_CURVE('',#2264,#2291,#2293,.T.);
#2291 = VERTEX_POINT('',#2292);
#2292 = CARTESIAN_POINT('',(0.971430759818,-1.125,0.206587955583));
#2293 = LINE('',#2294,#2295);
#2294 = CARTESIAN_POINT('',(0.948480775301,-1.125,0.367364817767));
#2295 = VECTOR('',#2296,1.);
#2296 = DIRECTION('',(0.14131190243,1.568877277316E-17,-0.989965123745)
  );
#2297 = ORIENTED_EDGE('',*,*,#2298,.T.);
#2298 = EDGE_CURVE('',#2291,#2299,#2301,.T.);
#2299 = VERTEX_POINT('',#2300);
#2300 = CARTESIAN_POINT('',(1.217632698071,-1.125,5.551115123126E-17));
#2301 = CIRCLE('',#2302,0.25);
#2302 = AXIS2_PLACEMENT_3D('',#2303,#2304,#2305);
#2303 = CARTESIAN_POINT('',(1.217632698071,-1.125,0.25));
#2304 = DIRECTION('',(1.110223024625E-16,-1.,0.));
#2305 = DIRECTION('',(-0.984807753012,-1.093356242223E-16,
    -0.173648177667));
#2306 = ORIENTED_EDGE('',*,*,#2307,.T.);
#2307 = EDGE_CURVE('',#2299,#2308,#2310,.T.);
#2308 = VERTEX_POINT('',#2309);
#2309 = CARTESIAN_POINT('',(1.4,-1.125,5.551115123126E-17));
#2310 = LINE('',#2311,#2312);
#2311 = CARTESIAN_POINT('',(1.217632698071,-1.125,5.551115123126E-17));
#2312 = VECTOR('',#2313,1.);
#2313 = DIRECTION('',(1.,1.110223024625E-16,0.));
#2314 = ORIENTED_EDGE('',*,*,#2315,.T.);
#2315 = EDGE_CURVE('',#2308,#2316,#2318,.T.);
#2316 = VERTEX_POINT('',#2317);
#2317 = CARTESIAN_POINT('',(1.4,-1.125,0.15));
#2318 = LINE('',#2319,#2320);
#2319 = CARTESIAN_POINT('',(1.4,-1.125,5.551115123126E-17));
#2320 = VECTOR('',#2321,1.);
#2321 = DIRECTION('',(0.,0.,1.));
#2322 = ORIENTED_EDGE('',*,*,#2323,.T.);
#2323 = EDGE_CURVE('',#2316,#2324,#2326,.T.);
#2324 = VERTEX_POINT('',#2325);
#2325 = CARTESIAN_POINT('',(1.217632698071,-1.125,0.15));
#2326 = LINE('',#2327,#2328);
#2327 = CARTESIAN_POINT('',(1.4,-1.125,0.15));
#2328 = VECTOR('',#2329,1.);
#2329 = DIRECTION('',(-1.,-1.110223024625E-16,0.));
#2330 = ORIENTED_EDGE('',*,*,#2331,.T.);
#2331 = EDGE_CURVE('',#2324,#2332,#2334,.T.);
#2332 = VERTEX_POINT('',#2333);
#2333 = CARTESIAN_POINT('',(1.11915192277,-1.125,0.232635182233));
#2334 = CIRCLE('',#2335,0.1);
#2335 = AXIS2_PLACEMENT_3D('',#2336,#2337,#2338);
#2336 = CARTESIAN_POINT('',(1.217632698071,-1.125,0.25));
#2337 = DIRECTION('',(-1.110223024625E-16,1.,0.));
#2338 = DIRECTION('',(2.22044604925E-15,2.465190328815E-31,-1.));
#2339 = ORIENTED_EDGE('',*,*,#2340,.T.);
#2340 = EDGE_CURVE('',#2332,#2341,#2343,.T.);
#2341 = VERTEX_POINT('',#2342);
#2342 = CARTESIAN_POINT('',(1.096201938253,-1.125,0.393412044417));
#2343 = LINE('',#2344,#2345);
#2344 = CARTESIAN_POINT('',(1.11915192277,-1.125,0.232635182233));
#2345 = VECTOR('',#2346,1.);
#2346 = DIRECTION('',(-0.14131190243,-1.568877277316E-17,0.989965123745)
  );
#2347 = ORIENTED_EDGE('',*,*,#2348,.T.);
#2348 = EDGE_CURVE('',#2341,#2349,#2351,.T.);
#2349 = VERTEX_POINT('',#2350);
#2350 = CARTESIAN_POINT('',(0.85,-1.125,0.6));
#2351 = CIRCLE('',#2352,0.25);
#2352 = AXIS2_PLACEMENT_3D('',#2353,#2354,#2355);
#2353 = CARTESIAN_POINT('',(0.85,-1.125,0.35));
#2354 = DIRECTION('',(1.110223024625E-16,-1.,0.));
#2355 = DIRECTION('',(0.984807753012,1.093356242223E-16,0.173648177667)
  );
#2356 = ORIENTED_EDGE('',*,*,#2357,.T.);
#2357 = EDGE_CURVE('',#2349,#920,#2358,.T.);
#2358 = LINE('',#2359,#2360);
#2359 = CARTESIAN_POINT('',(0.85,-1.125,0.6));
#2360 = VECTOR('',#2361,1.);
#2361 = DIRECTION('',(-1.,-1.110223024625E-16,0.));
#2362 = PLANE('',#2363);
#2363 = AXIS2_PLACEMENT_3D('',#2364,#2365,#2366);
#2364 = CARTESIAN_POINT('',(1.064349127789,-1.125,0.282825311951));
#2365 = DIRECTION('',(1.110223024625E-16,-1.,0.));
#2366 = DIRECTION('',(0.,0.,1.));
#2367 = ADVANCED_FACE('',(#2368),#2379,.T.);
#2368 = FACE_BOUND('',#2369,.T.);
#2369 = EDGE_LOOP('',(#2370,#2371,#2372,#2373));
#2370 = ORIENTED_EDGE('',*,*,#1848,.T.);
#2371 = ORIENTED_EDGE('',*,*,#1020,.T.);
#2372 = ORIENTED_EDGE('',*,*,#1950,.F.);
#2373 = ORIENTED_EDGE('',*,*,#2374,.F.);
#2374 = EDGE_CURVE('',#1841,#1943,#2375,.T.);
#2375 = LINE('',#2376,#2377);
#2376 = CARTESIAN_POINT('',(-1.096201938253,0.775,0.393412044417));
#2377 = VECTOR('',#2378,1.);
#2378 = DIRECTION('',(1.144237745222E-17,1.,0.));
#2379 = CYLINDRICAL_SURFACE('',#2380,0.25);
#2380 = AXIS2_PLACEMENT_3D('',#2381,#2382,#2383);
#2381 = CARTESIAN_POINT('',(-0.85,0.775,0.35));
#2382 = DIRECTION('',(-1.144237745222E-17,-1.,0.));
#2383 = DIRECTION('',(-0.984807753012,1.126854202784E-17,0.173648177667)
  );
#2384 = ADVANCED_FACE('',(#2385),#2398,.F.);
#2385 = FACE_BOUND('',#2386,.F.);
#2386 = EDGE_LOOP('',(#2387,#2388,#2394,#2395,#2396,#2397));
#2387 = ORIENTED_EDGE('',*,*,#1416,.F.);
#2388 = ORIENTED_EDGE('',*,*,#2389,.T.);
#2389 = EDGE_CURVE('',#1408,#1517,#2390,.T.);
#2390 = LINE('',#2391,#2392);
#2391 = CARTESIAN_POINT('',(-0.85,-1.125,0.6));
#2392 = VECTOR('',#2393,1.);
#2393 = DIRECTION('',(1.144237745222E-17,1.,0.));
#2394 = ORIENTED_EDGE('',*,*,#1525,.T.);
#2395 = ORIENTED_EDGE('',*,*,#1547,.T.);
#2396 = ORIENTED_EDGE('',*,*,#1067,.F.);
#2397 = ORIENTED_EDGE('',*,*,#1300,.F.);
#2398 = PLANE('',#2399);
#2399 = AXIS2_PLACEMENT_3D('',#2400,#2401,#2402);
#2400 = CARTESIAN_POINT('',(-0.85,-1.125,0.6));
#2401 = DIRECTION('',(0.,0.,-1.));
#2402 = DIRECTION('',(1.,-1.144237745222E-17,0.));
#2403 = ADVANCED_FACE('',(#2404),#2417,.F.);
#2404 = FACE_BOUND('',#2405,.F.);
#2405 = EDGE_LOOP('',(#2406,#2407,#2413,#2414,#2415,#2416));
#2406 = ORIENTED_EDGE('',*,*,#1639,.F.);
#2407 = ORIENTED_EDGE('',*,*,#2408,.T.);
#2408 = EDGE_CURVE('',#1631,#1740,#2409,.T.);
#2409 = LINE('',#2410,#2411);
#2410 = CARTESIAN_POINT('',(-0.85,-0.175,0.6));
#2411 = VECTOR('',#2412,1.);
#2412 = DIRECTION('',(1.144237745222E-17,1.,0.));
#2413 = ORIENTED_EDGE('',*,*,#1748,.T.);
#2414 = ORIENTED_EDGE('',*,*,#1765,.T.);
#2415 = ORIENTED_EDGE('',*,*,#1083,.F.);
#2416 = ORIENTED_EDGE('',*,*,#1540,.F.);
#2417 = PLANE('',#2418);
#2418 = AXIS2_PLACEMENT_3D('',#2419,#2420,#2421);
#2419 = CARTESIAN_POINT('',(-0.85,-0.175,0.6));
#2420 = DIRECTION('',(0.,0.,-1.));
#2421 = DIRECTION('',(1.,-1.144237745222E-17,0.));
#2422 = ADVANCED_FACE('',(#2423,#2452),#2463,.T.);
#2423 = FACE_BOUND('',#2424,.T.);
#2424 = EDGE_LOOP('',(#2425,#2426,#2427,#2428,#2436,#2444,#2450,#2451));
#2425 = ORIENTED_EDGE('',*,*,#1158,.F.);
#2426 = ORIENTED_EDGE('',*,*,#1135,.F.);
#2427 = ORIENTED_EDGE('',*,*,#1106,.F.);
#2428 = ORIENTED_EDGE('',*,*,#2429,.F.);
#2429 = EDGE_CURVE('',#2430,#1107,#2432,.T.);
#2430 = VERTEX_POINT('',#2431);
#2431 = CARTESIAN_POINT('',(-0.667905353927,-1.375810707854,0.95));
#2432 = LINE('',#2433,#2434);
#2433 = CARTESIAN_POINT('',(-0.667905353927,-1.375810707854,0.95));
#2434 = VECTOR('',#2435,1.);
#2435 = DIRECTION('',(-0.707106781187,0.707106781187,0.));
#2436 = ORIENTED_EDGE('',*,*,#2437,.F.);
#2437 = EDGE_CURVE('',#2438,#2430,#2440,.T.);
#2438 = VERTEX_POINT('',#2439);
#2439 = CARTESIAN_POINT('',(0.667905353927,-1.375810707854,0.95));
#2440 = LINE('',#2441,#2442);
#2441 = CARTESIAN_POINT('',(0.667905353927,-1.375810707854,0.95));
#2442 = VECTOR('',#2443,1.);
#2443 = DIRECTION('',(-1.,-1.110223024625E-16,0.));
#2444 = ORIENTED_EDGE('',*,*,#2445,.F.);
#2445 = EDGE_CURVE('',#1230,#2438,#2446,.T.);
#2446 = LINE('',#2447,#2448);
#2447 = CARTESIAN_POINT('',(0.725810707854,-1.317905353927,0.95));
#2448 = VECTOR('',#2449,1.);
#2449 = DIRECTION('',(-0.707106781187,-0.707106781187,0.));
#2450 = ORIENTED_EDGE('',*,*,#1236,.F.);
#2451 = ORIENTED_EDGE('',*,*,#1181,.F.);
#2452 = FACE_BOUND('',#2453,.T.);
#2453 = EDGE_LOOP('',(#2454));
#2454 = ORIENTED_EDGE('',*,*,#2455,.T.);
#2455 = EDGE_CURVE('',#2456,#2456,#2458,.T.);
#2456 = VERTEX_POINT('',#2457);
#2457 = CARTESIAN_POINT('',(-0.525810707854,1.125810707854,0.95));
#2458 = CIRCLE('',#2459,5.E-02);
#2459 = AXIS2_PLACEMENT_3D('',#2460,#2461,#2462);
#2460 = CARTESIAN_POINT('',(-0.525810707854,1.175810707854,0.95));
#2461 = DIRECTION('',(0.,-0.,-1.));
#2462 = DIRECTION('',(1.110223024625E-16,-1.,0.));
#2463 = PLANE('',#2464);
#2464 = AXIS2_PLACEMENT_3D('',#2465,#2466,#2467);
#2465 = CARTESIAN_POINT('',(-0.667905353927,1.375810707854,0.95));
#2466 = DIRECTION('',(0.,0.,1.));
#2467 = DIRECTION('',(0.436721133329,-0.89959693847,0.));
#2468 = ADVANCED_FACE('',(#2469),#2479,.F.);
#2469 = FACE_BOUND('',#2470,.F.);
#2470 = EDGE_LOOP('',(#2471,#2472,#2473,#2474));
#2471 = ORIENTED_EDGE('',*,*,#1307,.T.);
#2472 = ORIENTED_EDGE('',*,*,#1114,.T.);
#2473 = ORIENTED_EDGE('',*,*,#2429,.F.);
#2474 = ORIENTED_EDGE('',*,*,#2475,.F.);
#2475 = EDGE_CURVE('',#1308,#2430,#2476,.T.);
#2476 = B_SPLINE_CURVE_WITH_KNOTS('',1,(#2477,#2478),.UNSPECIFIED.,.F.,
  .F.,(2,2),(0.,1.),.PIECEWISE_BEZIER_KNOTS.);
#2477 = CARTESIAN_POINT('',(-0.6925,-1.425,0.6));
#2478 = CARTESIAN_POINT('',(-0.667905353927,-1.375810707854,0.95));
#2479 = B_SPLINE_SURFACE_WITH_KNOTS('',1,1,(
    (#2480,#2481)
    ,(#2482,#2483
    )),.UNSPECIFIED.,.F.,.F.,.F.,(2,2),(2,2),(0.,0.116672618896),(0.,1.)
  ,.PIECEWISE_BEZIER_KNOTS.);
#2480 = CARTESIAN_POINT('',(-0.6925,-1.425,0.6));
#2481 = CARTESIAN_POINT('',(-0.667905353927,-1.375810707854,0.95));
#2482 = CARTESIAN_POINT('',(-0.775,-1.3425,0.6));
#2483 = CARTESIAN_POINT('',(-0.725810707854,-1.317905353927,0.95));
#2484 = ADVANCED_FACE('',(#2485),#2498,.F.);
#2485 = FACE_BOUND('',#2486,.F.);
#2486 = EDGE_LOOP('',(#2487,#2488,#2494,#2495,#2496,#2497));
#2487 = ORIENTED_EDGE('',*,*,#2248,.F.);
#2488 = ORIENTED_EDGE('',*,*,#2489,.T.);
#2489 = EDGE_CURVE('',#2240,#2349,#2490,.T.);
#2490 = LINE('',#2491,#2492);
#2491 = CARTESIAN_POINT('',(0.85,-0.775,0.6));
#2492 = VECTOR('',#2493,1.);
#2493 = DIRECTION('',(1.110223024625E-16,-1.,0.));
#2494 = ORIENTED_EDGE('',*,*,#2357,.T.);
#2495 = ORIENTED_EDGE('',*,*,#1289,.T.);
#2496 = ORIENTED_EDGE('',*,*,#1213,.F.);
#2497 = ORIENTED_EDGE('',*,*,#2155,.F.);
#2498 = PLANE('',#2499);
#2499 = AXIS2_PLACEMENT_3D('',#2500,#2501,#2502);
#2500 = CARTESIAN_POINT('',(0.85,-0.775,0.6));
#2501 = DIRECTION('',(0.,0.,-1.));
#2502 = DIRECTION('',(-1.,-1.110223024625E-16,-0.));
#2503 = ADVANCED_FACE('',(#2504),#2514,.F.);
#2504 = FACE_BOUND('',#2505,.F.);
#2505 = EDGE_LOOP('',(#2506,#2507,#2512,#2513));
#2506 = ORIENTED_EDGE('',*,*,#1323,.T.);
#2507 = ORIENTED_EDGE('',*,*,#2508,.T.);
#2508 = EDGE_CURVE('',#1316,#2438,#2509,.T.);
#2509 = B_SPLINE_CURVE_WITH_KNOTS('',1,(#2510,#2511),.UNSPECIFIED.,.F.,
  .F.,(2,2),(0.,1.),.PIECEWISE_BEZIER_KNOTS.);
#2510 = CARTESIAN_POINT('',(0.6925,-1.425,0.6));
#2511 = CARTESIAN_POINT('',(0.667905353927,-1.375810707854,0.95));
#2512 = ORIENTED_EDGE('',*,*,#2445,.F.);
#2513 = ORIENTED_EDGE('',*,*,#1229,.F.);
#2514 = B_SPLINE_SURFACE_WITH_KNOTS('',1,1,(
    (#2515,#2516)
    ,(#2517,#2518
    )),.UNSPECIFIED.,.F.,.F.,.F.,(2,2),(2,2),(0.,0.116672618896),(0.,1.)
  ,.PIECEWISE_BEZIER_KNOTS.);
#2515 = CARTESIAN_POINT('',(0.775,-1.3425,0.6));
#2516 = CARTESIAN_POINT('',(0.725810707854,-1.317905353927,0.95));
#2517 = CARTESIAN_POINT('',(0.6925,-1.425,0.6));
#2518 = CARTESIAN_POINT('',(0.667905353927,-1.375810707854,0.95));
#2519 = ADVANCED_FACE('',(#2520),#2531,.T.);
#2520 = FACE_BOUND('',#2521,.T.);
#2521 = EDGE_LOOP('',(#2522,#2523,#2524,#2525));
#2522 = ORIENTED_EDGE('',*,*,#2035,.T.);
#2523 = ORIENTED_EDGE('',*,*,#1259,.T.);
#2524 = ORIENTED_EDGE('',*,*,#2137,.F.);
#2525 = ORIENTED_EDGE('',*,*,#2526,.F.);
#2526 = EDGE_CURVE('',#2028,#2130,#2527,.T.);
#2527 = LINE('',#2528,#2529);
#2528 = CARTESIAN_POINT('',(1.096201938253,1.125,0.393412044417));
#2529 = VECTOR('',#2530,1.);
#2530 = DIRECTION('',(1.110223024625E-16,-1.,0.));
#2531 = CYLINDRICAL_SURFACE('',#2532,0.25);
#2532 = AXIS2_PLACEMENT_3D('',#2533,#2534,#2535);
#2533 = CARTESIAN_POINT('',(0.85,1.125,0.35));
#2534 = DIRECTION('',(-1.110223024625E-16,1.,0.));
#2535 = DIRECTION('',(0.984807753012,1.093356242223E-16,0.173648177667)
  );
#2536 = ADVANCED_FACE('',(#2537),#2543,.F.);
#2537 = FACE_BOUND('',#2538,.F.);
#2538 = EDGE_LOOP('',(#2539,#2540,#2541,#2542));
#2539 = ORIENTED_EDGE('',*,*,#1315,.T.);
#2540 = ORIENTED_EDGE('',*,*,#2475,.T.);
#2541 = ORIENTED_EDGE('',*,*,#2437,.F.);
#2542 = ORIENTED_EDGE('',*,*,#2508,.F.);
#2543 = B_SPLINE_SURFACE_WITH_KNOTS('',1,1,(
    (#2544,#2545)
    ,(#2546,#2547
    )),.UNSPECIFIED.,.F.,.F.,.F.,(2,2),(2,2),(0.,1.385),(0.,1.),
  .PIECEWISE_BEZIER_KNOTS.);
#2544 = CARTESIAN_POINT('',(0.6925,-1.425,0.6));
#2545 = CARTESIAN_POINT('',(0.667905353927,-1.375810707854,0.95));
#2546 = CARTESIAN_POINT('',(-0.6925,-1.425,0.6));
#2547 = CARTESIAN_POINT('',(-0.667905353927,-1.375810707854,0.95));
#2548 = ADVANCED_FACE('',(#2549),#2560,.T.);
#2549 = FACE_BOUND('',#2550,.T.);
#2550 = EDGE_LOOP('',(#2551,#2552,#2553,#2554));
#2551 = ORIENTED_EDGE('',*,*,#1407,.T.);
#2552 = ORIENTED_EDGE('',*,*,#2389,.T.);
#2553 = ORIENTED_EDGE('',*,*,#1516,.F.);
#2554 = ORIENTED_EDGE('',*,*,#2555,.F.);
#2555 = EDGE_CURVE('',#1400,#1509,#2556,.T.);
#2556 = LINE('',#2557,#2558);
#2557 = CARTESIAN_POINT('',(-1.096201938253,-1.125,0.393412044417));
#2558 = VECTOR('',#2559,1.);
#2559 = DIRECTION('',(1.144237745222E-17,1.,0.));
#2560 = CYLINDRICAL_SURFACE('',#2561,0.25);
#2561 = AXIS2_PLACEMENT_3D('',#2562,#2563,#2564);
#2562 = CARTESIAN_POINT('',(-0.85,-1.125,0.35));
#2563 = DIRECTION('',(-1.144237745222E-17,-1.,0.));
#2564 = DIRECTION('',(-0.984807753012,1.126854202784E-17,0.173648177667)
  );
#2565 = ADVANCED_FACE('',(#2566),#2577,.F.);
#2566 = FACE_BOUND('',#2567,.F.);
#2567 = EDGE_LOOP('',(#2568,#2574,#2575,#2576));
#2568 = ORIENTED_EDGE('',*,*,#2569,.T.);
#2569 = EDGE_CURVE('',#1391,#1500,#2570,.T.);
#2570 = LINE('',#2571,#2572);
#2571 = CARTESIAN_POINT('',(-1.11915192277,-1.125,0.232635182233));
#2572 = VECTOR('',#2573,1.);
#2573 = DIRECTION('',(1.144237745222E-17,1.,0.));
#2574 = ORIENTED_EDGE('',*,*,#1508,.T.);
#2575 = ORIENTED_EDGE('',*,*,#2555,.F.);
#2576 = ORIENTED_EDGE('',*,*,#1399,.F.);
#2577 = PLANE('',#2578);
#2578 = AXIS2_PLACEMENT_3D('',#2579,#2580,#2581);
#2579 = CARTESIAN_POINT('',(-1.11915192277,-1.125,0.232635182233));
#2580 = DIRECTION('',(0.989965123745,-1.132755461042E-17,-0.14131190243)
  );
#2581 = DIRECTION('',(0.14131190243,-1.616944126098E-18,0.989965123745)
  );
#2582 = ADVANCED_FACE('',(#2583),#2594,.F.);
#2583 = FACE_BOUND('',#2584,.F.);
#2584 = EDGE_LOOP('',(#2585,#2591,#2592,#2593));
#2585 = ORIENTED_EDGE('',*,*,#2586,.T.);
#2586 = EDGE_CURVE('',#1383,#1492,#2587,.T.);
#2587 = LINE('',#2588,#2589);
#2588 = CARTESIAN_POINT('',(-1.217632698071,-1.125,0.15));
#2589 = VECTOR('',#2590,1.);
#2590 = DIRECTION('',(1.144237745222E-17,1.,0.));
#2591 = ORIENTED_EDGE('',*,*,#1499,.T.);
#2592 = ORIENTED_EDGE('',*,*,#2569,.F.);
#2593 = ORIENTED_EDGE('',*,*,#1390,.F.);
#2594 = CYLINDRICAL_SURFACE('',#2595,0.1);
#2595 = AXIS2_PLACEMENT_3D('',#2596,#2597,#2598);
#2596 = CARTESIAN_POINT('',(-1.217632698071,-1.125,0.25));
#2597 = DIRECTION('',(-1.144237745222E-17,-1.,0.));
#2598 = DIRECTION('',(-2.22044604925E-15,2.540718180781E-32,-1.));
#2599 = ADVANCED_FACE('',(#2600),#2611,.F.);
#2600 = FACE_BOUND('',#2601,.F.);
#2601 = EDGE_LOOP('',(#2602,#2608,#2609,#2610));
#2602 = ORIENTED_EDGE('',*,*,#2603,.T.);
#2603 = EDGE_CURVE('',#1375,#1484,#2604,.T.);
#2604 = LINE('',#2605,#2606);
#2605 = CARTESIAN_POINT('',(-1.4,-1.125,0.15));
#2606 = VECTOR('',#2607,1.);
#2607 = DIRECTION('',(1.144237745222E-17,1.,0.));
#2608 = ORIENTED_EDGE('',*,*,#1491,.T.);
#2609 = ORIENTED_EDGE('',*,*,#2586,.F.);
#2610 = ORIENTED_EDGE('',*,*,#1382,.F.);
#2611 = PLANE('',#2612);
#2612 = AXIS2_PLACEMENT_3D('',#2613,#2614,#2615);
#2613 = CARTESIAN_POINT('',(-1.4,-1.125,0.15));
#2614 = DIRECTION('',(0.,0.,-1.));
#2615 = DIRECTION('',(1.,-1.144237745222E-17,0.));
#2616 = ADVANCED_FACE('',(#2617),#2628,.F.);
#2617 = FACE_BOUND('',#2618,.F.);
#2618 = EDGE_LOOP('',(#2619,#2625,#2626,#2627));
#2619 = ORIENTED_EDGE('',*,*,#2620,.T.);
#2620 = EDGE_CURVE('',#1367,#1476,#2621,.T.);
#2621 = LINE('',#2622,#2623);
#2622 = CARTESIAN_POINT('',(-1.4,-1.125,5.551115123126E-17));
#2623 = VECTOR('',#2624,1.);
#2624 = DIRECTION('',(1.144237745222E-17,1.,0.));
#2625 = ORIENTED_EDGE('',*,*,#1483,.T.);
#2626 = ORIENTED_EDGE('',*,*,#2603,.F.);
#2627 = ORIENTED_EDGE('',*,*,#1374,.F.);
#2628 = PLANE('',#2629);
#2629 = AXIS2_PLACEMENT_3D('',#2630,#2631,#2632);
#2630 = CARTESIAN_POINT('',(-1.4,-1.125,5.551115123126E-17));
#2631 = DIRECTION('',(1.,-1.144237745222E-17,0.));
#2632 = DIRECTION('',(0.,0.,1.));
#2633 = ADVANCED_FACE('',(#2634),#2645,.F.);
#2634 = FACE_BOUND('',#2635,.F.);
#2635 = EDGE_LOOP('',(#2636,#2642,#2643,#2644));
#2636 = ORIENTED_EDGE('',*,*,#2637,.T.);
#2637 = EDGE_CURVE('',#1358,#1467,#2638,.T.);
#2638 = LINE('',#2639,#2640);
#2639 = CARTESIAN_POINT('',(-1.217632698071,-1.125,5.551115123126E-17));
#2640 = VECTOR('',#2641,1.);
#2641 = DIRECTION('',(1.144237745222E-17,1.,0.));
#2642 = ORIENTED_EDGE('',*,*,#1475,.T.);
#2643 = ORIENTED_EDGE('',*,*,#2620,.F.);
#2644 = ORIENTED_EDGE('',*,*,#1366,.F.);
#2645 = PLANE('',#2646);
#2646 = AXIS2_PLACEMENT_3D('',#2647,#2648,#2649);
#2647 = CARTESIAN_POINT('',(-1.217632698071,-1.125,5.551115123126E-17));
#2648 = DIRECTION('',(0.,0.,1.));
#2649 = DIRECTION('',(-1.,1.144237745222E-17,0.));
#2650 = ADVANCED_FACE('',(#2651),#2662,.T.);
#2651 = FACE_BOUND('',#2652,.T.);
#2652 = EDGE_LOOP('',(#2653,#2654,#2655,#2656));
#2653 = ORIENTED_EDGE('',*,*,#1357,.T.);
#2654 = ORIENTED_EDGE('',*,*,#2637,.T.);
#2655 = ORIENTED_EDGE('',*,*,#1466,.F.);
#2656 = ORIENTED_EDGE('',*,*,#2657,.F.);
#2657 = EDGE_CURVE('',#1350,#1459,#2658,.T.);
#2658 = LINE('',#2659,#2660);
#2659 = CARTESIAN_POINT('',(-0.971430759818,-1.125,0.206587955583));
#2660 = VECTOR('',#2661,1.);
#2661 = DIRECTION('',(1.144237745222E-17,1.,0.));
#2662 = CYLINDRICAL_SURFACE('',#2663,0.25);
#2663 = AXIS2_PLACEMENT_3D('',#2664,#2665,#2666);
#2664 = CARTESIAN_POINT('',(-1.217632698071,-1.125,0.25));
#2665 = DIRECTION('',(-1.144237745222E-17,-1.,0.));
#2666 = DIRECTION('',(0.984807753012,-1.126854202784E-17,-0.173648177667
    ));
#2667 = ADVANCED_FACE('',(#2668),#2674,.F.);
#2668 = FACE_BOUND('',#2669,.F.);
#2669 = EDGE_LOOP('',(#2670,#2671,#2672,#2673));
#2670 = ORIENTED_EDGE('',*,*,#1440,.T.);
#2671 = ORIENTED_EDGE('',*,*,#1458,.T.);
#2672 = ORIENTED_EDGE('',*,*,#2657,.F.);
#2673 = ORIENTED_EDGE('',*,*,#1349,.F.);
#2674 = PLANE('',#2675);
#2675 = AXIS2_PLACEMENT_3D('',#2676,#2677,#2678);
#2676 = CARTESIAN_POINT('',(-0.948480775301,-1.125,0.367364817767));
#2677 = DIRECTION('',(-0.989965123745,1.132755461042E-17,0.14131190243)
  );
#2678 = DIRECTION('',(-0.14131190243,1.616944126098E-18,-0.989965123745)
  );
#2679 = ADVANCED_FACE('',(#2680),#2691,.T.);
#2680 = FACE_BOUND('',#2681,.T.);
#2681 = EDGE_LOOP('',(#2682,#2683,#2684,#2685));
#2682 = ORIENTED_EDGE('',*,*,#1630,.T.);
#2683 = ORIENTED_EDGE('',*,*,#2408,.T.);
#2684 = ORIENTED_EDGE('',*,*,#1739,.F.);
#2685 = ORIENTED_EDGE('',*,*,#2686,.F.);
#2686 = EDGE_CURVE('',#1623,#1732,#2687,.T.);
#2687 = LINE('',#2688,#2689);
#2688 = CARTESIAN_POINT('',(-1.096201938253,-0.175,0.393412044417));
#2689 = VECTOR('',#2690,1.);
#2690 = DIRECTION('',(1.144237745222E-17,1.,0.));
#2691 = CYLINDRICAL_SURFACE('',#2692,0.25);
#2692 = AXIS2_PLACEMENT_3D('',#2693,#2694,#2695);
#2693 = CARTESIAN_POINT('',(-0.85,-0.175,0.35));
#2694 = DIRECTION('',(-1.144237745222E-17,-1.,0.));
#2695 = DIRECTION('',(-0.984807753012,1.126854202784E-17,0.173648177667)
  );
#2696 = ADVANCED_FACE('',(#2697),#2708,.F.);
#2697 = FACE_BOUND('',#2698,.F.);
#2698 = EDGE_LOOP('',(#2699,#2705,#2706,#2707));
#2699 = ORIENTED_EDGE('',*,*,#2700,.T.);
#2700 = EDGE_CURVE('',#1614,#1723,#2701,.T.);
#2701 = LINE('',#2702,#2703);
#2702 = CARTESIAN_POINT('',(-1.11915192277,-0.175,0.232635182233));
#2703 = VECTOR('',#2704,1.);
#2704 = DIRECTION('',(1.144237745222E-17,1.,0.));
#2705 = ORIENTED_EDGE('',*,*,#1731,.T.);
#2706 = ORIENTED_EDGE('',*,*,#2686,.F.);
#2707 = ORIENTED_EDGE('',*,*,#1622,.F.);
#2708 = PLANE('',#2709);
#2709 = AXIS2_PLACEMENT_3D('',#2710,#2711,#2712);
#2710 = CARTESIAN_POINT('',(-1.11915192277,-0.175,0.232635182233));
#2711 = DIRECTION('',(0.989965123745,-1.132755461042E-17,-0.14131190243)
  );
#2712 = DIRECTION('',(0.14131190243,-1.616944126098E-18,0.989965123745)
  );
#2713 = ADVANCED_FACE('',(#2714),#2725,.F.);
#2714 = FACE_BOUND('',#2715,.F.);
#2715 = EDGE_LOOP('',(#2716,#2722,#2723,#2724));
#2716 = ORIENTED_EDGE('',*,*,#2717,.T.);
#2717 = EDGE_CURVE('',#1606,#1715,#2718,.T.);
#2718 = LINE('',#2719,#2720);
#2719 = CARTESIAN_POINT('',(-1.217632698071,-0.175,0.15));
#2720 = VECTOR('',#2721,1.);
#2721 = DIRECTION('',(1.144237745222E-17,1.,0.));
#2722 = ORIENTED_EDGE('',*,*,#1722,.T.);
#2723 = ORIENTED_EDGE('',*,*,#2700,.F.);
#2724 = ORIENTED_EDGE('',*,*,#1613,.F.);
#2725 = CYLINDRICAL_SURFACE('',#2726,0.1);
#2726 = AXIS2_PLACEMENT_3D('',#2727,#2728,#2729);
#2727 = CARTESIAN_POINT('',(-1.217632698071,-0.175,0.25));
#2728 = DIRECTION('',(-1.144237745222E-17,-1.,0.));
#2729 = DIRECTION('',(-2.22044604925E-15,2.540718180781E-32,-1.));
#2730 = ADVANCED_FACE('',(#2731),#2742,.F.);
#2731 = FACE_BOUND('',#2732,.F.);
#2732 = EDGE_LOOP('',(#2733,#2739,#2740,#2741));
#2733 = ORIENTED_EDGE('',*,*,#2734,.T.);
#2734 = EDGE_CURVE('',#1598,#1707,#2735,.T.);
#2735 = LINE('',#2736,#2737);
#2736 = CARTESIAN_POINT('',(-1.4,-0.175,0.15));
#2737 = VECTOR('',#2738,1.);
#2738 = DIRECTION('',(1.144237745222E-17,1.,0.));
#2739 = ORIENTED_EDGE('',*,*,#1714,.T.);
#2740 = ORIENTED_EDGE('',*,*,#2717,.F.);
#2741 = ORIENTED_EDGE('',*,*,#1605,.F.);
#2742 = PLANE('',#2743);
#2743 = AXIS2_PLACEMENT_3D('',#2744,#2745,#2746);
#2744 = CARTESIAN_POINT('',(-1.4,-0.175,0.15));
#2745 = DIRECTION('',(0.,0.,-1.));
#2746 = DIRECTION('',(1.,-1.144237745222E-17,0.));
#2747 = ADVANCED_FACE('',(#2748),#2759,.F.);
#2748 = FACE_BOUND('',#2749,.F.);
#2749 = EDGE_LOOP('',(#2750,#2756,#2757,#2758));
#2750 = ORIENTED_EDGE('',*,*,#2751,.T.);
#2751 = EDGE_CURVE('',#1590,#1699,#2752,.T.);
#2752 = LINE('',#2753,#2754);
#2753 = CARTESIAN_POINT('',(-1.4,-0.175,5.551115123126E-17));
#2754 = VECTOR('',#2755,1.);
#2755 = DIRECTION('',(1.144237745222E-17,1.,0.));
#2756 = ORIENTED_EDGE('',*,*,#1706,.T.);
#2757 = ORIENTED_EDGE('',*,*,#2734,.F.);
#2758 = ORIENTED_EDGE('',*,*,#1597,.F.);
#2759 = PLANE('',#2760);
#2760 = AXIS2_PLACEMENT_3D('',#2761,#2762,#2763);
#2761 = CARTESIAN_POINT('',(-1.4,-0.175,5.551115123126E-17));
#2762 = DIRECTION('',(1.,-1.144237745222E-17,0.));
#2763 = DIRECTION('',(0.,0.,1.));
#2764 = ADVANCED_FACE('',(#2765),#2776,.F.);
#2765 = FACE_BOUND('',#2766,.F.);
#2766 = EDGE_LOOP('',(#2767,#2773,#2774,#2775));
#2767 = ORIENTED_EDGE('',*,*,#2768,.T.);
#2768 = EDGE_CURVE('',#1581,#1690,#2769,.T.);
#2769 = LINE('',#2770,#2771);
#2770 = CARTESIAN_POINT('',(-1.217632698071,-0.175,5.551115123126E-17));
#2771 = VECTOR('',#2772,1.);
#2772 = DIRECTION('',(1.144237745222E-17,1.,0.));
#2773 = ORIENTED_EDGE('',*,*,#1698,.T.);
#2774 = ORIENTED_EDGE('',*,*,#2751,.F.);
#2775 = ORIENTED_EDGE('',*,*,#1589,.F.);
#2776 = PLANE('',#2777);
#2777 = AXIS2_PLACEMENT_3D('',#2778,#2779,#2780);
#2778 = CARTESIAN_POINT('',(-1.217632698071,-0.175,5.551115123126E-17));
#2779 = DIRECTION('',(0.,0.,1.));
#2780 = DIRECTION('',(-1.,1.144237745222E-17,0.));
#2781 = ADVANCED_FACE('',(#2782),#2793,.T.);
#2782 = FACE_BOUND('',#2783,.T.);
#2783 = EDGE_LOOP('',(#2784,#2785,#2786,#2787));
#2784 = ORIENTED_EDGE('',*,*,#1580,.T.);
#2785 = ORIENTED_EDGE('',*,*,#2768,.T.);
#2786 = ORIENTED_EDGE('',*,*,#1689,.F.);
#2787 = ORIENTED_EDGE('',*,*,#2788,.F.);
#2788 = EDGE_CURVE('',#1573,#1682,#2789,.T.);
#2789 = LINE('',#2790,#2791);
#2790 = CARTESIAN_POINT('',(-0.971430759818,-0.175,0.206587955583));
#2791 = VECTOR('',#2792,1.);
#2792 = DIRECTION('',(1.144237745222E-17,1.,0.));
#2793 = CYLINDRICAL_SURFACE('',#2794,0.25);
#2794 = AXIS2_PLACEMENT_3D('',#2795,#2796,#2797);
#2795 = CARTESIAN_POINT('',(-1.217632698071,-0.175,0.25));
#2796 = DIRECTION('',(-1.144237745222E-17,-1.,0.));
#2797 = DIRECTION('',(0.984807753012,-1.126854202784E-17,-0.173648177667
    ));
#2798 = ADVANCED_FACE('',(#2799),#2805,.F.);
#2799 = FACE_BOUND('',#2800,.F.);
#2800 = EDGE_LOOP('',(#2801,#2802,#2803,#2804));
#2801 = ORIENTED_EDGE('',*,*,#1663,.T.);
#2802 = ORIENTED_EDGE('',*,*,#1681,.T.);
#2803 = ORIENTED_EDGE('',*,*,#2788,.F.);
#2804 = ORIENTED_EDGE('',*,*,#1572,.F.);
#2805 = PLANE('',#2806);
#2806 = AXIS2_PLACEMENT_3D('',#2807,#2808,#2809);
#2807 = CARTESIAN_POINT('',(-0.948480775301,-0.175,0.367364817767));
#2808 = DIRECTION('',(-0.989965123745,1.132755461042E-17,0.14131190243)
  );
#2809 = DIRECTION('',(-0.14131190243,1.616944126098E-18,-0.989965123745)
  );
#2810 = ADVANCED_FACE('',(#2811),#2822,.F.);
#2811 = FACE_BOUND('',#2812,.F.);
#2812 = EDGE_LOOP('',(#2813,#2819,#2820,#2821));
#2813 = ORIENTED_EDGE('',*,*,#2814,.T.);
#2814 = EDGE_CURVE('',#1832,#1934,#2815,.T.);
#2815 = LINE('',#2816,#2817);
#2816 = CARTESIAN_POINT('',(-1.11915192277,0.775,0.232635182233));
#2817 = VECTOR('',#2818,1.);
#2818 = DIRECTION('',(1.144237745222E-17,1.,0.));
#2819 = ORIENTED_EDGE('',*,*,#1942,.T.);
#2820 = ORIENTED_EDGE('',*,*,#2374,.F.);
#2821 = ORIENTED_EDGE('',*,*,#1840,.F.);
#2822 = PLANE('',#2823);
#2823 = AXIS2_PLACEMENT_3D('',#2824,#2825,#2826);
#2824 = CARTESIAN_POINT('',(-1.11915192277,0.775,0.232635182233));
#2825 = DIRECTION('',(0.989965123745,-1.132755461042E-17,-0.14131190243)
  );
#2826 = DIRECTION('',(0.14131190243,-1.616944126098E-18,0.989965123745)
  );
#2827 = ADVANCED_FACE('',(#2828),#2839,.F.);
#2828 = FACE_BOUND('',#2829,.F.);
#2829 = EDGE_LOOP('',(#2830,#2836,#2837,#2838));
#2830 = ORIENTED_EDGE('',*,*,#2831,.T.);
#2831 = EDGE_CURVE('',#1824,#1926,#2832,.T.);
#2832 = LINE('',#2833,#2834);
#2833 = CARTESIAN_POINT('',(-1.217632698071,0.775,0.15));
#2834 = VECTOR('',#2835,1.);
#2835 = DIRECTION('',(1.144237745222E-17,1.,0.));
#2836 = ORIENTED_EDGE('',*,*,#1933,.T.);
#2837 = ORIENTED_EDGE('',*,*,#2814,.F.);
#2838 = ORIENTED_EDGE('',*,*,#1831,.F.);
#2839 = CYLINDRICAL_SURFACE('',#2840,0.1);
#2840 = AXIS2_PLACEMENT_3D('',#2841,#2842,#2843);
#2841 = CARTESIAN_POINT('',(-1.217632698071,0.775,0.25));
#2842 = DIRECTION('',(-1.144237745222E-17,-1.,0.));
#2843 = DIRECTION('',(-2.22044604925E-15,2.540718180781E-32,-1.));
#2844 = ADVANCED_FACE('',(#2845),#2856,.F.);
#2845 = FACE_BOUND('',#2846,.F.);
#2846 = EDGE_LOOP('',(#2847,#2853,#2854,#2855));
#2847 = ORIENTED_EDGE('',*,*,#2848,.T.);
#2848 = EDGE_CURVE('',#1816,#1918,#2849,.T.);
#2849 = LINE('',#2850,#2851);
#2850 = CARTESIAN_POINT('',(-1.4,0.775,0.15));
#2851 = VECTOR('',#2852,1.);
#2852 = DIRECTION('',(1.144237745222E-17,1.,0.));
#2853 = ORIENTED_EDGE('',*,*,#1925,.T.);
#2854 = ORIENTED_EDGE('',*,*,#2831,.F.);
#2855 = ORIENTED_EDGE('',*,*,#1823,.F.);
#2856 = PLANE('',#2857);
#2857 = AXIS2_PLACEMENT_3D('',#2858,#2859,#2860);
#2858 = CARTESIAN_POINT('',(-1.4,0.775,0.15));
#2859 = DIRECTION('',(0.,0.,-1.));
#2860 = DIRECTION('',(1.,-1.144237745222E-17,0.));
#2861 = ADVANCED_FACE('',(#2862),#2873,.F.);
#2862 = FACE_BOUND('',#2863,.F.);
#2863 = EDGE_LOOP('',(#2864,#2870,#2871,#2872));
#2864 = ORIENTED_EDGE('',*,*,#2865,.T.);
#2865 = EDGE_CURVE('',#1808,#1910,#2866,.T.);
#2866 = LINE('',#2867,#2868);
#2867 = CARTESIAN_POINT('',(-1.4,0.775,5.551115123126E-17));
#2868 = VECTOR('',#2869,1.);
#2869 = DIRECTION('',(1.144237745222E-17,1.,0.));
#2870 = ORIENTED_EDGE('',*,*,#1917,.T.);
#2871 = ORIENTED_EDGE('',*,*,#2848,.F.);
#2872 = ORIENTED_EDGE('',*,*,#1815,.F.);
#2873 = PLANE('',#2874);
#2874 = AXIS2_PLACEMENT_3D('',#2875,#2876,#2877);
#2875 = CARTESIAN_POINT('',(-1.4,0.775,5.551115123126E-17));
#2876 = DIRECTION('',(1.,-1.144237745222E-17,0.));
#2877 = DIRECTION('',(0.,0.,1.));
#2878 = ADVANCED_FACE('',(#2879),#2890,.F.);
#2879 = FACE_BOUND('',#2880,.F.);
#2880 = EDGE_LOOP('',(#2881,#2887,#2888,#2889));
#2881 = ORIENTED_EDGE('',*,*,#2882,.T.);
#2882 = EDGE_CURVE('',#1799,#1901,#2883,.T.);
#2883 = LINE('',#2884,#2885);
#2884 = CARTESIAN_POINT('',(-1.217632698071,0.775,5.551115123126E-17));
#2885 = VECTOR('',#2886,1.);
#2886 = DIRECTION('',(1.144237745222E-17,1.,0.));
#2887 = ORIENTED_EDGE('',*,*,#1909,.T.);
#2888 = ORIENTED_EDGE('',*,*,#2865,.F.);
#2889 = ORIENTED_EDGE('',*,*,#1807,.F.);
#2890 = PLANE('',#2891);
#2891 = AXIS2_PLACEMENT_3D('',#2892,#2893,#2894);
#2892 = CARTESIAN_POINT('',(-1.217632698071,0.775,5.551115123126E-17));
#2893 = DIRECTION('',(0.,0.,1.));
#2894 = DIRECTION('',(-1.,1.144237745222E-17,0.));
#2895 = ADVANCED_FACE('',(#2896),#2907,.T.);
#2896 = FACE_BOUND('',#2897,.T.);
#2897 = EDGE_LOOP('',(#2898,#2899,#2900,#2901));
#2898 = ORIENTED_EDGE('',*,*,#1798,.T.);
#2899 = ORIENTED_EDGE('',*,*,#2882,.T.);
#2900 = ORIENTED_EDGE('',*,*,#1900,.F.);
#2901 = ORIENTED_EDGE('',*,*,#2902,.F.);
#2902 = EDGE_CURVE('',#1791,#1893,#2903,.T.);
#2903 = LINE('',#2904,#2905);
#2904 = CARTESIAN_POINT('',(-0.971430759818,0.775,0.206587955583));
#2905 = VECTOR('',#2906,1.);
#2906 = DIRECTION('',(1.144237745222E-17,1.,0.));
#2907 = CYLINDRICAL_SURFACE('',#2908,0.25);
#2908 = AXIS2_PLACEMENT_3D('',#2909,#2910,#2911);
#2909 = CARTESIAN_POINT('',(-1.217632698071,0.775,0.25));
#2910 = DIRECTION('',(-1.144237745222E-17,-1.,0.));
#2911 = DIRECTION('',(0.984807753012,-1.126854202784E-17,-0.173648177667
    ));
#2912 = ADVANCED_FACE('',(#2913),#2919,.F.);
#2913 = FACE_BOUND('',#2914,.F.);
#2914 = EDGE_LOOP('',(#2915,#2916,#2917,#2918));
#2915 = ORIENTED_EDGE('',*,*,#1874,.T.);
#2916 = ORIENTED_EDGE('',*,*,#1892,.T.);
#2917 = ORIENTED_EDGE('',*,*,#2902,.F.);
#2918 = ORIENTED_EDGE('',*,*,#1790,.F.);
#2919 = PLANE('',#2920);
#2920 = AXIS2_PLACEMENT_3D('',#2921,#2922,#2923);
#2921 = CARTESIAN_POINT('',(-0.948480775301,0.775,0.367364817767));
#2922 = DIRECTION('',(-0.989965123745,1.132755461042E-17,0.14131190243)
  );
#2923 = DIRECTION('',(-0.14131190243,1.616944126098E-18,-0.989965123745)
  );
#2924 = ADVANCED_FACE('',(#2925),#2936,.F.);
#2925 = FACE_BOUND('',#2926,.F.);
#2926 = EDGE_LOOP('',(#2927,#2933,#2934,#2935));
#2927 = ORIENTED_EDGE('',*,*,#2928,.T.);
#2928 = EDGE_CURVE('',#2019,#2121,#2929,.T.);
#2929 = LINE('',#2930,#2931);
#2930 = CARTESIAN_POINT('',(1.11915192277,1.125,0.232635182233));
#2931 = VECTOR('',#2932,1.);
#2932 = DIRECTION('',(1.110223024625E-16,-1.,0.));
#2933 = ORIENTED_EDGE('',*,*,#2129,.T.);
#2934 = ORIENTED_EDGE('',*,*,#2526,.F.);
#2935 = ORIENTED_EDGE('',*,*,#2027,.F.);
#2936 = PLANE('',#2937);
#2937 = AXIS2_PLACEMENT_3D('',#2938,#2939,#2940);
#2938 = CARTESIAN_POINT('',(1.11915192277,1.125,0.232635182233));
#2939 = DIRECTION('',(-0.989965123745,-1.099082073958E-16,-0.14131190243
    ));
#2940 = DIRECTION('',(-0.14131190243,-1.568877277316E-17,0.989965123745)
  );
#2941 = ADVANCED_FACE('',(#2942),#2953,.F.);
#2942 = FACE_BOUND('',#2943,.F.);
#2943 = EDGE_LOOP('',(#2944,#2950,#2951,#2952));
#2944 = ORIENTED_EDGE('',*,*,#2945,.T.);
#2945 = EDGE_CURVE('',#2011,#2113,#2946,.T.);
#2946 = LINE('',#2947,#2948);
#2947 = CARTESIAN_POINT('',(1.217632698071,1.125,0.15));
#2948 = VECTOR('',#2949,1.);
#2949 = DIRECTION('',(1.110223024625E-16,-1.,0.));
#2950 = ORIENTED_EDGE('',*,*,#2120,.T.);
#2951 = ORIENTED_EDGE('',*,*,#2928,.F.);
#2952 = ORIENTED_EDGE('',*,*,#2018,.F.);
#2953 = CYLINDRICAL_SURFACE('',#2954,0.1);
#2954 = AXIS2_PLACEMENT_3D('',#2955,#2956,#2957);
#2955 = CARTESIAN_POINT('',(1.217632698071,1.125,0.25));
#2956 = DIRECTION('',(-1.110223024625E-16,1.,0.));
#2957 = DIRECTION('',(2.22044604925E-15,2.465190328815E-31,-1.));
#2958 = ADVANCED_FACE('',(#2959),#2970,.F.);
#2959 = FACE_BOUND('',#2960,.F.);
#2960 = EDGE_LOOP('',(#2961,#2967,#2968,#2969));
#2961 = ORIENTED_EDGE('',*,*,#2962,.T.);
#2962 = EDGE_CURVE('',#2003,#2105,#2963,.T.);
#2963 = LINE('',#2964,#2965);
#2964 = CARTESIAN_POINT('',(1.4,1.125,0.15));
#2965 = VECTOR('',#2966,1.);
#2966 = DIRECTION('',(1.110223024625E-16,-1.,0.));
#2967 = ORIENTED_EDGE('',*,*,#2112,.T.);
#2968 = ORIENTED_EDGE('',*,*,#2945,.F.);
#2969 = ORIENTED_EDGE('',*,*,#2010,.F.);
#2970 = PLANE('',#2971);
#2971 = AXIS2_PLACEMENT_3D('',#2972,#2973,#2974);
#2972 = CARTESIAN_POINT('',(1.4,1.125,0.15));
#2973 = DIRECTION('',(0.,0.,-1.));
#2974 = DIRECTION('',(-1.,-1.110223024625E-16,-0.));
#2975 = ADVANCED_FACE('',(#2976),#2987,.F.);
#2976 = FACE_BOUND('',#2977,.F.);
#2977 = EDGE_LOOP('',(#2978,#2984,#2985,#2986));
#2978 = ORIENTED_EDGE('',*,*,#2979,.T.);
#2979 = EDGE_CURVE('',#1995,#2097,#2980,.T.);
#2980 = LINE('',#2981,#2982);
#2981 = CARTESIAN_POINT('',(1.4,1.125,5.551115123126E-17));
#2982 = VECTOR('',#2983,1.);
#2983 = DIRECTION('',(1.110223024625E-16,-1.,0.));
#2984 = ORIENTED_EDGE('',*,*,#2104,.T.);
#2985 = ORIENTED_EDGE('',*,*,#2962,.F.);
#2986 = ORIENTED_EDGE('',*,*,#2002,.F.);
#2987 = PLANE('',#2988);
#2988 = AXIS2_PLACEMENT_3D('',#2989,#2990,#2991);
#2989 = CARTESIAN_POINT('',(1.4,1.125,5.551115123126E-17));
#2990 = DIRECTION('',(-1.,-1.110223024625E-16,0.));
#2991 = DIRECTION('',(0.,0.,1.));
#2992 = ADVANCED_FACE('',(#2993),#3004,.F.);
#2993 = FACE_BOUND('',#2994,.F.);
#2994 = EDGE_LOOP('',(#2995,#3001,#3002,#3003));
#2995 = ORIENTED_EDGE('',*,*,#2996,.T.);
#2996 = EDGE_CURVE('',#1986,#2088,#2997,.T.);
#2997 = LINE('',#2998,#2999);
#2998 = CARTESIAN_POINT('',(1.217632698071,1.125,5.551115123126E-17));
#2999 = VECTOR('',#3000,1.);
#3000 = DIRECTION('',(1.110223024625E-16,-1.,0.));
#3001 = ORIENTED_EDGE('',*,*,#2096,.T.);
#3002 = ORIENTED_EDGE('',*,*,#2979,.F.);
#3003 = ORIENTED_EDGE('',*,*,#1994,.F.);
#3004 = PLANE('',#3005);
#3005 = AXIS2_PLACEMENT_3D('',#3006,#3007,#3008);
#3006 = CARTESIAN_POINT('',(1.217632698071,1.125,5.551115123126E-17));
#3007 = DIRECTION('',(0.,0.,1.));
#3008 = DIRECTION('',(1.,1.110223024625E-16,-0.));
#3009 = ADVANCED_FACE('',(#3010),#3021,.T.);
#3010 = FACE_BOUND('',#3011,.T.);
#3011 = EDGE_LOOP('',(#3012,#3013,#3014,#3015));
#3012 = ORIENTED_EDGE('',*,*,#1985,.T.);
#3013 = ORIENTED_EDGE('',*,*,#2996,.T.);
#3014 = ORIENTED_EDGE('',*,*,#2087,.F.);
#3015 = ORIENTED_EDGE('',*,*,#3016,.F.);
#3016 = EDGE_CURVE('',#1978,#2080,#3017,.T.);
#3017 = LINE('',#3018,#3019);
#3018 = CARTESIAN_POINT('',(0.971430759818,1.125,0.206587955583));
#3019 = VECTOR('',#3020,1.);
#3020 = DIRECTION('',(1.110223024625E-16,-1.,0.));
#3021 = CYLINDRICAL_SURFACE('',#3022,0.25);
#3022 = AXIS2_PLACEMENT_3D('',#3023,#3024,#3025);
#3023 = CARTESIAN_POINT('',(1.217632698071,1.125,0.25));
#3024 = DIRECTION('',(-1.110223024625E-16,1.,0.));
#3025 = DIRECTION('',(-0.984807753012,-1.093356242223E-16,
    -0.173648177667));
#3026 = ADVANCED_FACE('',(#3027),#3033,.F.);
#3027 = FACE_BOUND('',#3028,.F.);
#3028 = EDGE_LOOP('',(#3029,#3030,#3031,#3032));
#3029 = ORIENTED_EDGE('',*,*,#2061,.T.);
#3030 = ORIENTED_EDGE('',*,*,#2079,.T.);
#3031 = ORIENTED_EDGE('',*,*,#3016,.F.);
#3032 = ORIENTED_EDGE('',*,*,#1977,.F.);
#3033 = PLANE('',#3034);
#3034 = AXIS2_PLACEMENT_3D('',#3035,#3036,#3037);
#3035 = CARTESIAN_POINT('',(0.948480775301,1.125,0.367364817767));
#3036 = DIRECTION('',(0.989965123745,1.099082073958E-16,0.14131190243));
#3037 = DIRECTION('',(0.14131190243,1.568877277316E-17,-0.989965123745)
  );
#3038 = ADVANCED_FACE('',(#3039),#3050,.T.);
#3039 = FACE_BOUND('',#3040,.T.);
#3040 = EDGE_LOOP('',(#3041,#3042,#3043,#3044));
#3041 = ORIENTED_EDGE('',*,*,#2239,.T.);
#3042 = ORIENTED_EDGE('',*,*,#2489,.T.);
#3043 = ORIENTED_EDGE('',*,*,#2348,.F.);
#3044 = ORIENTED_EDGE('',*,*,#3045,.F.);
#3045 = EDGE_CURVE('',#2232,#2341,#3046,.T.);
#3046 = LINE('',#3047,#3048);
#3047 = CARTESIAN_POINT('',(1.096201938253,-0.775,0.393412044417));
#3048 = VECTOR('',#3049,1.);
#3049 = DIRECTION('',(1.110223024625E-16,-1.,0.));
#3050 = CYLINDRICAL_SURFACE('',#3051,0.25);
#3051 = AXIS2_PLACEMENT_3D('',#3052,#3053,#3054);
#3052 = CARTESIAN_POINT('',(0.85,-0.775,0.35));
#3053 = DIRECTION('',(-1.110223024625E-16,1.,0.));
#3054 = DIRECTION('',(0.984807753012,1.093356242223E-16,0.173648177667)
  );
#3055 = ADVANCED_FACE('',(#3056),#3067,.F.);
#3056 = FACE_BOUND('',#3057,.F.);
#3057 = EDGE_LOOP('',(#3058,#3064,#3065,#3066));
#3058 = ORIENTED_EDGE('',*,*,#3059,.T.);
#3059 = EDGE_CURVE('',#2223,#2332,#3060,.T.);
#3060 = LINE('',#3061,#3062);
#3061 = CARTESIAN_POINT('',(1.11915192277,-0.775,0.232635182233));
#3062 = VECTOR('',#3063,1.);
#3063 = DIRECTION('',(1.110223024625E-16,-1.,0.));
#3064 = ORIENTED_EDGE('',*,*,#2340,.T.);
#3065 = ORIENTED_EDGE('',*,*,#3045,.F.);
#3066 = ORIENTED_EDGE('',*,*,#2231,.F.);
#3067 = PLANE('',#3068);
#3068 = AXIS2_PLACEMENT_3D('',#3069,#3070,#3071);
#3069 = CARTESIAN_POINT('',(1.11915192277,-0.775,0.232635182233));
#3070 = DIRECTION('',(-0.989965123745,-1.099082073958E-16,-0.14131190243
    ));
#3071 = DIRECTION('',(-0.14131190243,-1.568877277316E-17,0.989965123745)
  );
#3072 = ADVANCED_FACE('',(#3073),#3084,.F.);
#3073 = FACE_BOUND('',#3074,.F.);
#3074 = EDGE_LOOP('',(#3075,#3081,#3082,#3083));
#3075 = ORIENTED_EDGE('',*,*,#3076,.T.);
#3076 = EDGE_CURVE('',#2215,#2324,#3077,.T.);
#3077 = LINE('',#3078,#3079);
#3078 = CARTESIAN_POINT('',(1.217632698071,-0.775,0.15));
#3079 = VECTOR('',#3080,1.);
#3080 = DIRECTION('',(1.110223024625E-16,-1.,0.));
#3081 = ORIENTED_EDGE('',*,*,#2331,.T.);
#3082 = ORIENTED_EDGE('',*,*,#3059,.F.);
#3083 = ORIENTED_EDGE('',*,*,#2222,.F.);
#3084 = CYLINDRICAL_SURFACE('',#3085,0.1);
#3085 = AXIS2_PLACEMENT_3D('',#3086,#3087,#3088);
#3086 = CARTESIAN_POINT('',(1.217632698071,-0.775,0.25));
#3087 = DIRECTION('',(-1.110223024625E-16,1.,0.));
#3088 = DIRECTION('',(2.22044604925E-15,2.465190328815E-31,-1.));
#3089 = ADVANCED_FACE('',(#3090),#3101,.F.);
#3090 = FACE_BOUND('',#3091,.F.);
#3091 = EDGE_LOOP('',(#3092,#3098,#3099,#3100));
#3092 = ORIENTED_EDGE('',*,*,#3093,.T.);
#3093 = EDGE_CURVE('',#2207,#2316,#3094,.T.);
#3094 = LINE('',#3095,#3096);
#3095 = CARTESIAN_POINT('',(1.4,-0.775,0.15));
#3096 = VECTOR('',#3097,1.);
#3097 = DIRECTION('',(1.110223024625E-16,-1.,0.));
#3098 = ORIENTED_EDGE('',*,*,#2323,.T.);
#3099 = ORIENTED_EDGE('',*,*,#3076,.F.);
#3100 = ORIENTED_EDGE('',*,*,#2214,.F.);
#3101 = PLANE('',#3102);
#3102 = AXIS2_PLACEMENT_3D('',#3103,#3104,#3105);
#3103 = CARTESIAN_POINT('',(1.4,-0.775,0.15));
#3104 = DIRECTION('',(0.,0.,-1.));
#3105 = DIRECTION('',(-1.,-1.110223024625E-16,-0.));
#3106 = ADVANCED_FACE('',(#3107),#3118,.F.);
#3107 = FACE_BOUND('',#3108,.F.);
#3108 = EDGE_LOOP('',(#3109,#3115,#3116,#3117));
#3109 = ORIENTED_EDGE('',*,*,#3110,.T.);
#3110 = EDGE_CURVE('',#2199,#2308,#3111,.T.);
#3111 = LINE('',#3112,#3113);
#3112 = CARTESIAN_POINT('',(1.4,-0.775,5.551115123126E-17));
#3113 = VECTOR('',#3114,1.);
#3114 = DIRECTION('',(1.110223024625E-16,-1.,0.));
#3115 = ORIENTED_EDGE('',*,*,#2315,.T.);
#3116 = ORIENTED_EDGE('',*,*,#3093,.F.);
#3117 = ORIENTED_EDGE('',*,*,#2206,.F.);
#3118 = PLANE('',#3119);
#3119 = AXIS2_PLACEMENT_3D('',#3120,#3121,#3122);
#3120 = CARTESIAN_POINT('',(1.4,-0.775,5.551115123126E-17));
#3121 = DIRECTION('',(-1.,-1.110223024625E-16,0.));
#3122 = DIRECTION('',(0.,0.,1.));
#3123 = ADVANCED_FACE('',(#3124),#3135,.F.);
#3124 = FACE_BOUND('',#3125,.F.);
#3125 = EDGE_LOOP('',(#3126,#3132,#3133,#3134));
#3126 = ORIENTED_EDGE('',*,*,#3127,.T.);
#3127 = EDGE_CURVE('',#2190,#2299,#3128,.T.);
#3128 = LINE('',#3129,#3130);
#3129 = CARTESIAN_POINT('',(1.217632698071,-0.775,5.551115123126E-17));
#3130 = VECTOR('',#3131,1.);
#3131 = DIRECTION('',(1.110223024625E-16,-1.,0.));
#3132 = ORIENTED_EDGE('',*,*,#2307,.T.);
#3133 = ORIENTED_EDGE('',*,*,#3110,.F.);
#3134 = ORIENTED_EDGE('',*,*,#2198,.F.);
#3135 = PLANE('',#3136);
#3136 = AXIS2_PLACEMENT_3D('',#3137,#3138,#3139);
#3137 = CARTESIAN_POINT('',(1.217632698071,-0.775,5.551115123126E-17));
#3138 = DIRECTION('',(0.,0.,1.));
#3139 = DIRECTION('',(1.,1.110223024625E-16,-0.));
#3140 = ADVANCED_FACE('',(#3141),#3152,.T.);
#3141 = FACE_BOUND('',#3142,.T.);
#3142 = EDGE_LOOP('',(#3143,#3144,#3145,#3146));
#3143 = ORIENTED_EDGE('',*,*,#2189,.T.);
#3144 = ORIENTED_EDGE('',*,*,#3127,.T.);
#3145 = ORIENTED_EDGE('',*,*,#2298,.F.);
#3146 = ORIENTED_EDGE('',*,*,#3147,.F.);
#3147 = EDGE_CURVE('',#2182,#2291,#3148,.T.);
#3148 = LINE('',#3149,#3150);
#3149 = CARTESIAN_POINT('',(0.971430759818,-0.775,0.206587955583));
#3150 = VECTOR('',#3151,1.);
#3151 = DIRECTION('',(1.110223024625E-16,-1.,0.));
#3152 = CYLINDRICAL_SURFACE('',#3153,0.25);
#3153 = AXIS2_PLACEMENT_3D('',#3154,#3155,#3156);
#3154 = CARTESIAN_POINT('',(1.217632698071,-0.775,0.25));
#3155 = DIRECTION('',(-1.110223024625E-16,1.,0.));
#3156 = DIRECTION('',(-0.984807753012,-1.093356242223E-16,
    -0.173648177667));
#3157 = ADVANCED_FACE('',(#3158),#3164,.F.);
#3158 = FACE_BOUND('',#3159,.F.);
#3159 = EDGE_LOOP('',(#3160,#3161,#3162,#3163));
#3160 = ORIENTED_EDGE('',*,*,#2272,.T.);
#3161 = ORIENTED_EDGE('',*,*,#2290,.T.);
#3162 = ORIENTED_EDGE('',*,*,#3147,.F.);
#3163 = ORIENTED_EDGE('',*,*,#2181,.F.);
#3164 = PLANE('',#3165);
#3165 = AXIS2_PLACEMENT_3D('',#3166,#3167,#3168);
#3166 = CARTESIAN_POINT('',(0.948480775301,-0.775,0.367364817767));
#3167 = DIRECTION('',(0.989965123745,1.099082073958E-16,0.14131190243));
#3168 = DIRECTION('',(0.14131190243,1.568877277316E-17,-0.989965123745)
  );
#3169 = ADVANCED_FACE('',(#3170),#3173,.F.);
#3170 = FACE_BOUND('',#3171,.T.);
#3171 = EDGE_LOOP('',(#3172));
#3172 = ORIENTED_EDGE('',*,*,#2455,.F.);
#3173 = PLANE('',#3174);
#3174 = AXIS2_PLACEMENT_3D('',#3175,#3176,#3177);
#3175 = CARTESIAN_POINT('',(-0.525810707854,1.175810707854,0.95));
#3176 = DIRECTION('',(0.,0.,-1.));
#3177 = DIRECTION('',(1.110223024625E-16,-1.,0.));
#3178 = ( GEOMETRIC_REPRESENTATION_CONTEXT(3) 
GLOBAL_UNCERTAINTY_ASSIGNED_CONTEXT((#3182)) 
GLOBAL_UNIT_ASSIGNED_CONTEXT((#3179,#3180,#3181)) REPRESENTATION_CONTEXT
('Context #1','3D Context with UNIT and UNCERTAINTY') );
#3179 = ( LENGTH_UNIT() NAMED_UNIT(*) SI_UNIT(.MILLI.,.METRE.) );
#3180 = ( NAMED_UNIT(*) PLANE_ANGLE_UNIT() SI_UNIT($,.RADIAN.) );
#3181 = ( NAMED_UNIT(*) SI_UNIT($,.STERADIAN.) SOLID_ANGLE_UNIT() );
#3182 = UNCERTAINTY_MEASURE_WITH_UNIT(LENGTH_MEASURE(1.E-07),#3179,
  'distance_accuracy_value','confusion accuracy');
#3183 = CONTEXT_DEPENDENT_SHAPE_REPRESENTATION(#3184,#3186);
#3184 = ( REPRESENTATION_RELATIONSHIP('','',#108,#10) 
REPRESENTATION_RELATIONSHIP_WITH_TRANSFORMATION(#3185) 
SHAPE_REPRESENTATION_RELATIONSHIP() );
#3185 = ITEM_DEFINED_TRANSFORMATION('','',#11,#15);
#3186 = PRODUCT_DEFINITION_SHAPE('Placement','Placement of an item',
  #3187);
#3187 = NEXT_ASSEMBLY_USAGE_OCCURRENCE('1','U3','',#5,#103,$);
#3188 = PRODUCT_RELATED_PRODUCT_CATEGORY('part',$,(#105));
#3189 = SHAPE_DEFINITION_REPRESENTATION(#3190,#3196);
#3190 = PRODUCT_DEFINITION_SHAPE('','',#3191);
#3191 = PRODUCT_DEFINITION('design','',#3192,#3195);
#3192 = PRODUCT_DEFINITION_FORMATION('','',#3193);
#3193 = PRODUCT('D_SMC','D_SMC','',(#3194));
#3194 = PRODUCT_CONTEXT('',#2,'mechanical');
#3195 = PRODUCT_DEFINITION_CONTEXT('part definition',#2,'design');
#3196 = ADVANCED_BREP_SHAPE_REPRESENTATION('',(#11,#3197),#4405);
#3197 = MANIFOLD_SOLID_BREP('',#3198);
#3198 = CLOSED_SHELL('',(#3199,#3239,#3322,#3347,#3422,#3439,#3456,#3473
    ,#3490,#3507,#3523,#3570,#3605,#3644,#3673,#3712,#3741,#3795,#3838,
    #3861,#3884,#3907,#3958,#3981,#3998,#4072,#4096,#4163,#4175,#4187,
    #4204,#4233,#4256,#4279,#4296,#4318,#4330,#4347,#4364,#4381,#4393));
#3199 = ADVANCED_FACE('',(#3200),#3234,.T.);
#3200 = FACE_BOUND('',#3201,.T.);
#3201 = EDGE_LOOP('',(#3202,#3212,#3220,#3228));
#3202 = ORIENTED_EDGE('',*,*,#3203,.T.);
#3203 = EDGE_CURVE('',#3204,#3206,#3208,.T.);
#3204 = VERTEX_POINT('',#3205);
#3205 = CARTESIAN_POINT('',(2.64,1.5,0.));
#3206 = VERTEX_POINT('',#3207);
#3207 = CARTESIAN_POINT('',(3.853333333333,1.5,-2.775557561563E-17));
#3208 = LINE('',#3209,#3210);
#3209 = CARTESIAN_POINT('',(3.78,1.5,0.));
#3210 = VECTOR('',#3211,1.);
#3211 = DIRECTION('',(1.,-3.445092848398E-16,0.));
#3212 = ORIENTED_EDGE('',*,*,#3213,.T.);
#3213 = EDGE_CURVE('',#3206,#3214,#3216,.T.);
#3214 = VERTEX_POINT('',#3215);
#3215 = CARTESIAN_POINT('',(3.853333333333,-1.5,-2.775557561563E-17));
#3216 = LINE('',#3217,#3218);
#3217 = CARTESIAN_POINT('',(3.853333333333,1.5,-2.775557561563E-17));
#3218 = VECTOR('',#3219,1.);
#3219 = DIRECTION('',(-3.445092848398E-16,-1.,0.));
#3220 = ORIENTED_EDGE('',*,*,#3221,.T.);
#3221 = EDGE_CURVE('',#3214,#3222,#3224,.T.);
#3222 = VERTEX_POINT('',#3223);
#3223 = CARTESIAN_POINT('',(2.64,-1.5,0.));
#3224 = LINE('',#3225,#3226);
#3225 = CARTESIAN_POINT('',(3.78,-1.5,0.));
#3226 = VECTOR('',#3227,1.);
#3227 = DIRECTION('',(-1.,3.445092848398E-16,0.));
#3228 = ORIENTED_EDGE('',*,*,#3229,.T.);
#3229 = EDGE_CURVE('',#3222,#3204,#3230,.T.);
#3230 = LINE('',#3231,#3232);
#3231 = CARTESIAN_POINT('',(2.64,-1.5,0.));
#3232 = VECTOR('',#3233,1.);
#3233 = DIRECTION('',(3.445092848398E-16,1.,0.));
#3234 = PLANE('',#3235);
#3235 = AXIS2_PLACEMENT_3D('',#3236,#3237,#3238);
#3236 = CARTESIAN_POINT('',(3.246666666667,-1.023932462494E-15,
    -9.881336255564E-18));
#3237 = DIRECTION('',(-1.683864530617E-17,5.518604438398E-33,-1.));
#3238 = DIRECTION('',(1.,-2.22044604925E-16,-1.683864530617E-17));
#3239 = ADVANCED_FACE('',(#3240),#3317,.T.);
#3240 = FACE_BOUND('',#3241,.T.);
#3241 = EDGE_LOOP('',(#3242,#3252,#3259,#3260,#3268,#3276,#3286,#3294,
    #3302,#3310));
#3242 = ORIENTED_EDGE('',*,*,#3243,.F.);
#3243 = EDGE_CURVE('',#3244,#3246,#3248,.T.);
#3244 = VERTEX_POINT('',#3245);
#3245 = CARTESIAN_POINT('',(4.,1.5,0.146666666667));
#3246 = VERTEX_POINT('',#3247);
#3247 = CARTESIAN_POINT('',(4.,1.5,0.882438333333));
#3248 = LINE('',#3249,#3250);
#3249 = CARTESIAN_POINT('',(4.,1.5,0.));
#3250 = VECTOR('',#3251,1.);
#3251 = DIRECTION('',(0.,0.,1.));
#3252 = ORIENTED_EDGE('',*,*,#3253,.T.);
#3253 = EDGE_CURVE('',#3244,#3206,#3254,.T.);
#3254 = CIRCLE('',#3255,0.146666666667);
#3255 = AXIS2_PLACEMENT_3D('',#3256,#3257,#3258);
#3256 = CARTESIAN_POINT('',(3.853333333333,1.5,0.146666666667));
#3257 = DIRECTION('',(3.445092848398E-16,1.,-0.));
#3258 = DIRECTION('',(0.,0.,1.));
#3259 = ORIENTED_EDGE('',*,*,#3203,.F.);
#3260 = ORIENTED_EDGE('',*,*,#3261,.T.);
#3261 = EDGE_CURVE('',#3204,#3262,#3264,.T.);
#3262 = VERTEX_POINT('',#3263);
#3263 = CARTESIAN_POINT('',(2.64,1.5,0.22));
#3264 = LINE('',#3265,#3266);
#3265 = CARTESIAN_POINT('',(2.64,1.5,0.));
#3266 = VECTOR('',#3267,1.);
#3267 = DIRECTION('',(0.,0.,1.));
#3268 = ORIENTED_EDGE('',*,*,#3269,.F.);
#3269 = EDGE_CURVE('',#3270,#3262,#3272,.T.);
#3270 = VERTEX_POINT('',#3271);
#3271 = CARTESIAN_POINT('',(3.722413392981,1.5,0.22));
#3272 = LINE('',#3273,#3274);
#3273 = CARTESIAN_POINT('',(3.61018227461,1.5,0.22));
#3274 = VECTOR('',#3275,1.);
#3275 = DIRECTION('',(-1.,5.011787523891E-16,0.));
#3276 = ORIENTED_EDGE('',*,*,#3277,.T.);
#3277 = EDGE_CURVE('',#3270,#3278,#3280,.T.);
#3278 = VERTEX_POINT('',#3279);
#3279 = CARTESIAN_POINT('',(3.722567987899,1.5,0.2222));
#3280 = B_SPLINE_CURVE_WITH_KNOTS('',4,(#3281,#3282,#3283,#3284,#3285),
  .UNSPECIFIED.,.F.,.F.,(5,5),(0.,1.),.PIECEWISE_BEZIER_KNOTS.);
#3281 = CARTESIAN_POINT('',(3.722413392981,1.5,0.22));
#3282 = CARTESIAN_POINT('',(3.736627291807,1.5,0.422274290687));
#3283 = CARTESIAN_POINT('',(3.750841285433,1.5,0.624549930449));
#3284 = CARTESIAN_POINT('',(3.765055369213,1.5,0.826826853172));
#3285 = CARTESIAN_POINT('',(3.779269539012,1.5,1.029105));
#3286 = ORIENTED_EDGE('',*,*,#3287,.T.);
#3287 = EDGE_CURVE('',#3278,#3288,#3290,.T.);
#3288 = VERTEX_POINT('',#3289);
#3289 = CARTESIAN_POINT('',(3.78,1.5,0.2222));
#3290 = LINE('',#3291,#3292);
#3291 = CARTESIAN_POINT('',(2.64,1.5,0.2222));
#3292 = VECTOR('',#3293,1.);
#3293 = DIRECTION('',(1.,-3.445092848398E-16,0.));
#3294 = ORIENTED_EDGE('',*,*,#3295,.T.);
#3295 = EDGE_CURVE('',#3288,#3296,#3298,.T.);
#3296 = VERTEX_POINT('',#3297);
#3297 = CARTESIAN_POINT('',(3.78,1.5,1.029105));
#3298 = LINE('',#3299,#3300);
#3299 = CARTESIAN_POINT('',(3.78,1.5,0.));
#3300 = VECTOR('',#3301,1.);
#3301 = DIRECTION('',(0.,0.,1.));
#3302 = ORIENTED_EDGE('',*,*,#3303,.T.);
#3303 = EDGE_CURVE('',#3296,#3304,#3306,.T.);
#3304 = VERTEX_POINT('',#3305);
#3305 = CARTESIAN_POINT('',(3.853333333333,1.5,1.029105));
#3306 = LINE('',#3307,#3308);
#3307 = CARTESIAN_POINT('',(3.78,1.5,1.029105));
#3308 = VECTOR('',#3309,1.);
#3309 = DIRECTION('',(1.,-3.445092848398E-16,0.));
#3310 = ORIENTED_EDGE('',*,*,#3311,.F.);
#3311 = EDGE_CURVE('',#3246,#3304,#3312,.T.);
#3312 = CIRCLE('',#3313,0.146666666667);
#3313 = AXIS2_PLACEMENT_3D('',#3314,#3315,#3316);
#3314 = CARTESIAN_POINT('',(3.853333333333,1.5,0.882438333333));
#3315 = DIRECTION('',(-3.445092848398E-16,-1.,0.));
#3316 = DIRECTION('',(0.,0.,1.));
#3317 = PLANE('',#3318);
#3318 = AXIS2_PLACEMENT_3D('',#3319,#3320,#3321);
#3319 = CARTESIAN_POINT('',(3.49795115624,1.5,0.316605682137));
#3320 = DIRECTION('',(5.011787523891E-16,1.,1.16718139746E-16));
#3321 = DIRECTION('',(-1.,5.011787523891E-16,0.));
#3322 = ADVANCED_FACE('',(#3323),#3342,.T.);
#3323 = FACE_BOUND('',#3324,.T.);
#3324 = EDGE_LOOP('',(#3325,#3333,#3340,#3341));
#3325 = ORIENTED_EDGE('',*,*,#3326,.T.);
#3326 = EDGE_CURVE('',#3244,#3327,#3329,.T.);
#3327 = VERTEX_POINT('',#3328);
#3328 = CARTESIAN_POINT('',(4.,-1.5,0.146666666667));
#3329 = LINE('',#3330,#3331);
#3330 = CARTESIAN_POINT('',(4.,1.5,0.146666666667));
#3331 = VECTOR('',#3332,1.);
#3332 = DIRECTION('',(-3.445092848398E-16,-1.,0.));
#3333 = ORIENTED_EDGE('',*,*,#3334,.T.);
#3334 = EDGE_CURVE('',#3327,#3214,#3335,.T.);
#3335 = CIRCLE('',#3336,0.146666666667);
#3336 = AXIS2_PLACEMENT_3D('',#3337,#3338,#3339);
#3337 = CARTESIAN_POINT('',(3.853333333333,-1.5,0.146666666667));
#3338 = DIRECTION('',(3.445092848398E-16,1.,-0.));
#3339 = DIRECTION('',(0.,0.,1.));
#3340 = ORIENTED_EDGE('',*,*,#3213,.F.);
#3341 = ORIENTED_EDGE('',*,*,#3253,.F.);
#3342 = CYLINDRICAL_SURFACE('',#3343,0.146666666667);
#3343 = AXIS2_PLACEMENT_3D('',#3344,#3345,#3346);
#3344 = CARTESIAN_POINT('',(3.853333333333,1.5,0.146666666667));
#3345 = DIRECTION('',(-3.445092848398E-16,-1.,0.));
#3346 = DIRECTION('',(1.,-3.445092848398E-16,0.));
#3347 = ADVANCED_FACE('',(#3348),#3417,.T.);
#3348 = FACE_BOUND('',#3349,.T.);
#3349 = EDGE_LOOP('',(#3350,#3351,#3359,#3368,#3376,#3384,#3392,#3402,
    #3410,#3416));
#3350 = ORIENTED_EDGE('',*,*,#3334,.F.);
#3351 = ORIENTED_EDGE('',*,*,#3352,.T.);
#3352 = EDGE_CURVE('',#3327,#3353,#3355,.T.);
#3353 = VERTEX_POINT('',#3354);
#3354 = CARTESIAN_POINT('',(4.,-1.5,0.882438333333));
#3355 = LINE('',#3356,#3357);
#3356 = CARTESIAN_POINT('',(4.,-1.5,0.));
#3357 = VECTOR('',#3358,1.);
#3358 = DIRECTION('',(0.,0.,1.));
#3359 = ORIENTED_EDGE('',*,*,#3360,.T.);
#3360 = EDGE_CURVE('',#3353,#3361,#3363,.T.);
#3361 = VERTEX_POINT('',#3362);
#3362 = CARTESIAN_POINT('',(3.853333333333,-1.5,1.029105));
#3363 = CIRCLE('',#3364,0.146666666667);
#3364 = AXIS2_PLACEMENT_3D('',#3365,#3366,#3367);
#3365 = CARTESIAN_POINT('',(3.853333333333,-1.5,0.882438333333));
#3366 = DIRECTION('',(-3.445092848398E-16,-1.,0.));
#3367 = DIRECTION('',(0.,0.,1.));
#3368 = ORIENTED_EDGE('',*,*,#3369,.T.);
#3369 = EDGE_CURVE('',#3361,#3370,#3372,.T.);
#3370 = VERTEX_POINT('',#3371);
#3371 = CARTESIAN_POINT('',(3.78,-1.5,1.029105));
#3372 = LINE('',#3373,#3374);
#3373 = CARTESIAN_POINT('',(4.,-1.5,1.029105));
#3374 = VECTOR('',#3375,1.);
#3375 = DIRECTION('',(-1.,3.445092848398E-16,0.));
#3376 = ORIENTED_EDGE('',*,*,#3377,.F.);
#3377 = EDGE_CURVE('',#3378,#3370,#3380,.T.);
#3378 = VERTEX_POINT('',#3379);
#3379 = CARTESIAN_POINT('',(3.78,-1.5,0.2222));
#3380 = LINE('',#3381,#3382);
#3381 = CARTESIAN_POINT('',(3.78,-1.5,0.));
#3382 = VECTOR('',#3383,1.);
#3383 = DIRECTION('',(0.,0.,1.));
#3384 = ORIENTED_EDGE('',*,*,#3385,.T.);
#3385 = EDGE_CURVE('',#3378,#3386,#3388,.T.);
#3386 = VERTEX_POINT('',#3387);
#3387 = CARTESIAN_POINT('',(3.722567987899,-1.5,0.2222));
#3388 = LINE('',#3389,#3390);
#3389 = CARTESIAN_POINT('',(3.78,-1.5,0.2222));
#3390 = VECTOR('',#3391,1.);
#3391 = DIRECTION('',(-1.,3.445092848398E-16,0.));
#3392 = ORIENTED_EDGE('',*,*,#3393,.F.);
#3393 = EDGE_CURVE('',#3394,#3386,#3396,.T.);
#3394 = VERTEX_POINT('',#3395);
#3395 = CARTESIAN_POINT('',(3.722413392981,-1.5,0.22));
#3396 = B_SPLINE_CURVE_WITH_KNOTS('',4,(#3397,#3398,#3399,#3400,#3401),
  .UNSPECIFIED.,.F.,.F.,(5,5),(0.,1.),.PIECEWISE_BEZIER_KNOTS.);
#3397 = CARTESIAN_POINT('',(3.722413392981,-1.5,0.22));
#3398 = CARTESIAN_POINT('',(3.736627291807,-1.5,0.422274290687));
#3399 = CARTESIAN_POINT('',(3.750841285433,-1.5,0.624549930449));
#3400 = CARTESIAN_POINT('',(3.765055369213,-1.5,0.826826853172));
#3401 = CARTESIAN_POINT('',(3.779269539012,-1.5,1.029105));
#3402 = ORIENTED_EDGE('',*,*,#3403,.F.);
#3403 = EDGE_CURVE('',#3404,#3394,#3406,.T.);
#3404 = VERTEX_POINT('',#3405);
#3405 = CARTESIAN_POINT('',(2.64,-1.5,0.22));
#3406 = LINE('',#3407,#3408);
#3407 = CARTESIAN_POINT('',(3.61018227461,-1.5,0.22));
#3408 = VECTOR('',#3409,1.);
#3409 = DIRECTION('',(1.,-3.20565280429E-16,-0.));
#3410 = ORIENTED_EDGE('',*,*,#3411,.F.);
#3411 = EDGE_CURVE('',#3222,#3404,#3412,.T.);
#3412 = LINE('',#3413,#3414);
#3413 = CARTESIAN_POINT('',(2.64,-1.5,0.));
#3414 = VECTOR('',#3415,1.);
#3415 = DIRECTION('',(0.,0.,1.));
#3416 = ORIENTED_EDGE('',*,*,#3221,.F.);
#3417 = PLANE('',#3418);
#3418 = AXIS2_PLACEMENT_3D('',#3419,#3420,#3421);
#3419 = CARTESIAN_POINT('',(3.49795115624,-1.5,0.316605682137));
#3420 = DIRECTION('',(-3.20565280429E-16,-1.,-1.232586737994E-16));
#3421 = DIRECTION('',(2.736892352737E-32,1.232586737994E-16,-1.));
#3422 = ADVANCED_FACE('',(#3423),#3434,.T.);
#3423 = FACE_BOUND('',#3424,.T.);
#3424 = EDGE_LOOP('',(#3425,#3426,#3427,#3433));
#3425 = ORIENTED_EDGE('',*,*,#3229,.F.);
#3426 = ORIENTED_EDGE('',*,*,#3411,.T.);
#3427 = ORIENTED_EDGE('',*,*,#3428,.F.);
#3428 = EDGE_CURVE('',#3262,#3404,#3429,.T.);
#3429 = LINE('',#3430,#3431);
#3430 = CARTESIAN_POINT('',(2.64,-2.19620669649,0.22));
#3431 = VECTOR('',#3432,1.);
#3432 = DIRECTION('',(-3.445092848398E-16,-1.,0.));
#3433 = ORIENTED_EDGE('',*,*,#3261,.F.);
#3434 = PLANE('',#3435);
#3435 = AXIS2_PLACEMENT_3D('',#3436,#3437,#3438);
#3436 = CARTESIAN_POINT('',(2.64,-1.5,0.));
#3437 = DIRECTION('',(-1.,3.445092848398E-16,0.));
#3438 = DIRECTION('',(3.445092848398E-16,1.,0.));
#3439 = ADVANCED_FACE('',(#3440),#3451,.T.);
#3440 = FACE_BOUND('',#3441,.T.);
#3441 = EDGE_LOOP('',(#3442,#3443,#3449,#3450));
#3442 = ORIENTED_EDGE('',*,*,#3243,.T.);
#3443 = ORIENTED_EDGE('',*,*,#3444,.T.);
#3444 = EDGE_CURVE('',#3246,#3353,#3445,.T.);
#3445 = LINE('',#3446,#3447);
#3446 = CARTESIAN_POINT('',(4.,1.5,0.882438333333));
#3447 = VECTOR('',#3448,1.);
#3448 = DIRECTION('',(-3.445092848398E-16,-1.,0.));
#3449 = ORIENTED_EDGE('',*,*,#3352,.F.);
#3450 = ORIENTED_EDGE('',*,*,#3326,.F.);
#3451 = PLANE('',#3452);
#3452 = AXIS2_PLACEMENT_3D('',#3453,#3454,#3455);
#3453 = CARTESIAN_POINT('',(4.,1.5,0.));
#3454 = DIRECTION('',(1.,-3.445092848398E-16,0.));
#3455 = DIRECTION('',(-3.445092848398E-16,-1.,0.));
#3456 = ADVANCED_FACE('',(#3457),#3468,.T.);
#3457 = FACE_BOUND('',#3458,.T.);
#3458 = EDGE_LOOP('',(#3459,#3460,#3466,#3467));
#3459 = ORIENTED_EDGE('',*,*,#3311,.T.);
#3460 = ORIENTED_EDGE('',*,*,#3461,.T.);
#3461 = EDGE_CURVE('',#3304,#3361,#3462,.T.);
#3462 = LINE('',#3463,#3464);
#3463 = CARTESIAN_POINT('',(3.853333333333,1.5,1.029105));
#3464 = VECTOR('',#3465,1.);
#3465 = DIRECTION('',(-3.445092848398E-16,-1.,0.));
#3466 = ORIENTED_EDGE('',*,*,#3360,.F.);
#3467 = ORIENTED_EDGE('',*,*,#3444,.F.);
#3468 = CYLINDRICAL_SURFACE('',#3469,0.146666666667);
#3469 = AXIS2_PLACEMENT_3D('',#3470,#3471,#3472);
#3470 = CARTESIAN_POINT('',(3.853333333333,1.5,0.882438333333));
#3471 = DIRECTION('',(-3.445092848398E-16,-1.,0.));
#3472 = DIRECTION('',(1.,-3.445092848398E-16,0.));
#3473 = ADVANCED_FACE('',(#3474),#3485,.F.);
#3474 = FACE_BOUND('',#3475,.F.);
#3475 = EDGE_LOOP('',(#3476,#3477,#3478,#3479));
#3476 = ORIENTED_EDGE('',*,*,#3303,.T.);
#3477 = ORIENTED_EDGE('',*,*,#3461,.T.);
#3478 = ORIENTED_EDGE('',*,*,#3369,.T.);
#3479 = ORIENTED_EDGE('',*,*,#3480,.T.);
#3480 = EDGE_CURVE('',#3370,#3296,#3481,.T.);
#3481 = LINE('',#3482,#3483);
#3482 = CARTESIAN_POINT('',(3.78,-1.5,1.029105));
#3483 = VECTOR('',#3484,1.);
#3484 = DIRECTION('',(3.445092848398E-16,1.,0.));
#3485 = PLANE('',#3486);
#3486 = AXIS2_PLACEMENT_3D('',#3487,#3488,#3489);
#3487 = CARTESIAN_POINT('',(3.89,-1.33226762955E-15,1.029105));
#3488 = DIRECTION('',(0.,0.,-1.));
#3489 = DIRECTION('',(3.445092848398E-16,1.,0.));
#3490 = ADVANCED_FACE('',(#3491),#3502,.T.);
#3491 = FACE_BOUND('',#3492,.T.);
#3492 = EDGE_LOOP('',(#3493,#3499,#3500,#3501));
#3493 = ORIENTED_EDGE('',*,*,#3494,.T.);
#3494 = EDGE_CURVE('',#3288,#3378,#3495,.T.);
#3495 = LINE('',#3496,#3497);
#3496 = CARTESIAN_POINT('',(3.78,1.5,0.2222));
#3497 = VECTOR('',#3498,1.);
#3498 = DIRECTION('',(-3.445092848398E-16,-1.,0.));
#3499 = ORIENTED_EDGE('',*,*,#3377,.T.);
#3500 = ORIENTED_EDGE('',*,*,#3480,.T.);
#3501 = ORIENTED_EDGE('',*,*,#3295,.F.);
#3502 = PLANE('',#3503);
#3503 = AXIS2_PLACEMENT_3D('',#3504,#3505,#3506);
#3504 = CARTESIAN_POINT('',(3.78,-1.5,0.));
#3505 = DIRECTION('',(-1.,3.445092848398E-16,0.));
#3506 = DIRECTION('',(3.445092848398E-16,1.,0.));
#3507 = ADVANCED_FACE('',(#3508),#3518,.F.);
#3508 = FACE_BOUND('',#3509,.F.);
#3509 = EDGE_LOOP('',(#3510,#3515,#3516,#3517));
#3510 = ORIENTED_EDGE('',*,*,#3511,.F.);
#3511 = EDGE_CURVE('',#3278,#3386,#3512,.T.);
#3512 = B_SPLINE_CURVE_WITH_KNOTS('',1,(#3513,#3514),.UNSPECIFIED.,.F.,
  .F.,(2,2),(0.,1.),.PIECEWISE_BEZIER_KNOTS.);
#3513 = CARTESIAN_POINT('',(3.722567987899,1.5,0.2222));
#3514 = CARTESIAN_POINT('',(3.722567987899,-1.5,0.2222));
#3515 = ORIENTED_EDGE('',*,*,#3287,.T.);
#3516 = ORIENTED_EDGE('',*,*,#3494,.T.);
#3517 = ORIENTED_EDGE('',*,*,#3385,.T.);
#3518 = PLANE('',#3519);
#3519 = AXIS2_PLACEMENT_3D('',#3520,#3521,#3522);
#3520 = CARTESIAN_POINT('',(3.21,-6.661338147751E-16,0.2222));
#3521 = DIRECTION('',(0.,0.,-1.));
#3522 = DIRECTION('',(3.445092848398E-16,1.,0.));
#3523 = ADVANCED_FACE('',(#3524),#3565,.T.);
#3524 = FACE_BOUND('',#3525,.T.);
#3525 = EDGE_LOOP('',(#3526,#3535,#3541,#3542,#3543,#3544,#3552,#3559));
#3526 = ORIENTED_EDGE('',*,*,#3527,.F.);
#3527 = EDGE_CURVE('',#3528,#3530,#3532,.T.);
#3528 = VERTEX_POINT('',#3529);
#3529 = CARTESIAN_POINT('',(3.722413392981,-2.892413392981,0.22));
#3530 = VERTEX_POINT('',#3531);
#3531 = CARTESIAN_POINT('',(3.78,-2.95,1.0395));
#3532 = B_SPLINE_CURVE_WITH_KNOTS('',1,(#3533,#3534),.UNSPECIFIED.,.F.,
  .F.,(2,2),(0.,1.),.PIECEWISE_BEZIER_KNOTS.);
#3533 = CARTESIAN_POINT('',(3.722413392981,-2.892413392981,0.22));
#3534 = CARTESIAN_POINT('',(3.78,-2.95,1.0395));
#3535 = ORIENTED_EDGE('',*,*,#3536,.T.);
#3536 = EDGE_CURVE('',#3528,#3394,#3537,.T.);
#3537 = LINE('',#3538,#3539);
#3538 = CARTESIAN_POINT('',(3.722413392981,-2.892413392981,0.22));
#3539 = VECTOR('',#3540,1.);
#3540 = DIRECTION('',(2.22044604925E-16,1.,0.));
#3541 = ORIENTED_EDGE('',*,*,#3393,.T.);
#3542 = ORIENTED_EDGE('',*,*,#3511,.F.);
#3543 = ORIENTED_EDGE('',*,*,#3277,.F.);
#3544 = ORIENTED_EDGE('',*,*,#3545,.T.);
#3545 = EDGE_CURVE('',#3270,#3546,#3548,.T.);
#3546 = VERTEX_POINT('',#3547);
#3547 = CARTESIAN_POINT('',(3.722413392981,2.892413392981,0.22));
#3548 = LINE('',#3549,#3550);
#3549 = CARTESIAN_POINT('',(3.722413392981,-2.892413392981,0.22));
#3550 = VECTOR('',#3551,1.);
#3551 = DIRECTION('',(2.22044604925E-16,1.,0.));
#3552 = ORIENTED_EDGE('',*,*,#3553,.T.);
#3553 = EDGE_CURVE('',#3546,#3554,#3556,.T.);
#3554 = VERTEX_POINT('',#3555);
#3555 = CARTESIAN_POINT('',(3.78,2.95,1.0395));
#3556 = B_SPLINE_CURVE_WITH_KNOTS('',1,(#3557,#3558),.UNSPECIFIED.,.F.,
  .F.,(2,2),(0.,1.),.PIECEWISE_BEZIER_KNOTS.);
#3557 = CARTESIAN_POINT('',(3.722413392981,2.892413392981,0.22));
#3558 = CARTESIAN_POINT('',(3.78,2.95,1.0395));
#3559 = ORIENTED_EDGE('',*,*,#3560,.F.);
#3560 = EDGE_CURVE('',#3530,#3554,#3561,.T.);
#3561 = LINE('',#3562,#3563);
#3562 = CARTESIAN_POINT('',(3.78,-2.95,1.0395));
#3563 = VECTOR('',#3564,1.);
#3564 = DIRECTION('',(2.22044604925E-16,1.,0.));
#3565 = B_SPLINE_SURFACE_WITH_KNOTS('',1,1,(
    (#3566,#3567)
    ,(#3568,#3569
    )),.UNSPECIFIED.,.F.,.F.,.F.,(2,2),(2,2),(0.,5.9),(0.,1.),
  .PIECEWISE_BEZIER_KNOTS.);
#3566 = CARTESIAN_POINT('',(3.722413392981,-2.892413392981,0.22));
#3567 = CARTESIAN_POINT('',(3.78,-2.95,1.0395));
#3568 = CARTESIAN_POINT('',(3.722413392981,2.892413392981,0.22));
#3569 = CARTESIAN_POINT('',(3.78,2.95,1.0395));
#3570 = ADVANCED_FACE('',(#3571),#3600,.T.);
#3571 = FACE_BOUND('',#3572,.T.);
#3572 = EDGE_LOOP('',(#3573,#3574,#3582,#3590,#3596,#3597,#3598,#3599));
#3573 = ORIENTED_EDGE('',*,*,#3536,.F.);
#3574 = ORIENTED_EDGE('',*,*,#3575,.F.);
#3575 = EDGE_CURVE('',#3576,#3528,#3578,.T.);
#3576 = VERTEX_POINT('',#3577);
#3577 = CARTESIAN_POINT('',(2.5,-2.892413392981,0.22));
#3578 = LINE('',#3579,#3580);
#3579 = CARTESIAN_POINT('',(-3.722413392981,-2.892413392981,0.22));
#3580 = VECTOR('',#3581,1.);
#3581 = DIRECTION('',(1.,-2.22044604925E-16,0.));
#3582 = ORIENTED_EDGE('',*,*,#3583,.T.);
#3583 = EDGE_CURVE('',#3576,#3584,#3586,.T.);
#3584 = VERTEX_POINT('',#3585);
#3585 = CARTESIAN_POINT('',(2.5,2.892413392981,0.22));
#3586 = LINE('',#3587,#3588);
#3587 = CARTESIAN_POINT('',(2.5,-2.892413392981,0.22));
#3588 = VECTOR('',#3589,1.);
#3589 = DIRECTION('',(2.22044604925E-16,1.,0.));
#3590 = ORIENTED_EDGE('',*,*,#3591,.F.);
#3591 = EDGE_CURVE('',#3546,#3584,#3592,.T.);
#3592 = LINE('',#3593,#3594);
#3593 = CARTESIAN_POINT('',(3.722413392981,2.892413392981,0.22));
#3594 = VECTOR('',#3595,1.);
#3595 = DIRECTION('',(-1.,2.22044604925E-16,0.));
#3596 = ORIENTED_EDGE('',*,*,#3545,.F.);
#3597 = ORIENTED_EDGE('',*,*,#3269,.T.);
#3598 = ORIENTED_EDGE('',*,*,#3428,.T.);
#3599 = ORIENTED_EDGE('',*,*,#3403,.T.);
#3600 = PLANE('',#3601);
#3601 = AXIS2_PLACEMENT_3D('',#3602,#3603,#3604);
#3602 = CARTESIAN_POINT('',(3.722413392981,-2.892413392981,0.22));
#3603 = DIRECTION('',(0.,0.,-1.));
#3604 = DIRECTION('',(-0.789639670435,0.613570852368,0.));
#3605 = ADVANCED_FACE('',(#3606),#3639,.T.);
#3606 = FACE_BOUND('',#3607,.T.);
#3607 = EDGE_LOOP('',(#3608,#3618,#3624,#3625,#3626,#3634));
#3608 = ORIENTED_EDGE('',*,*,#3609,.T.);
#3609 = EDGE_CURVE('',#3610,#3612,#3614,.T.);
#3610 = VERTEX_POINT('',#3611);
#3611 = CARTESIAN_POINT('',(-3.722413392981,-2.892413392981,0.22));
#3612 = VERTEX_POINT('',#3613);
#3613 = CARTESIAN_POINT('',(-2.5,-2.892413392981,0.22));
#3614 = LINE('',#3615,#3616);
#3615 = CARTESIAN_POINT('',(-3.722413392981,-2.892413392981,0.22));
#3616 = VECTOR('',#3617,1.);
#3617 = DIRECTION('',(1.,-2.22044604925E-16,0.));
#3618 = ORIENTED_EDGE('',*,*,#3619,.T.);
#3619 = EDGE_CURVE('',#3612,#3576,#3620,.T.);
#3620 = LINE('',#3621,#3622);
#3621 = CARTESIAN_POINT('',(-2.5,-2.892413392981,0.22));
#3622 = VECTOR('',#3623,1.);
#3623 = DIRECTION('',(1.,-2.22044604925E-16,0.));
#3624 = ORIENTED_EDGE('',*,*,#3575,.T.);
#3625 = ORIENTED_EDGE('',*,*,#3527,.T.);
#3626 = ORIENTED_EDGE('',*,*,#3627,.F.);
#3627 = EDGE_CURVE('',#3628,#3530,#3630,.T.);
#3628 = VERTEX_POINT('',#3629);
#3629 = CARTESIAN_POINT('',(-3.78,-2.95,1.0395));
#3630 = LINE('',#3631,#3632);
#3631 = CARTESIAN_POINT('',(-3.78,-2.95,1.0395));
#3632 = VECTOR('',#3633,1.);
#3633 = DIRECTION('',(1.,-2.22044604925E-16,0.));
#3634 = ORIENTED_EDGE('',*,*,#3635,.F.);
#3635 = EDGE_CURVE('',#3610,#3628,#3636,.T.);
#3636 = B_SPLINE_CURVE_WITH_KNOTS('',1,(#3637,#3638),.UNSPECIFIED.,.F.,
  .F.,(2,2),(0.,1.),.PIECEWISE_BEZIER_KNOTS.);
#3637 = CARTESIAN_POINT('',(-3.722413392981,-2.892413392981,0.22));
#3638 = CARTESIAN_POINT('',(-3.78,-2.95,1.0395));
#3639 = B_SPLINE_SURFACE_WITH_KNOTS('',1,1,(
    (#3640,#3641)
    ,(#3642,#3643
    )),.UNSPECIFIED.,.F.,.F.,.F.,(2,2),(2,2),(0.,7.56),(0.,1.),
  .PIECEWISE_BEZIER_KNOTS.);
#3640 = CARTESIAN_POINT('',(-3.722413392981,-2.892413392981,0.22));
#3641 = CARTESIAN_POINT('',(-3.78,-2.95,1.0395));
#3642 = CARTESIAN_POINT('',(3.722413392981,-2.892413392981,0.22));
#3643 = CARTESIAN_POINT('',(3.78,-2.95,1.0395));
#3644 = ADVANCED_FACE('',(#3645),#3668,.T.);
#3645 = FACE_BOUND('',#3646,.T.);
#3646 = EDGE_LOOP('',(#3647,#3648,#3655,#3663));
#3647 = ORIENTED_EDGE('',*,*,#3560,.T.);
#3648 = ORIENTED_EDGE('',*,*,#3649,.T.);
#3649 = EDGE_CURVE('',#3554,#3650,#3652,.T.);
#3650 = VERTEX_POINT('',#3651);
#3651 = CARTESIAN_POINT('',(3.690721434755,2.860721434755,2.31));
#3652 = B_SPLINE_CURVE_WITH_KNOTS('',1,(#3653,#3654),.UNSPECIFIED.,.F.,
  .F.,(2,2),(0.,1.),.PIECEWISE_BEZIER_KNOTS.);
#3653 = CARTESIAN_POINT('',(3.78,2.95,1.0395));
#3654 = CARTESIAN_POINT('',(3.690721434755,2.860721434755,2.31));
#3655 = ORIENTED_EDGE('',*,*,#3656,.F.);
#3656 = EDGE_CURVE('',#3657,#3650,#3659,.T.);
#3657 = VERTEX_POINT('',#3658);
#3658 = CARTESIAN_POINT('',(3.690721434755,-2.860721434755,2.31));
#3659 = LINE('',#3660,#3661);
#3660 = CARTESIAN_POINT('',(3.690721434755,-2.860721434755,2.31));
#3661 = VECTOR('',#3662,1.);
#3662 = DIRECTION('',(2.22044604925E-16,1.,0.));
#3663 = ORIENTED_EDGE('',*,*,#3664,.F.);
#3664 = EDGE_CURVE('',#3530,#3657,#3665,.T.);
#3665 = B_SPLINE_CURVE_WITH_KNOTS('',1,(#3666,#3667),.UNSPECIFIED.,.F.,
  .F.,(2,2),(0.,1.),.PIECEWISE_BEZIER_KNOTS.);
#3666 = CARTESIAN_POINT('',(3.78,-2.95,1.0395));
#3667 = CARTESIAN_POINT('',(3.690721434755,-2.860721434755,2.31));
#3668 = B_SPLINE_SURFACE_WITH_KNOTS('',1,1,(
    (#3669,#3670)
    ,(#3671,#3672
    )),.UNSPECIFIED.,.F.,.F.,.F.,(2,2),(2,2),(0.,5.9),(0.,1.),
  .PIECEWISE_BEZIER_KNOTS.);
#3669 = CARTESIAN_POINT('',(3.78,-2.95,1.0395));
#3670 = CARTESIAN_POINT('',(3.690721434755,-2.860721434755,2.31));
#3671 = CARTESIAN_POINT('',(3.78,2.95,1.0395));
#3672 = CARTESIAN_POINT('',(3.690721434755,2.860721434755,2.31));
#3673 = ADVANCED_FACE('',(#3674),#3707,.T.);
#3674 = FACE_BOUND('',#3675,.T.);
#3675 = EDGE_LOOP('',(#3676,#3677,#3685,#3693,#3700,#3706));
#3676 = ORIENTED_EDGE('',*,*,#3591,.T.);
#3677 = ORIENTED_EDGE('',*,*,#3678,.T.);
#3678 = EDGE_CURVE('',#3584,#3679,#3681,.T.);
#3679 = VERTEX_POINT('',#3680);
#3680 = CARTESIAN_POINT('',(-2.5,2.892413392981,0.22));
#3681 = LINE('',#3682,#3683);
#3682 = CARTESIAN_POINT('',(2.5,2.892413392981,0.22));
#3683 = VECTOR('',#3684,1.);
#3684 = DIRECTION('',(-1.,2.22044604925E-16,0.));
#3685 = ORIENTED_EDGE('',*,*,#3686,.T.);
#3686 = EDGE_CURVE('',#3679,#3687,#3689,.T.);
#3687 = VERTEX_POINT('',#3688);
#3688 = CARTESIAN_POINT('',(-3.722413392981,2.892413392981,0.22));
#3689 = LINE('',#3690,#3691);
#3690 = CARTESIAN_POINT('',(3.722413392981,2.892413392981,0.22));
#3691 = VECTOR('',#3692,1.);
#3692 = DIRECTION('',(-1.,2.22044604925E-16,0.));
#3693 = ORIENTED_EDGE('',*,*,#3694,.T.);
#3694 = EDGE_CURVE('',#3687,#3695,#3697,.T.);
#3695 = VERTEX_POINT('',#3696);
#3696 = CARTESIAN_POINT('',(-3.78,2.95,1.0395));
#3697 = B_SPLINE_CURVE_WITH_KNOTS('',1,(#3698,#3699),.UNSPECIFIED.,.F.,
  .F.,(2,2),(0.,1.),.PIECEWISE_BEZIER_KNOTS.);
#3698 = CARTESIAN_POINT('',(-3.722413392981,2.892413392981,0.22));
#3699 = CARTESIAN_POINT('',(-3.78,2.95,1.0395));
#3700 = ORIENTED_EDGE('',*,*,#3701,.F.);
#3701 = EDGE_CURVE('',#3554,#3695,#3702,.T.);
#3702 = LINE('',#3703,#3704);
#3703 = CARTESIAN_POINT('',(3.78,2.95,1.0395));
#3704 = VECTOR('',#3705,1.);
#3705 = DIRECTION('',(-1.,2.22044604925E-16,0.));
#3706 = ORIENTED_EDGE('',*,*,#3553,.F.);
#3707 = B_SPLINE_SURFACE_WITH_KNOTS('',1,1,(
    (#3708,#3709)
    ,(#3710,#3711
    )),.UNSPECIFIED.,.F.,.F.,.F.,(2,2),(2,2),(0.,7.56),(0.,1.),
  .PIECEWISE_BEZIER_KNOTS.);
#3708 = CARTESIAN_POINT('',(3.722413392981,2.892413392981,0.22));
#3709 = CARTESIAN_POINT('',(3.78,2.95,1.0395));
#3710 = CARTESIAN_POINT('',(-3.722413392981,2.892413392981,0.22));
#3711 = CARTESIAN_POINT('',(-3.78,2.95,1.0395));
#3712 = ADVANCED_FACE('',(#3713),#3736,.T.);
#3713 = FACE_BOUND('',#3714,.T.);
#3714 = EDGE_LOOP('',(#3715,#3725,#3730,#3731));
#3715 = ORIENTED_EDGE('',*,*,#3716,.T.);
#3716 = EDGE_CURVE('',#3717,#3719,#3721,.T.);
#3717 = VERTEX_POINT('',#3718);
#3718 = CARTESIAN_POINT('',(2.5,-2.876953901163,0.));
#3719 = VERTEX_POINT('',#3720);
#3720 = CARTESIAN_POINT('',(2.5,2.876953901163,0.));
#3721 = LINE('',#3722,#3723);
#3722 = CARTESIAN_POINT('',(2.5,-2.876953901163,0.));
#3723 = VECTOR('',#3724,1.);
#3724 = DIRECTION('',(2.22044604925E-16,1.,0.));
#3725 = ORIENTED_EDGE('',*,*,#3726,.T.);
#3726 = EDGE_CURVE('',#3719,#3584,#3727,.T.);
#3727 = B_SPLINE_CURVE_WITH_KNOTS('',1,(#3728,#3729),.UNSPECIFIED.,.F.,
  .F.,(2,2),(0.,1.),.PIECEWISE_BEZIER_KNOTS.);
#3728 = CARTESIAN_POINT('',(2.5,2.876953901163,0.));
#3729 = CARTESIAN_POINT('',(2.5,2.892413392981,0.22));
#3730 = ORIENTED_EDGE('',*,*,#3583,.F.);
#3731 = ORIENTED_EDGE('',*,*,#3732,.F.);
#3732 = EDGE_CURVE('',#3717,#3576,#3733,.T.);
#3733 = B_SPLINE_CURVE_WITH_KNOTS('',1,(#3734,#3735),.UNSPECIFIED.,.F.,
  .F.,(2,2),(0.,1.),.PIECEWISE_BEZIER_KNOTS.);
#3734 = CARTESIAN_POINT('',(2.5,-2.876953901163,0.));
#3735 = CARTESIAN_POINT('',(2.5,-2.892413392981,0.22));
#3736 = B_SPLINE_SURFACE_WITH_KNOTS('',1,1,(
    (#3737,#3738)
    ,(#3739,#3740
    )),.UNSPECIFIED.,.F.,.F.,.F.,(2,2),(2,2),(0.,5.784826785961),(0.,1.)
  ,.PIECEWISE_BEZIER_KNOTS.);
#3737 = CARTESIAN_POINT('',(2.5,-2.876953901163,0.));
#3738 = CARTESIAN_POINT('',(2.5,-2.892413392981,0.22));
#3739 = CARTESIAN_POINT('',(2.5,2.876953901163,0.));
#3740 = CARTESIAN_POINT('',(2.5,2.892413392981,0.22));
#3741 = ADVANCED_FACE('',(#3742),#3790,.T.);
#3742 = FACE_BOUND('',#3743,.T.);
#3743 = EDGE_LOOP('',(#3744,#3745,#3751,#3752,#3760,#3768,#3776,#3784));
#3744 = ORIENTED_EDGE('',*,*,#3686,.F.);
#3745 = ORIENTED_EDGE('',*,*,#3746,.T.);
#3746 = EDGE_CURVE('',#3679,#3612,#3747,.T.);
#3747 = LINE('',#3748,#3749);
#3748 = CARTESIAN_POINT('',(-2.5,2.892413392981,0.22));
#3749 = VECTOR('',#3750,1.);
#3750 = DIRECTION('',(-2.22044604925E-16,-1.,0.));
#3751 = ORIENTED_EDGE('',*,*,#3609,.F.);
#3752 = ORIENTED_EDGE('',*,*,#3753,.F.);
#3753 = EDGE_CURVE('',#3754,#3610,#3756,.T.);
#3754 = VERTEX_POINT('',#3755);
#3755 = CARTESIAN_POINT('',(-3.722413392981,-1.5,0.22));
#3756 = LINE('',#3757,#3758);
#3757 = CARTESIAN_POINT('',(-3.722413392981,2.892413392981,0.22));
#3758 = VECTOR('',#3759,1.);
#3759 = DIRECTION('',(-2.22044604925E-16,-1.,0.));
#3760 = ORIENTED_EDGE('',*,*,#3761,.T.);
#3761 = EDGE_CURVE('',#3754,#3762,#3764,.T.);
#3762 = VERTEX_POINT('',#3763);
#3763 = CARTESIAN_POINT('',(-2.64,-1.5,0.22));
#3764 = LINE('',#3765,#3766);
#3765 = CARTESIAN_POINT('',(0.11223111837,-1.5,0.22));
#3766 = VECTOR('',#3767,1.);
#3767 = DIRECTION('',(1.,-2.22044604925E-16,0.));
#3768 = ORIENTED_EDGE('',*,*,#3769,.T.);
#3769 = EDGE_CURVE('',#3762,#3770,#3772,.T.);
#3770 = VERTEX_POINT('',#3771);
#3771 = CARTESIAN_POINT('',(-2.64,1.5,0.22));
#3772 = LINE('',#3773,#3774);
#3773 = CARTESIAN_POINT('',(-2.64,-0.69620669649,0.22));
#3774 = VECTOR('',#3775,1.);
#3775 = DIRECTION('',(2.22044604925E-16,1.,0.));
#3776 = ORIENTED_EDGE('',*,*,#3777,.T.);
#3777 = EDGE_CURVE('',#3770,#3778,#3780,.T.);
#3778 = VERTEX_POINT('',#3779);
#3779 = CARTESIAN_POINT('',(-3.722413392981,1.5,0.22));
#3780 = LINE('',#3781,#3782);
#3781 = CARTESIAN_POINT('',(0.11223111837,1.5,0.22));
#3782 = VECTOR('',#3783,1.);
#3783 = DIRECTION('',(-1.,2.22044604925E-16,0.));
#3784 = ORIENTED_EDGE('',*,*,#3785,.F.);
#3785 = EDGE_CURVE('',#3687,#3778,#3786,.T.);
#3786 = LINE('',#3787,#3788);
#3787 = CARTESIAN_POINT('',(-3.722413392981,2.892413392981,0.22));
#3788 = VECTOR('',#3789,1.);
#3789 = DIRECTION('',(-2.22044604925E-16,-1.,0.));
#3790 = PLANE('',#3791);
#3791 = AXIS2_PLACEMENT_3D('',#3792,#3793,#3794);
#3792 = CARTESIAN_POINT('',(3.722413392981,-2.892413392981,0.22));
#3793 = DIRECTION('',(0.,0.,-1.));
#3794 = DIRECTION('',(-0.789639670435,0.613570852368,0.));
#3795 = ADVANCED_FACE('',(#3796),#3833,.T.);
#3796 = FACE_BOUND('',#3797,.T.);
#3797 = EDGE_LOOP('',(#3798,#3799,#3800,#3810,#3817,#3825,#3826,#3827));
#3798 = ORIENTED_EDGE('',*,*,#3694,.F.);
#3799 = ORIENTED_EDGE('',*,*,#3785,.T.);
#3800 = ORIENTED_EDGE('',*,*,#3801,.T.);
#3801 = EDGE_CURVE('',#3778,#3802,#3804,.T.);
#3802 = VERTEX_POINT('',#3803);
#3803 = CARTESIAN_POINT('',(-3.722567987899,1.5,0.2222));
#3804 = B_SPLINE_CURVE_WITH_KNOTS('',4,(#3805,#3806,#3807,#3808,#3809),
  .UNSPECIFIED.,.F.,.F.,(5,5),(0.,1.),.PIECEWISE_BEZIER_KNOTS.);
#3805 = CARTESIAN_POINT('',(-3.722413392981,1.5,0.22));
#3806 = CARTESIAN_POINT('',(-3.736627291807,1.5,0.422274290687));
#3807 = CARTESIAN_POINT('',(-3.750841285433,1.5,0.624549930449));
#3808 = CARTESIAN_POINT('',(-3.765055369213,1.5,0.826826853172));
#3809 = CARTESIAN_POINT('',(-3.779269539012,1.5,1.029105));
#3810 = ORIENTED_EDGE('',*,*,#3811,.F.);
#3811 = EDGE_CURVE('',#3812,#3802,#3814,.T.);
#3812 = VERTEX_POINT('',#3813);
#3813 = CARTESIAN_POINT('',(-3.722567987899,-1.5,0.2222));
#3814 = B_SPLINE_CURVE_WITH_KNOTS('',1,(#3815,#3816),.UNSPECIFIED.,.F.,
  .F.,(2,2),(0.,1.),.PIECEWISE_BEZIER_KNOTS.);
#3815 = CARTESIAN_POINT('',(-3.722567987899,-1.5,0.2222));
#3816 = CARTESIAN_POINT('',(-3.722567987899,1.5,0.2222));
#3817 = ORIENTED_EDGE('',*,*,#3818,.F.);
#3818 = EDGE_CURVE('',#3754,#3812,#3819,.T.);
#3819 = B_SPLINE_CURVE_WITH_KNOTS('',4,(#3820,#3821,#3822,#3823,#3824),
  .UNSPECIFIED.,.F.,.F.,(5,5),(0.,1.),.PIECEWISE_BEZIER_KNOTS.);
#3820 = CARTESIAN_POINT('',(-3.722413392981,-1.5,0.22));
#3821 = CARTESIAN_POINT('',(-3.736627291807,-1.5,0.422274290687));
#3822 = CARTESIAN_POINT('',(-3.750841285433,-1.5,0.624549930449));
#3823 = CARTESIAN_POINT('',(-3.765055369213,-1.5,0.826826853172));
#3824 = CARTESIAN_POINT('',(-3.779269539012,-1.5,1.029105));
#3825 = ORIENTED_EDGE('',*,*,#3753,.T.);
#3826 = ORIENTED_EDGE('',*,*,#3635,.T.);
#3827 = ORIENTED_EDGE('',*,*,#3828,.F.);
#3828 = EDGE_CURVE('',#3695,#3628,#3829,.T.);
#3829 = LINE('',#3830,#3831);
#3830 = CARTESIAN_POINT('',(-3.78,2.95,1.0395));
#3831 = VECTOR('',#3832,1.);
#3832 = DIRECTION('',(-2.22044604925E-16,-1.,0.));
#3833 = B_SPLINE_SURFACE_WITH_KNOTS('',1,1,(
    (#3834,#3835)
    ,(#3836,#3837
    )),.UNSPECIFIED.,.F.,.F.,.F.,(2,2),(2,2),(0.,5.9),(0.,1.),
  .PIECEWISE_BEZIER_KNOTS.);
#3834 = CARTESIAN_POINT('',(-3.722413392981,2.892413392981,0.22));
#3835 = CARTESIAN_POINT('',(-3.78,2.95,1.0395));
#3836 = CARTESIAN_POINT('',(-3.722413392981,-2.892413392981,0.22));
#3837 = CARTESIAN_POINT('',(-3.78,-2.95,1.0395));
#3838 = ADVANCED_FACE('',(#3839),#3856,.T.);
#3839 = FACE_BOUND('',#3840,.T.);
#3840 = EDGE_LOOP('',(#3841,#3849,#3850,#3851));
#3841 = ORIENTED_EDGE('',*,*,#3842,.T.);
#3842 = EDGE_CURVE('',#3843,#3717,#3845,.T.);
#3843 = VERTEX_POINT('',#3844);
#3844 = CARTESIAN_POINT('',(-2.5,-2.876953901163,0.));
#3845 = LINE('',#3846,#3847);
#3846 = CARTESIAN_POINT('',(-2.5,-2.876953901163,0.));
#3847 = VECTOR('',#3848,1.);
#3848 = DIRECTION('',(1.,-2.22044604925E-16,0.));
#3849 = ORIENTED_EDGE('',*,*,#3732,.T.);
#3850 = ORIENTED_EDGE('',*,*,#3619,.F.);
#3851 = ORIENTED_EDGE('',*,*,#3852,.F.);
#3852 = EDGE_CURVE('',#3843,#3612,#3853,.T.);
#3853 = B_SPLINE_CURVE_WITH_KNOTS('',1,(#3854,#3855),.UNSPECIFIED.,.F.,
  .F.,(2,2),(0.,1.),.PIECEWISE_BEZIER_KNOTS.);
#3854 = CARTESIAN_POINT('',(-2.5,-2.876953901163,0.));
#3855 = CARTESIAN_POINT('',(-2.5,-2.892413392981,0.22));
#3856 = PLANE('',#3857);
#3857 = AXIS2_PLACEMENT_3D('',#3858,#3859,#3860);
#3858 = CARTESIAN_POINT('',(-2.5,-2.892413392981,0.22));
#3859 = DIRECTION('',(-2.214984063823E-16,-0.997540140447,
    -7.009756199374E-02));
#3860 = DIRECTION('',(1.,-2.22044604925E-16,-1.177128382009E-30));
#3861 = ADVANCED_FACE('',(#3862),#3879,.T.);
#3862 = FACE_BOUND('',#3863,.T.);
#3863 = EDGE_LOOP('',(#3864,#3865,#3866,#3874));
#3864 = ORIENTED_EDGE('',*,*,#3627,.T.);
#3865 = ORIENTED_EDGE('',*,*,#3664,.T.);
#3866 = ORIENTED_EDGE('',*,*,#3867,.F.);
#3867 = EDGE_CURVE('',#3868,#3657,#3870,.T.);
#3868 = VERTEX_POINT('',#3869);
#3869 = CARTESIAN_POINT('',(-3.690721434755,-2.860721434755,2.31));
#3870 = LINE('',#3871,#3872);
#3871 = CARTESIAN_POINT('',(-3.690721434755,-2.860721434755,2.31));
#3872 = VECTOR('',#3873,1.);
#3873 = DIRECTION('',(1.,-2.22044604925E-16,0.));
#3874 = ORIENTED_EDGE('',*,*,#3875,.F.);
#3875 = EDGE_CURVE('',#3628,#3868,#3876,.T.);
#3876 = B_SPLINE_CURVE_WITH_KNOTS('',1,(#3877,#3878),.UNSPECIFIED.,.F.,
  .F.,(2,2),(0.,1.),.PIECEWISE_BEZIER_KNOTS.);
#3877 = CARTESIAN_POINT('',(-3.78,-2.95,1.0395));
#3878 = CARTESIAN_POINT('',(-3.690721434755,-2.860721434755,2.31));
#3879 = B_SPLINE_SURFACE_WITH_KNOTS('',1,1,(
    (#3880,#3881)
    ,(#3882,#3883
    )),.UNSPECIFIED.,.F.,.F.,.F.,(2,2),(2,2),(0.,7.56),(0.,1.),
  .PIECEWISE_BEZIER_KNOTS.);
#3880 = CARTESIAN_POINT('',(-3.78,-2.95,1.0395));
#3881 = CARTESIAN_POINT('',(-3.690721434755,-2.860721434755,2.31));
#3882 = CARTESIAN_POINT('',(3.78,-2.95,1.0395));
#3883 = CARTESIAN_POINT('',(3.690721434755,-2.860721434755,2.31));
#3884 = ADVANCED_FACE('',(#3885),#3902,.T.);
#3885 = FACE_BOUND('',#3886,.T.);
#3886 = EDGE_LOOP('',(#3887,#3888,#3895,#3901));
#3887 = ORIENTED_EDGE('',*,*,#3701,.T.);
#3888 = ORIENTED_EDGE('',*,*,#3889,.T.);
#3889 = EDGE_CURVE('',#3695,#3890,#3892,.T.);
#3890 = VERTEX_POINT('',#3891);
#3891 = CARTESIAN_POINT('',(-3.690721434755,2.860721434755,2.31));
#3892 = B_SPLINE_CURVE_WITH_KNOTS('',1,(#3893,#3894),.UNSPECIFIED.,.F.,
  .F.,(2,2),(0.,1.),.PIECEWISE_BEZIER_KNOTS.);
#3893 = CARTESIAN_POINT('',(-3.78,2.95,1.0395));
#3894 = CARTESIAN_POINT('',(-3.690721434755,2.860721434755,2.31));
#3895 = ORIENTED_EDGE('',*,*,#3896,.F.);
#3896 = EDGE_CURVE('',#3650,#3890,#3897,.T.);
#3897 = LINE('',#3898,#3899);
#3898 = CARTESIAN_POINT('',(3.690721434755,2.860721434755,2.31));
#3899 = VECTOR('',#3900,1.);
#3900 = DIRECTION('',(-1.,2.22044604925E-16,0.));
#3901 = ORIENTED_EDGE('',*,*,#3649,.F.);
#3902 = B_SPLINE_SURFACE_WITH_KNOTS('',1,1,(
    (#3903,#3904)
    ,(#3905,#3906
    )),.UNSPECIFIED.,.F.,.F.,.F.,(2,2),(2,2),(0.,7.56),(0.,1.),
  .PIECEWISE_BEZIER_KNOTS.);
#3903 = CARTESIAN_POINT('',(3.78,2.95,1.0395));
#3904 = CARTESIAN_POINT('',(3.690721434755,2.860721434755,2.31));
#3905 = CARTESIAN_POINT('',(-3.78,2.95,1.0395));
#3906 = CARTESIAN_POINT('',(-3.690721434755,2.860721434755,2.31));
#3907 = ADVANCED_FACE('',(#3908,#3919),#3953,.F.);
#3908 = FACE_BOUND('',#3909,.F.);
#3909 = EDGE_LOOP('',(#3910,#3911,#3912,#3918));
#3910 = ORIENTED_EDGE('',*,*,#3656,.F.);
#3911 = ORIENTED_EDGE('',*,*,#3867,.F.);
#3912 = ORIENTED_EDGE('',*,*,#3913,.F.);
#3913 = EDGE_CURVE('',#3890,#3868,#3914,.T.);
#3914 = LINE('',#3915,#3916);
#3915 = CARTESIAN_POINT('',(-3.690721434755,2.860721434755,2.31));
#3916 = VECTOR('',#3917,1.);
#3917 = DIRECTION('',(-2.22044604925E-16,-1.,0.));
#3918 = ORIENTED_EDGE('',*,*,#3896,.F.);
#3919 = FACE_BOUND('',#3920,.F.);
#3920 = EDGE_LOOP('',(#3921,#3931,#3939,#3947));
#3921 = ORIENTED_EDGE('',*,*,#3922,.T.);
#3922 = EDGE_CURVE('',#3923,#3925,#3927,.T.);
#3923 = VERTEX_POINT('',#3924);
#3924 = CARTESIAN_POINT('',(-3.001442869511,2.771442869511,2.31));
#3925 = VERTEX_POINT('',#3926);
#3926 = CARTESIAN_POINT('',(-3.601442869511,2.771442869511,2.31));
#3927 = LINE('',#3928,#3929);
#3928 = CARTESIAN_POINT('',(-3.001442869511,2.771442869511,2.31));
#3929 = VECTOR('',#3930,1.);
#3930 = DIRECTION('',(-1.,2.22044604925E-16,0.));
#3931 = ORIENTED_EDGE('',*,*,#3932,.T.);
#3932 = EDGE_CURVE('',#3925,#3933,#3935,.T.);
#3933 = VERTEX_POINT('',#3934);
#3934 = CARTESIAN_POINT('',(-3.601442869511,-2.771442869511,2.31));
#3935 = LINE('',#3936,#3937);
#3936 = CARTESIAN_POINT('',(-3.601442869511,2.771442869511,2.31));
#3937 = VECTOR('',#3938,1.);
#3938 = DIRECTION('',(-2.22044604925E-16,-1.,0.));
#3939 = ORIENTED_EDGE('',*,*,#3940,.T.);
#3940 = EDGE_CURVE('',#3933,#3941,#3943,.T.);
#3941 = VERTEX_POINT('',#3942);
#3942 = CARTESIAN_POINT('',(-3.001442869511,-2.771442869511,2.31));
#3943 = LINE('',#3944,#3945);
#3944 = CARTESIAN_POINT('',(-3.601442869511,-2.771442869511,2.31));
#3945 = VECTOR('',#3946,1.);
#3946 = DIRECTION('',(1.,-2.22044604925E-16,0.));
#3947 = ORIENTED_EDGE('',*,*,#3948,.T.);
#3948 = EDGE_CURVE('',#3941,#3923,#3949,.T.);
#3949 = LINE('',#3950,#3951);
#3950 = CARTESIAN_POINT('',(-3.001442869511,-2.771442869511,2.31));
#3951 = VECTOR('',#3952,1.);
#3952 = DIRECTION('',(2.22044604925E-16,1.,0.));
#3953 = PLANE('',#3954);
#3954 = AXIS2_PLACEMENT_3D('',#3955,#3956,#3957);
#3955 = CARTESIAN_POINT('',(3.690721434755,-2.860721434755,2.31));
#3956 = DIRECTION('',(0.,0.,-1.));
#3957 = DIRECTION('',(-0.790372296923,0.612626829528,0.));
#3958 = ADVANCED_FACE('',(#3959),#3976,.T.);
#3959 = FACE_BOUND('',#3960,.T.);
#3960 = EDGE_LOOP('',(#3961,#3969,#3974,#3975));
#3961 = ORIENTED_EDGE('',*,*,#3962,.T.);
#3962 = EDGE_CURVE('',#3719,#3963,#3965,.T.);
#3963 = VERTEX_POINT('',#3964);
#3964 = CARTESIAN_POINT('',(-2.5,2.876953901163,0.));
#3965 = LINE('',#3966,#3967);
#3966 = CARTESIAN_POINT('',(2.5,2.876953901163,0.));
#3967 = VECTOR('',#3968,1.);
#3968 = DIRECTION('',(-1.,2.22044604925E-16,0.));
#3969 = ORIENTED_EDGE('',*,*,#3970,.T.);
#3970 = EDGE_CURVE('',#3963,#3679,#3971,.T.);
#3971 = B_SPLINE_CURVE_WITH_KNOTS('',1,(#3972,#3973),.UNSPECIFIED.,.F.,
  .F.,(2,2),(0.,1.),.PIECEWISE_BEZIER_KNOTS.);
#3972 = CARTESIAN_POINT('',(-2.5,2.876953901163,0.));
#3973 = CARTESIAN_POINT('',(-2.5,2.892413392981,0.22));
#3974 = ORIENTED_EDGE('',*,*,#3678,.F.);
#3975 = ORIENTED_EDGE('',*,*,#3726,.F.);
#3976 = PLANE('',#3977);
#3977 = AXIS2_PLACEMENT_3D('',#3978,#3979,#3980);
#3978 = CARTESIAN_POINT('',(2.5,2.892413392981,0.22));
#3979 = DIRECTION('',(2.214984063823E-16,0.997540140447,
    -7.009756199374E-02));
#3980 = DIRECTION('',(-1.,2.22044604925E-16,-1.177128382009E-30));
#3981 = ADVANCED_FACE('',(#3982),#3993,.T.);
#3982 = FACE_BOUND('',#3983,.F.);
#3983 = EDGE_LOOP('',(#3984,#3985,#3986,#3992));
#3984 = ORIENTED_EDGE('',*,*,#3716,.T.);
#3985 = ORIENTED_EDGE('',*,*,#3962,.T.);
#3986 = ORIENTED_EDGE('',*,*,#3987,.T.);
#3987 = EDGE_CURVE('',#3963,#3843,#3988,.T.);
#3988 = LINE('',#3989,#3990);
#3989 = CARTESIAN_POINT('',(-2.5,2.876953901163,0.));
#3990 = VECTOR('',#3991,1.);
#3991 = DIRECTION('',(-2.22044604925E-16,-1.,0.));
#3992 = ORIENTED_EDGE('',*,*,#3842,.T.);
#3993 = PLANE('',#3994);
#3994 = AXIS2_PLACEMENT_3D('',#3995,#3996,#3997);
#3995 = CARTESIAN_POINT('',(2.5,-2.876953901163,0.));
#3996 = DIRECTION('',(0.,0.,-1.));
#3997 = DIRECTION('',(-0.655924838549,0.754826209253,0.));
#3998 = ADVANCED_FACE('',(#3999),#4067,.T.);
#3999 = FACE_BOUND('',#4000,.T.);
#4000 = EDGE_LOOP('',(#4001,#4012,#4020,#4029,#4037,#4045,#4051,#4052,
    #4053,#4061));
#4001 = ORIENTED_EDGE('',*,*,#4002,.F.);
#4002 = EDGE_CURVE('',#4003,#4005,#4007,.T.);
#4003 = VERTEX_POINT('',#4004);
#4004 = CARTESIAN_POINT('',(-4.,1.5,0.146666666667));
#4005 = VERTEX_POINT('',#4006);
#4006 = CARTESIAN_POINT('',(-3.853333333333,1.5,-2.775557561563E-17));
#4007 = CIRCLE('',#4008,0.146666666667);
#4008 = AXIS2_PLACEMENT_3D('',#4009,#4010,#4011);
#4009 = CARTESIAN_POINT('',(-3.853333333333,1.5,0.146666666667));
#4010 = DIRECTION('',(-2.22044604925E-16,-1.,0.));
#4011 = DIRECTION('',(0.,0.,1.));
#4012 = ORIENTED_EDGE('',*,*,#4013,.T.);
#4013 = EDGE_CURVE('',#4003,#4014,#4016,.T.);
#4014 = VERTEX_POINT('',#4015);
#4015 = CARTESIAN_POINT('',(-4.,1.5,0.882438333333));
#4016 = LINE('',#4017,#4018);
#4017 = CARTESIAN_POINT('',(-4.,1.5,0.));
#4018 = VECTOR('',#4019,1.);
#4019 = DIRECTION('',(0.,0.,1.));
#4020 = ORIENTED_EDGE('',*,*,#4021,.T.);
#4021 = EDGE_CURVE('',#4014,#4022,#4024,.T.);
#4022 = VERTEX_POINT('',#4023);
#4023 = CARTESIAN_POINT('',(-3.853333333333,1.5,1.029105));
#4024 = CIRCLE('',#4025,0.146666666667);
#4025 = AXIS2_PLACEMENT_3D('',#4026,#4027,#4028);
#4026 = CARTESIAN_POINT('',(-3.853333333333,1.5,0.882438333333));
#4027 = DIRECTION('',(2.22044604925E-16,1.,-0.));
#4028 = DIRECTION('',(0.,0.,1.));
#4029 = ORIENTED_EDGE('',*,*,#4030,.T.);
#4030 = EDGE_CURVE('',#4022,#4031,#4033,.T.);
#4031 = VERTEX_POINT('',#4032);
#4032 = CARTESIAN_POINT('',(-3.78,1.5,1.029105));
#4033 = LINE('',#4034,#4035);
#4034 = CARTESIAN_POINT('',(-4.,1.5,1.029105));
#4035 = VECTOR('',#4036,1.);
#4036 = DIRECTION('',(1.,-2.22044604925E-16,0.));
#4037 = ORIENTED_EDGE('',*,*,#4038,.F.);
#4038 = EDGE_CURVE('',#4039,#4031,#4041,.T.);
#4039 = VERTEX_POINT('',#4040);
#4040 = CARTESIAN_POINT('',(-3.78,1.5,0.2222));
#4041 = LINE('',#4042,#4043);
#4042 = CARTESIAN_POINT('',(-3.78,1.5,0.));
#4043 = VECTOR('',#4044,1.);
#4044 = DIRECTION('',(0.,0.,1.));
#4045 = ORIENTED_EDGE('',*,*,#4046,.T.);
#4046 = EDGE_CURVE('',#4039,#3802,#4047,.T.);
#4047 = LINE('',#4048,#4049);
#4048 = CARTESIAN_POINT('',(-3.78,1.5,0.2222));
#4049 = VECTOR('',#4050,1.);
#4050 = DIRECTION('',(1.,-2.22044604925E-16,0.));
#4051 = ORIENTED_EDGE('',*,*,#3801,.F.);
#4052 = ORIENTED_EDGE('',*,*,#3777,.F.);
#4053 = ORIENTED_EDGE('',*,*,#4054,.F.);
#4054 = EDGE_CURVE('',#4055,#3770,#4057,.T.);
#4055 = VERTEX_POINT('',#4056);
#4056 = CARTESIAN_POINT('',(-2.64,1.5,0.));
#4057 = LINE('',#4058,#4059);
#4058 = CARTESIAN_POINT('',(-2.64,1.5,0.));
#4059 = VECTOR('',#4060,1.);
#4060 = DIRECTION('',(0.,0.,1.));
#4061 = ORIENTED_EDGE('',*,*,#4062,.F.);
#4062 = EDGE_CURVE('',#4005,#4055,#4063,.T.);
#4063 = LINE('',#4064,#4065);
#4064 = CARTESIAN_POINT('',(-3.78,1.5,0.));
#4065 = VECTOR('',#4066,1.);
#4066 = DIRECTION('',(1.,-2.22044604925E-16,0.));
#4067 = PLANE('',#4068);
#4068 = AXIS2_PLACEMENT_3D('',#4069,#4070,#4071);
#4069 = CARTESIAN_POINT('',(-3.49795115624,1.5,0.316605682137));
#4070 = DIRECTION('',(2.22044604925E-16,1.,4.479125387751E-31));
#4071 = DIRECTION('',(-1.,2.22044604925E-16,0.));
#4072 = ADVANCED_FACE('',(#4073),#4091,.T.);
#4073 = FACE_BOUND('',#4074,.T.);
#4074 = EDGE_LOOP('',(#4075,#4083,#4084,#4085));
#4075 = ORIENTED_EDGE('',*,*,#4076,.F.);
#4076 = EDGE_CURVE('',#4055,#4077,#4079,.T.);
#4077 = VERTEX_POINT('',#4078);
#4078 = CARTESIAN_POINT('',(-2.64,-1.5,0.));
#4079 = LINE('',#4080,#4081);
#4080 = CARTESIAN_POINT('',(-2.64,1.5,0.));
#4081 = VECTOR('',#4082,1.);
#4082 = DIRECTION('',(-2.22044604925E-16,-1.,0.));
#4083 = ORIENTED_EDGE('',*,*,#4054,.T.);
#4084 = ORIENTED_EDGE('',*,*,#3769,.F.);
#4085 = ORIENTED_EDGE('',*,*,#4086,.F.);
#4086 = EDGE_CURVE('',#4077,#3762,#4087,.T.);
#4087 = LINE('',#4088,#4089);
#4088 = CARTESIAN_POINT('',(-2.64,-1.5,0.));
#4089 = VECTOR('',#4090,1.);
#4090 = DIRECTION('',(0.,0.,1.));
#4091 = PLANE('',#4092);
#4092 = AXIS2_PLACEMENT_3D('',#4093,#4094,#4095);
#4093 = CARTESIAN_POINT('',(-2.64,1.5,0.));
#4094 = DIRECTION('',(1.,-2.22044604925E-16,0.));
#4095 = DIRECTION('',(-2.22044604925E-16,-1.,0.));
#4096 = ADVANCED_FACE('',(#4097),#4158,.T.);
#4097 = FACE_BOUND('',#4098,.T.);
#4098 = EDGE_LOOP('',(#4099,#4109,#4118,#4124,#4125,#4126,#4127,#4135,
    #4143,#4151));
#4099 = ORIENTED_EDGE('',*,*,#4100,.F.);
#4100 = EDGE_CURVE('',#4101,#4103,#4105,.T.);
#4101 = VERTEX_POINT('',#4102);
#4102 = CARTESIAN_POINT('',(-4.,-1.5,0.146666666667));
#4103 = VERTEX_POINT('',#4104);
#4104 = CARTESIAN_POINT('',(-4.,-1.5,0.882438333333));
#4105 = LINE('',#4106,#4107);
#4106 = CARTESIAN_POINT('',(-4.,-1.5,0.));
#4107 = VECTOR('',#4108,1.);
#4108 = DIRECTION('',(0.,0.,1.));
#4109 = ORIENTED_EDGE('',*,*,#4110,.T.);
#4110 = EDGE_CURVE('',#4101,#4111,#4113,.T.);
#4111 = VERTEX_POINT('',#4112);
#4112 = CARTESIAN_POINT('',(-3.853333333333,-1.5,-2.775557561563E-17));
#4113 = CIRCLE('',#4114,0.146666666667);
#4114 = AXIS2_PLACEMENT_3D('',#4115,#4116,#4117);
#4115 = CARTESIAN_POINT('',(-3.853333333333,-1.5,0.146666666667));
#4116 = DIRECTION('',(-2.22044604925E-16,-1.,0.));
#4117 = DIRECTION('',(0.,0.,1.));
#4118 = ORIENTED_EDGE('',*,*,#4119,.F.);
#4119 = EDGE_CURVE('',#4077,#4111,#4120,.T.);
#4120 = LINE('',#4121,#4122);
#4121 = CARTESIAN_POINT('',(-3.78,-1.5,0.));
#4122 = VECTOR('',#4123,1.);
#4123 = DIRECTION('',(-1.,2.22044604925E-16,0.));
#4124 = ORIENTED_EDGE('',*,*,#4086,.T.);
#4125 = ORIENTED_EDGE('',*,*,#3761,.F.);
#4126 = ORIENTED_EDGE('',*,*,#3818,.T.);
#4127 = ORIENTED_EDGE('',*,*,#4128,.T.);
#4128 = EDGE_CURVE('',#3812,#4129,#4131,.T.);
#4129 = VERTEX_POINT('',#4130);
#4130 = CARTESIAN_POINT('',(-3.78,-1.5,0.2222));
#4131 = LINE('',#4132,#4133);
#4132 = CARTESIAN_POINT('',(-2.64,-1.5,0.2222));
#4133 = VECTOR('',#4134,1.);
#4134 = DIRECTION('',(-1.,2.22044604925E-16,0.));
#4135 = ORIENTED_EDGE('',*,*,#4136,.T.);
#4136 = EDGE_CURVE('',#4129,#4137,#4139,.T.);
#4137 = VERTEX_POINT('',#4138);
#4138 = CARTESIAN_POINT('',(-3.78,-1.5,1.029105));
#4139 = LINE('',#4140,#4141);
#4140 = CARTESIAN_POINT('',(-3.78,-1.5,0.));
#4141 = VECTOR('',#4142,1.);
#4142 = DIRECTION('',(0.,0.,1.));
#4143 = ORIENTED_EDGE('',*,*,#4144,.T.);
#4144 = EDGE_CURVE('',#4137,#4145,#4147,.T.);
#4145 = VERTEX_POINT('',#4146);
#4146 = CARTESIAN_POINT('',(-3.853333333333,-1.5,1.029105));
#4147 = LINE('',#4148,#4149);
#4148 = CARTESIAN_POINT('',(-3.78,-1.5,1.029105));
#4149 = VECTOR('',#4150,1.);
#4150 = DIRECTION('',(-1.,2.22044604925E-16,0.));
#4151 = ORIENTED_EDGE('',*,*,#4152,.F.);
#4152 = EDGE_CURVE('',#4103,#4145,#4153,.T.);
#4153 = CIRCLE('',#4154,0.146666666667);
#4154 = AXIS2_PLACEMENT_3D('',#4155,#4156,#4157);
#4155 = CARTESIAN_POINT('',(-3.853333333333,-1.5,0.882438333333));
#4156 = DIRECTION('',(2.22044604925E-16,1.,-0.));
#4157 = DIRECTION('',(0.,0.,1.));
#4158 = PLANE('',#4159);
#4159 = AXIS2_PLACEMENT_3D('',#4160,#4161,#4162);
#4160 = CARTESIAN_POINT('',(-3.49795115624,-1.5,0.316605682137));
#4161 = DIRECTION('',(-2.22044604925E-16,-1.,-0.));
#4162 = DIRECTION('',(0.,0.,-1.));
#4163 = ADVANCED_FACE('',(#4164),#4170,.T.);
#4164 = FACE_BOUND('',#4165,.T.);
#4165 = EDGE_LOOP('',(#4166,#4167,#4168,#4169));
#4166 = ORIENTED_EDGE('',*,*,#3987,.T.);
#4167 = ORIENTED_EDGE('',*,*,#3852,.T.);
#4168 = ORIENTED_EDGE('',*,*,#3746,.F.);
#4169 = ORIENTED_EDGE('',*,*,#3970,.F.);
#4170 = B_SPLINE_SURFACE_WITH_KNOTS('',1,1,(
    (#4171,#4172)
    ,(#4173,#4174
    )),.UNSPECIFIED.,.F.,.F.,.F.,(2,2),(2,2),(0.,5.784826785961),(0.,1.)
  ,.PIECEWISE_BEZIER_KNOTS.);
#4171 = CARTESIAN_POINT('',(-2.5,2.876953901163,0.));
#4172 = CARTESIAN_POINT('',(-2.5,2.892413392981,0.22));
#4173 = CARTESIAN_POINT('',(-2.5,-2.876953901163,0.));
#4174 = CARTESIAN_POINT('',(-2.5,-2.892413392981,0.22));
#4175 = ADVANCED_FACE('',(#4176),#4182,.T.);
#4176 = FACE_BOUND('',#4177,.T.);
#4177 = EDGE_LOOP('',(#4178,#4179,#4180,#4181));
#4178 = ORIENTED_EDGE('',*,*,#3828,.T.);
#4179 = ORIENTED_EDGE('',*,*,#3875,.T.);
#4180 = ORIENTED_EDGE('',*,*,#3913,.F.);
#4181 = ORIENTED_EDGE('',*,*,#3889,.F.);
#4182 = B_SPLINE_SURFACE_WITH_KNOTS('',1,1,(
    (#4183,#4184)
    ,(#4185,#4186
    )),.UNSPECIFIED.,.F.,.F.,.F.,(2,2),(2,2),(0.,5.9),(0.,1.),
  .PIECEWISE_BEZIER_KNOTS.);
#4183 = CARTESIAN_POINT('',(-3.78,2.95,1.0395));
#4184 = CARTESIAN_POINT('',(-3.690721434755,2.860721434755,2.31));
#4185 = CARTESIAN_POINT('',(-3.78,-2.95,1.0395));
#4186 = CARTESIAN_POINT('',(-3.690721434755,-2.860721434755,2.31));
#4187 = ADVANCED_FACE('',(#4188),#4199,.F.);
#4188 = FACE_BOUND('',#4189,.F.);
#4189 = EDGE_LOOP('',(#4190,#4191,#4192,#4198));
#4190 = ORIENTED_EDGE('',*,*,#3811,.F.);
#4191 = ORIENTED_EDGE('',*,*,#4128,.T.);
#4192 = ORIENTED_EDGE('',*,*,#4193,.T.);
#4193 = EDGE_CURVE('',#4129,#4039,#4194,.T.);
#4194 = LINE('',#4195,#4196);
#4195 = CARTESIAN_POINT('',(-3.78,-1.5,0.2222));
#4196 = VECTOR('',#4197,1.);
#4197 = DIRECTION('',(2.22044604925E-16,1.,0.));
#4198 = ORIENTED_EDGE('',*,*,#4046,.T.);
#4199 = PLANE('',#4200);
#4200 = AXIS2_PLACEMENT_3D('',#4201,#4202,#4203);
#4201 = CARTESIAN_POINT('',(-3.21,4.440892098501E-16,0.2222));
#4202 = DIRECTION('',(0.,-0.,-1.));
#4203 = DIRECTION('',(-2.22044604925E-16,-1.,0.));
#4204 = ADVANCED_FACE('',(#4205),#4228,.F.);
#4205 = FACE_BOUND('',#4206,.F.);
#4206 = EDGE_LOOP('',(#4207,#4217,#4222,#4223));
#4207 = ORIENTED_EDGE('',*,*,#4208,.T.);
#4208 = EDGE_CURVE('',#4209,#4211,#4213,.T.);
#4209 = VERTEX_POINT('',#4210);
#4210 = CARTESIAN_POINT('',(-3.001442869511,2.771442869511,2.3078));
#4211 = VERTEX_POINT('',#4212);
#4212 = CARTESIAN_POINT('',(-3.601442869511,2.771442869511,2.3078));
#4213 = LINE('',#4214,#4215);
#4214 = CARTESIAN_POINT('',(-3.001442869511,2.771442869511,2.3078));
#4215 = VECTOR('',#4216,1.);
#4216 = DIRECTION('',(-1.,2.22044604925E-16,0.));
#4217 = ORIENTED_EDGE('',*,*,#4218,.T.);
#4218 = EDGE_CURVE('',#4211,#3925,#4219,.T.);
#4219 = B_SPLINE_CURVE_WITH_KNOTS('',1,(#4220,#4221),.UNSPECIFIED.,.F.,
  .F.,(2,2),(0.,1.),.PIECEWISE_BEZIER_KNOTS.);
#4220 = CARTESIAN_POINT('',(-3.601442869511,2.771442869511,2.3078));
#4221 = CARTESIAN_POINT('',(-3.601442869511,2.771442869511,2.31));
#4222 = ORIENTED_EDGE('',*,*,#3922,.F.);
#4223 = ORIENTED_EDGE('',*,*,#4224,.F.);
#4224 = EDGE_CURVE('',#4209,#3923,#4225,.T.);
#4225 = B_SPLINE_CURVE_WITH_KNOTS('',1,(#4226,#4227),.UNSPECIFIED.,.F.,
  .F.,(2,2),(0.,1.),.PIECEWISE_BEZIER_KNOTS.);
#4226 = CARTESIAN_POINT('',(-3.001442869511,2.771442869511,2.3078));
#4227 = CARTESIAN_POINT('',(-3.001442869511,2.771442869511,2.31));
#4228 = PLANE('',#4229);
#4229 = AXIS2_PLACEMENT_3D('',#4230,#4231,#4232);
#4230 = CARTESIAN_POINT('',(-3.001442869511,2.771442869511,2.31));
#4231 = DIRECTION('',(2.22044604925E-16,1.,0.));
#4232 = DIRECTION('',(-1.,2.22044604925E-16,0.));
#4233 = ADVANCED_FACE('',(#4234),#4251,.F.);
#4234 = FACE_BOUND('',#4235,.F.);
#4235 = EDGE_LOOP('',(#4236,#4244,#4245,#4246));
#4236 = ORIENTED_EDGE('',*,*,#4237,.T.);
#4237 = EDGE_CURVE('',#4238,#4209,#4240,.T.);
#4238 = VERTEX_POINT('',#4239);
#4239 = CARTESIAN_POINT('',(-3.001442869511,-2.771442869511,2.3078));
#4240 = LINE('',#4241,#4242);
#4241 = CARTESIAN_POINT('',(-3.001442869511,-2.771442869511,2.3078));
#4242 = VECTOR('',#4243,1.);
#4243 = DIRECTION('',(2.22044604925E-16,1.,0.));
#4244 = ORIENTED_EDGE('',*,*,#4224,.T.);
#4245 = ORIENTED_EDGE('',*,*,#3948,.F.);
#4246 = ORIENTED_EDGE('',*,*,#4247,.F.);
#4247 = EDGE_CURVE('',#4238,#3941,#4248,.T.);
#4248 = B_SPLINE_CURVE_WITH_KNOTS('',1,(#4249,#4250),.UNSPECIFIED.,.F.,
  .F.,(2,2),(0.,1.),.PIECEWISE_BEZIER_KNOTS.);
#4249 = CARTESIAN_POINT('',(-3.001442869511,-2.771442869511,2.3078));
#4250 = CARTESIAN_POINT('',(-3.001442869511,-2.771442869511,2.31));
#4251 = PLANE('',#4252);
#4252 = AXIS2_PLACEMENT_3D('',#4253,#4254,#4255);
#4253 = CARTESIAN_POINT('',(-3.001442869511,-2.771442869511,2.31));
#4254 = DIRECTION('',(1.,-2.22044604925E-16,0.));
#4255 = DIRECTION('',(2.22044604925E-16,1.,0.));
#4256 = ADVANCED_FACE('',(#4257),#4274,.F.);
#4257 = FACE_BOUND('',#4258,.F.);
#4258 = EDGE_LOOP('',(#4259,#4267,#4268,#4269));
#4259 = ORIENTED_EDGE('',*,*,#4260,.T.);
#4260 = EDGE_CURVE('',#4261,#4238,#4263,.T.);
#4261 = VERTEX_POINT('',#4262);
#4262 = CARTESIAN_POINT('',(-3.601442869511,-2.771442869511,2.3078));
#4263 = LINE('',#4264,#4265);
#4264 = CARTESIAN_POINT('',(-3.601442869511,-2.771442869511,2.3078));
#4265 = VECTOR('',#4266,1.);
#4266 = DIRECTION('',(1.,-2.22044604925E-16,0.));
#4267 = ORIENTED_EDGE('',*,*,#4247,.T.);
#4268 = ORIENTED_EDGE('',*,*,#3940,.F.);
#4269 = ORIENTED_EDGE('',*,*,#4270,.F.);
#4270 = EDGE_CURVE('',#4261,#3933,#4271,.T.);
#4271 = B_SPLINE_CURVE_WITH_KNOTS('',1,(#4272,#4273),.UNSPECIFIED.,.F.,
  .F.,(2,2),(0.,1.),.PIECEWISE_BEZIER_KNOTS.);
#4272 = CARTESIAN_POINT('',(-3.601442869511,-2.771442869511,2.3078));
#4273 = CARTESIAN_POINT('',(-3.601442869511,-2.771442869511,2.31));
#4274 = PLANE('',#4275);
#4275 = AXIS2_PLACEMENT_3D('',#4276,#4277,#4278);
#4276 = CARTESIAN_POINT('',(-3.601442869511,-2.771442869511,2.31));
#4277 = DIRECTION('',(-2.22044604925E-16,-1.,0.));
#4278 = DIRECTION('',(1.,-2.22044604925E-16,0.));
#4279 = ADVANCED_FACE('',(#4280),#4291,.F.);
#4280 = FACE_BOUND('',#4281,.F.);
#4281 = EDGE_LOOP('',(#4282,#4288,#4289,#4290));
#4282 = ORIENTED_EDGE('',*,*,#4283,.T.);
#4283 = EDGE_CURVE('',#4211,#4261,#4284,.T.);
#4284 = LINE('',#4285,#4286);
#4285 = CARTESIAN_POINT('',(-3.601442869511,2.771442869511,2.3078));
#4286 = VECTOR('',#4287,1.);
#4287 = DIRECTION('',(-2.22044604925E-16,-1.,0.));
#4288 = ORIENTED_EDGE('',*,*,#4270,.T.);
#4289 = ORIENTED_EDGE('',*,*,#3932,.F.);
#4290 = ORIENTED_EDGE('',*,*,#4218,.F.);
#4291 = PLANE('',#4292);
#4292 = AXIS2_PLACEMENT_3D('',#4293,#4294,#4295);
#4293 = CARTESIAN_POINT('',(-3.601442869511,2.771442869511,2.31));
#4294 = DIRECTION('',(-1.,2.22044604925E-16,0.));
#4295 = DIRECTION('',(-2.22044604925E-16,-1.,0.));
#4296 = ADVANCED_FACE('',(#4297),#4313,.T.);
#4297 = FACE_BOUND('',#4298,.T.);
#4298 = EDGE_LOOP('',(#4299,#4305,#4306,#4312));
#4299 = ORIENTED_EDGE('',*,*,#4300,.T.);
#4300 = EDGE_CURVE('',#4101,#4003,#4301,.T.);
#4301 = LINE('',#4302,#4303);
#4302 = CARTESIAN_POINT('',(-4.,-1.5,0.146666666667));
#4303 = VECTOR('',#4304,1.);
#4304 = DIRECTION('',(2.22044604925E-16,1.,0.));
#4305 = ORIENTED_EDGE('',*,*,#4002,.T.);
#4306 = ORIENTED_EDGE('',*,*,#4307,.F.);
#4307 = EDGE_CURVE('',#4111,#4005,#4308,.T.);
#4308 = LINE('',#4309,#4310);
#4309 = CARTESIAN_POINT('',(-3.853333333333,-1.5,-2.775557561563E-17));
#4310 = VECTOR('',#4311,1.);
#4311 = DIRECTION('',(2.22044604925E-16,1.,0.));
#4312 = ORIENTED_EDGE('',*,*,#4110,.F.);
#4313 = CYLINDRICAL_SURFACE('',#4314,0.146666666667);
#4314 = AXIS2_PLACEMENT_3D('',#4315,#4316,#4317);
#4315 = CARTESIAN_POINT('',(-3.853333333333,-1.5,0.146666666667));
#4316 = DIRECTION('',(2.22044604925E-16,1.,0.));
#4317 = DIRECTION('',(-1.,2.22044604925E-16,0.));
#4318 = ADVANCED_FACE('',(#4319),#4325,.T.);
#4319 = FACE_BOUND('',#4320,.T.);
#4320 = EDGE_LOOP('',(#4321,#4322,#4323,#4324));
#4321 = ORIENTED_EDGE('',*,*,#4119,.T.);
#4322 = ORIENTED_EDGE('',*,*,#4307,.T.);
#4323 = ORIENTED_EDGE('',*,*,#4062,.T.);
#4324 = ORIENTED_EDGE('',*,*,#4076,.T.);
#4325 = PLANE('',#4326);
#4326 = AXIS2_PLACEMENT_3D('',#4327,#4328,#4329);
#4327 = CARTESIAN_POINT('',(-3.246666666667,7.472550473381E-16,
    -9.881336255564E-18));
#4328 = DIRECTION('',(1.683864530617E-17,-3.712923919107E-33,-1.));
#4329 = DIRECTION('',(1.,-2.22044604925E-16,1.683864530617E-17));
#4330 = ADVANCED_FACE('',(#4331),#4342,.T.);
#4331 = FACE_BOUND('',#4332,.T.);
#4332 = EDGE_LOOP('',(#4333,#4334,#4335,#4341));
#4333 = ORIENTED_EDGE('',*,*,#4193,.T.);
#4334 = ORIENTED_EDGE('',*,*,#4038,.T.);
#4335 = ORIENTED_EDGE('',*,*,#4336,.T.);
#4336 = EDGE_CURVE('',#4031,#4137,#4337,.T.);
#4337 = LINE('',#4338,#4339);
#4338 = CARTESIAN_POINT('',(-3.78,1.5,1.029105));
#4339 = VECTOR('',#4340,1.);
#4340 = DIRECTION('',(-2.22044604925E-16,-1.,0.));
#4341 = ORIENTED_EDGE('',*,*,#4136,.F.);
#4342 = PLANE('',#4343);
#4343 = AXIS2_PLACEMENT_3D('',#4344,#4345,#4346);
#4344 = CARTESIAN_POINT('',(-3.78,1.5,0.));
#4345 = DIRECTION('',(1.,-2.22044604925E-16,0.));
#4346 = DIRECTION('',(-2.22044604925E-16,-1.,0.));
#4347 = ADVANCED_FACE('',(#4348),#4359,.F.);
#4348 = FACE_BOUND('',#4349,.F.);
#4349 = EDGE_LOOP('',(#4350,#4351,#4357,#4358));
#4350 = ORIENTED_EDGE('',*,*,#4144,.T.);
#4351 = ORIENTED_EDGE('',*,*,#4352,.T.);
#4352 = EDGE_CURVE('',#4145,#4022,#4353,.T.);
#4353 = LINE('',#4354,#4355);
#4354 = CARTESIAN_POINT('',(-3.853333333333,-1.5,1.029105));
#4355 = VECTOR('',#4356,1.);
#4356 = DIRECTION('',(2.22044604925E-16,1.,0.));
#4357 = ORIENTED_EDGE('',*,*,#4030,.T.);
#4358 = ORIENTED_EDGE('',*,*,#4336,.T.);
#4359 = PLANE('',#4360);
#4360 = AXIS2_PLACEMENT_3D('',#4361,#4362,#4363);
#4361 = CARTESIAN_POINT('',(-3.89,8.881784197001E-16,1.029105));
#4362 = DIRECTION('',(0.,-0.,-1.));
#4363 = DIRECTION('',(-2.22044604925E-16,-1.,0.));
#4364 = ADVANCED_FACE('',(#4365),#4376,.T.);
#4365 = FACE_BOUND('',#4366,.T.);
#4366 = EDGE_LOOP('',(#4367,#4368,#4369,#4370));
#4367 = ORIENTED_EDGE('',*,*,#4152,.T.);
#4368 = ORIENTED_EDGE('',*,*,#4352,.T.);
#4369 = ORIENTED_EDGE('',*,*,#4021,.F.);
#4370 = ORIENTED_EDGE('',*,*,#4371,.F.);
#4371 = EDGE_CURVE('',#4103,#4014,#4372,.T.);
#4372 = LINE('',#4373,#4374);
#4373 = CARTESIAN_POINT('',(-4.,-1.5,0.882438333333));
#4374 = VECTOR('',#4375,1.);
#4375 = DIRECTION('',(2.22044604925E-16,1.,0.));
#4376 = CYLINDRICAL_SURFACE('',#4377,0.146666666667);
#4377 = AXIS2_PLACEMENT_3D('',#4378,#4379,#4380);
#4378 = CARTESIAN_POINT('',(-3.853333333333,-1.5,0.882438333333));
#4379 = DIRECTION('',(2.22044604925E-16,1.,0.));
#4380 = DIRECTION('',(-1.,2.22044604925E-16,0.));
#4381 = ADVANCED_FACE('',(#4382),#4388,.T.);
#4382 = FACE_BOUND('',#4383,.T.);
#4383 = EDGE_LOOP('',(#4384,#4385,#4386,#4387));
#4384 = ORIENTED_EDGE('',*,*,#4100,.T.);
#4385 = ORIENTED_EDGE('',*,*,#4371,.T.);
#4386 = ORIENTED_EDGE('',*,*,#4013,.F.);
#4387 = ORIENTED_EDGE('',*,*,#4300,.F.);
#4388 = PLANE('',#4389);
#4389 = AXIS2_PLACEMENT_3D('',#4390,#4391,#4392);
#4390 = CARTESIAN_POINT('',(-4.,-1.5,0.));
#4391 = DIRECTION('',(-1.,2.22044604925E-16,0.));
#4392 = DIRECTION('',(2.22044604925E-16,1.,0.));
#4393 = ADVANCED_FACE('',(#4394),#4400,.F.);
#4394 = FACE_BOUND('',#4395,.T.);
#4395 = EDGE_LOOP('',(#4396,#4397,#4398,#4399));
#4396 = ORIENTED_EDGE('',*,*,#4237,.T.);
#4397 = ORIENTED_EDGE('',*,*,#4208,.T.);
#4398 = ORIENTED_EDGE('',*,*,#4283,.T.);
#4399 = ORIENTED_EDGE('',*,*,#4260,.T.);
#4400 = PLANE('',#4401);
#4401 = AXIS2_PLACEMENT_3D('',#4402,#4403,#4404);
#4402 = CARTESIAN_POINT('',(-3.001442869511,-2.771442869511,2.3078));
#4403 = DIRECTION('',(0.,0.,-1.));
#4404 = DIRECTION('',(-0.107618198581,0.99419229696,0.));
#4405 = ( GEOMETRIC_REPRESENTATION_CONTEXT(3) 
GLOBAL_UNCERTAINTY_ASSIGNED_CONTEXT((#4409)) 
GLOBAL_UNIT_ASSIGNED_CONTEXT((#4406,#4407,#4408)) REPRESENTATION_CONTEXT
('Context #1','3D Context with UNIT and UNCERTAINTY') );
#4406 = ( LENGTH_UNIT() NAMED_UNIT(*) SI_UNIT(.MILLI.,.METRE.) );
#4407 = ( NAMED_UNIT(*) PLANE_ANGLE_UNIT() SI_UNIT($,.RADIAN.) );
#4408 = ( NAMED_UNIT(*) SI_UNIT($,.STERADIAN.) SOLID_ANGLE_UNIT() );
#4409 = UNCERTAINTY_MEASURE_WITH_UNIT(LENGTH_MEASURE(1.E-07),#4406,
  'distance_accuracy_value','confusion accuracy');
#4410 = CONTEXT_DEPENDENT_SHAPE_REPRESENTATION(#4411,#4413);
#4411 = ( REPRESENTATION_RELATIONSHIP('','',#3196,#10) 
REPRESENTATION_RELATIONSHIP_WITH_TRANSFORMATION(#4412) 
SHAPE_REPRESENTATION_RELATIONSHIP() );
#4412 = ITEM_DEFINED_TRANSFORMATION('','',#11,#19);
#4413 = PRODUCT_DEFINITION_SHAPE('Placement','Placement of an item',
  #4414);
#4414 = NEXT_ASSEMBLY_USAGE_OCCURRENCE('2','D3','',#5,#3191,$);
#4415 = PRODUCT_RELATED_PRODUCT_CATEGORY('part',$,(#3193));
#4416 = SHAPE_DEFINITION_REPRESENTATION(#4417,#4423);
#4417 = PRODUCT_DEFINITION_SHAPE('','',#4418);
#4418 = PRODUCT_DEFINITION('design','',#4419,#4422);
#4419 = PRODUCT_DEFINITION_FORMATION('','',#4420);
#4420 = PRODUCT('R_0402_1005Metric','R_0402_1005Metric','',(#4421));
#4421 = PRODUCT_CONTEXT('',#2,'mechanical');
#4422 = PRODUCT_DEFINITION_CONTEXT('part definition',#2,'design');
#4423 = ADVANCED_BREP_SHAPE_REPRESENTATION('',(#11,#4424),#5214);
#4424 = MANIFOLD_SOLID_BREP('',#4425);
#4425 = CLOSED_SHELL('',(#4426,#4466,#4549,#4574,#4599,#4666,#4683,#4700
    ,#4749,#4766,#4783,#4832,#4849,#4918,#4949,#4973,#5042,#5066,#5083,
    #5100,#5117,#5134,#5151,#5168,#5185,#5202));
#4426 = ADVANCED_FACE('',(#4427),#4461,.F.);
#4427 = FACE_BOUND('',#4428,.F.);
#4428 = EDGE_LOOP('',(#4429,#4439,#4447,#4455));
#4429 = ORIENTED_EDGE('',*,*,#4430,.F.);
#4430 = EDGE_CURVE('',#4431,#4433,#4435,.T.);
#4431 = VERTEX_POINT('',#4432);
#4432 = CARTESIAN_POINT('',(-0.5,-0.25,3.5E-02));
#4433 = VERTEX_POINT('',#4434);
#4434 = CARTESIAN_POINT('',(-0.5,-0.25,0.315));
#4435 = LINE('',#4436,#4437);
#4436 = CARTESIAN_POINT('',(-0.5,-0.25,0.));
#4437 = VECTOR('',#4438,1.);
#4438 = DIRECTION('',(0.,0.,1.));
#4439 = ORIENTED_EDGE('',*,*,#4440,.T.);
#4440 = EDGE_CURVE('',#4431,#4441,#4443,.T.);
#4441 = VERTEX_POINT('',#4442);
#4442 = CARTESIAN_POINT('',(-0.5,0.25,3.5E-02));
#4443 = LINE('',#4444,#4445);
#4444 = CARTESIAN_POINT('',(-0.5,-0.25,3.5E-02));
#4445 = VECTOR('',#4446,1.);
#4446 = DIRECTION('',(0.,1.,0.));
#4447 = ORIENTED_EDGE('',*,*,#4448,.T.);
#4448 = EDGE_CURVE('',#4441,#4449,#4451,.T.);
#4449 = VERTEX_POINT('',#4450);
#4450 = CARTESIAN_POINT('',(-0.5,0.25,0.315));
#4451 = LINE('',#4452,#4453);
#4452 = CARTESIAN_POINT('',(-0.5,0.25,0.));
#4453 = VECTOR('',#4454,1.);
#4454 = DIRECTION('',(0.,0.,1.));
#4455 = ORIENTED_EDGE('',*,*,#4456,.F.);
#4456 = EDGE_CURVE('',#4433,#4449,#4457,.T.);
#4457 = LINE('',#4458,#4459);
#4458 = CARTESIAN_POINT('',(-0.5,-0.25,0.315));
#4459 = VECTOR('',#4460,1.);
#4460 = DIRECTION('',(0.,1.,0.));
#4461 = PLANE('',#4462);
#4462 = AXIS2_PLACEMENT_3D('',#4463,#4464,#4465);
#4463 = CARTESIAN_POINT('',(-0.5,-0.25,0.));
#4464 = DIRECTION('',(1.,0.,0.));
#4465 = DIRECTION('',(0.,0.,1.));
#4466 = ADVANCED_FACE('',(#4467),#4544,.F.);
#4467 = FACE_BOUND('',#4468,.F.);
#4468 = EDGE_LOOP('',(#4469,#4479,#4486,#4487,#4496,#4504,#4513,#4521,
    #4529,#4537));
#4469 = ORIENTED_EDGE('',*,*,#4470,.F.);
#4470 = EDGE_CURVE('',#4471,#4473,#4475,.T.);
#4471 = VERTEX_POINT('',#4472);
#4472 = CARTESIAN_POINT('',(-0.465,-0.25,-2.775557561563E-17));
#4473 = VERTEX_POINT('',#4474);
#4474 = CARTESIAN_POINT('',(-0.335,-0.25,-2.775557561563E-17));
#4475 = LINE('',#4476,#4477);
#4476 = CARTESIAN_POINT('',(-0.5,-0.25,0.));
#4477 = VECTOR('',#4478,1.);
#4478 = DIRECTION('',(1.,0.,0.));
#4479 = ORIENTED_EDGE('',*,*,#4480,.F.);
#4480 = EDGE_CURVE('',#4431,#4471,#4481,.T.);
#4481 = CIRCLE('',#4482,3.5E-02);
#4482 = AXIS2_PLACEMENT_3D('',#4483,#4484,#4485);
#4483 = CARTESIAN_POINT('',(-0.465,-0.25,3.5E-02));
#4484 = DIRECTION('',(0.,-1.,0.));
#4485 = DIRECTION('',(0.,0.,1.));
#4486 = ORIENTED_EDGE('',*,*,#4430,.T.);
#4487 = ORIENTED_EDGE('',*,*,#4488,.T.);
#4488 = EDGE_CURVE('',#4433,#4489,#4491,.T.);
#4489 = VERTEX_POINT('',#4490);
#4490 = CARTESIAN_POINT('',(-0.465,-0.25,0.35));
#4491 = CIRCLE('',#4492,3.5E-02);
#4492 = AXIS2_PLACEMENT_3D('',#4493,#4494,#4495);
#4493 = CARTESIAN_POINT('',(-0.465,-0.25,0.315));
#4494 = DIRECTION('',(0.,1.,0.));
#4495 = DIRECTION('',(0.,-0.,1.));
#4496 = ORIENTED_EDGE('',*,*,#4497,.T.);
#4497 = EDGE_CURVE('',#4489,#4498,#4500,.T.);
#4498 = VERTEX_POINT('',#4499);
#4499 = CARTESIAN_POINT('',(-0.335,-0.25,0.35));
#4500 = LINE('',#4501,#4502);
#4501 = CARTESIAN_POINT('',(-0.5,-0.25,0.35));
#4502 = VECTOR('',#4503,1.);
#4503 = DIRECTION('',(1.,0.,0.));
#4504 = ORIENTED_EDGE('',*,*,#4505,.F.);
#4505 = EDGE_CURVE('',#4506,#4498,#4508,.T.);
#4506 = VERTEX_POINT('',#4507);
#4507 = CARTESIAN_POINT('',(-0.3,-0.25,0.315));
#4508 = CIRCLE('',#4509,3.5E-02);
#4509 = AXIS2_PLACEMENT_3D('',#4510,#4511,#4512);
#4510 = CARTESIAN_POINT('',(-0.335,-0.25,0.315));
#4511 = DIRECTION('',(0.,-1.,0.));
#4512 = DIRECTION('',(0.,0.,1.));
#4513 = ORIENTED_EDGE('',*,*,#4514,.F.);
#4514 = EDGE_CURVE('',#4515,#4506,#4517,.T.);
#4515 = VERTEX_POINT('',#4516);
#4516 = CARTESIAN_POINT('',(-0.465,-0.25,0.315));
#4517 = LINE('',#4518,#4519);
#4518 = CARTESIAN_POINT('',(-0.465,-0.25,0.315));
#4519 = VECTOR('',#4520,1.);
#4520 = DIRECTION('',(1.,0.,0.));
#4521 = ORIENTED_EDGE('',*,*,#4522,.F.);
#4522 = EDGE_CURVE('',#4523,#4515,#4525,.T.);
#4523 = VERTEX_POINT('',#4524);
#4524 = CARTESIAN_POINT('',(-0.465,-0.25,3.5E-02));
#4525 = LINE('',#4526,#4527);
#4526 = CARTESIAN_POINT('',(-0.465,-0.25,3.5E-02));
#4527 = VECTOR('',#4528,1.);
#4528 = DIRECTION('',(0.,0.,1.));
#4529 = ORIENTED_EDGE('',*,*,#4530,.T.);
#4530 = EDGE_CURVE('',#4523,#4531,#4533,.T.);
#4531 = VERTEX_POINT('',#4532);
#4532 = CARTESIAN_POINT('',(-0.3,-0.25,3.5E-02));
#4533 = LINE('',#4534,#4535);
#4534 = CARTESIAN_POINT('',(-0.465,-0.25,3.5E-02));
#4535 = VECTOR('',#4536,1.);
#4536 = DIRECTION('',(1.,0.,0.));
#4537 = ORIENTED_EDGE('',*,*,#4538,.T.);
#4538 = EDGE_CURVE('',#4531,#4473,#4539,.T.);
#4539 = CIRCLE('',#4540,3.5E-02);
#4540 = AXIS2_PLACEMENT_3D('',#4541,#4542,#4543);
#4541 = CARTESIAN_POINT('',(-0.335,-0.25,3.5E-02));
#4542 = DIRECTION('',(0.,1.,0.));
#4543 = DIRECTION('',(0.,-0.,1.));
#4544 = PLANE('',#4545);
#4545 = AXIS2_PLACEMENT_3D('',#4546,#4547,#4548);
#4546 = CARTESIAN_POINT('',(-0.5,-0.25,0.));
#4547 = DIRECTION('',(0.,1.,0.));
#4548 = DIRECTION('',(0.,-0.,1.));
#4549 = ADVANCED_FACE('',(#4550),#4569,.T.);
#4550 = FACE_BOUND('',#4551,.T.);
#4551 = EDGE_LOOP('',(#4552,#4553,#4562,#4568));
#4552 = ORIENTED_EDGE('',*,*,#4440,.T.);
#4553 = ORIENTED_EDGE('',*,*,#4554,.T.);
#4554 = EDGE_CURVE('',#4441,#4555,#4557,.T.);
#4555 = VERTEX_POINT('',#4556);
#4556 = CARTESIAN_POINT('',(-0.465,0.25,-2.775557561563E-17));
#4557 = CIRCLE('',#4558,3.5E-02);
#4558 = AXIS2_PLACEMENT_3D('',#4559,#4560,#4561);
#4559 = CARTESIAN_POINT('',(-0.465,0.25,3.5E-02));
#4560 = DIRECTION('',(0.,-1.,0.));
#4561 = DIRECTION('',(0.,0.,1.));
#4562 = ORIENTED_EDGE('',*,*,#4563,.F.);
#4563 = EDGE_CURVE('',#4471,#4555,#4564,.T.);
#4564 = LINE('',#4565,#4566);
#4565 = CARTESIAN_POINT('',(-0.465,-0.25,-2.775557561563E-17));
#4566 = VECTOR('',#4567,1.);
#4567 = DIRECTION('',(0.,1.,0.));
#4568 = ORIENTED_EDGE('',*,*,#4480,.F.);
#4569 = CYLINDRICAL_SURFACE('',#4570,3.5E-02);
#4570 = AXIS2_PLACEMENT_3D('',#4571,#4572,#4573);
#4571 = CARTESIAN_POINT('',(-0.465,-0.25,3.5E-02));
#4572 = DIRECTION('',(0.,1.,0.));
#4573 = DIRECTION('',(-1.,0.,0.));
#4574 = ADVANCED_FACE('',(#4575),#4594,.T.);
#4575 = FACE_BOUND('',#4576,.T.);
#4576 = EDGE_LOOP('',(#4577,#4578,#4586,#4593));
#4577 = ORIENTED_EDGE('',*,*,#4488,.T.);
#4578 = ORIENTED_EDGE('',*,*,#4579,.T.);
#4579 = EDGE_CURVE('',#4489,#4580,#4582,.T.);
#4580 = VERTEX_POINT('',#4581);
#4581 = CARTESIAN_POINT('',(-0.465,0.25,0.35));
#4582 = LINE('',#4583,#4584);
#4583 = CARTESIAN_POINT('',(-0.465,-0.25,0.35));
#4584 = VECTOR('',#4585,1.);
#4585 = DIRECTION('',(0.,1.,0.));
#4586 = ORIENTED_EDGE('',*,*,#4587,.F.);
#4587 = EDGE_CURVE('',#4449,#4580,#4588,.T.);
#4588 = CIRCLE('',#4589,3.5E-02);
#4589 = AXIS2_PLACEMENT_3D('',#4590,#4591,#4592);
#4590 = CARTESIAN_POINT('',(-0.465,0.25,0.315));
#4591 = DIRECTION('',(0.,1.,0.));
#4592 = DIRECTION('',(0.,-0.,1.));
#4593 = ORIENTED_EDGE('',*,*,#4456,.F.);
#4594 = CYLINDRICAL_SURFACE('',#4595,3.5E-02);
#4595 = AXIS2_PLACEMENT_3D('',#4596,#4597,#4598);
#4596 = CARTESIAN_POINT('',(-0.465,-0.25,0.315));
#4597 = DIRECTION('',(0.,1.,0.));
#4598 = DIRECTION('',(-1.,0.,0.));
#4599 = ADVANCED_FACE('',(#4600),#4661,.T.);
#4600 = FACE_BOUND('',#4601,.T.);
#4601 = EDGE_LOOP('',(#4602,#4610,#4611,#4612,#4613,#4621,#4630,#4638,
    #4646,#4654));
#4602 = ORIENTED_EDGE('',*,*,#4603,.F.);
#4603 = EDGE_CURVE('',#4555,#4604,#4606,.T.);
#4604 = VERTEX_POINT('',#4605);
#4605 = CARTESIAN_POINT('',(-0.335,0.25,-2.775557561563E-17));
#4606 = LINE('',#4607,#4608);
#4607 = CARTESIAN_POINT('',(-0.5,0.25,0.));
#4608 = VECTOR('',#4609,1.);
#4609 = DIRECTION('',(1.,0.,0.));
#4610 = ORIENTED_EDGE('',*,*,#4554,.F.);
#4611 = ORIENTED_EDGE('',*,*,#4448,.T.);
#4612 = ORIENTED_EDGE('',*,*,#4587,.T.);
#4613 = ORIENTED_EDGE('',*,*,#4614,.T.);
#4614 = EDGE_CURVE('',#4580,#4615,#4617,.T.);
#4615 = VERTEX_POINT('',#4616);
#4616 = CARTESIAN_POINT('',(-0.335,0.25,0.35));
#4617 = LINE('',#4618,#4619);
#4618 = CARTESIAN_POINT('',(-0.5,0.25,0.35));
#4619 = VECTOR('',#4620,1.);
#4620 = DIRECTION('',(1.,0.,0.));
#4621 = ORIENTED_EDGE('',*,*,#4622,.F.);
#4622 = EDGE_CURVE('',#4623,#4615,#4625,.T.);
#4623 = VERTEX_POINT('',#4624);
#4624 = CARTESIAN_POINT('',(-0.3,0.25,0.315));
#4625 = CIRCLE('',#4626,3.5E-02);
#4626 = AXIS2_PLACEMENT_3D('',#4627,#4628,#4629);
#4627 = CARTESIAN_POINT('',(-0.335,0.25,0.315));
#4628 = DIRECTION('',(0.,-1.,0.));
#4629 = DIRECTION('',(0.,0.,1.));
#4630 = ORIENTED_EDGE('',*,*,#4631,.F.);
#4631 = EDGE_CURVE('',#4632,#4623,#4634,.T.);
#4632 = VERTEX_POINT('',#4633);
#4633 = CARTESIAN_POINT('',(-0.465,0.25,0.315));
#4634 = LINE('',#4635,#4636);
#4635 = CARTESIAN_POINT('',(-0.465,0.25,0.315));
#4636 = VECTOR('',#4637,1.);
#4637 = DIRECTION('',(1.,0.,0.));
#4638 = ORIENTED_EDGE('',*,*,#4639,.F.);
#4639 = EDGE_CURVE('',#4640,#4632,#4642,.T.);
#4640 = VERTEX_POINT('',#4641);
#4641 = CARTESIAN_POINT('',(-0.465,0.25,3.5E-02));
#4642 = LINE('',#4643,#4644);
#4643 = CARTESIAN_POINT('',(-0.465,0.25,3.5E-02));
#4644 = VECTOR('',#4645,1.);
#4645 = DIRECTION('',(0.,0.,1.));
#4646 = ORIENTED_EDGE('',*,*,#4647,.T.);
#4647 = EDGE_CURVE('',#4640,#4648,#4650,.T.);
#4648 = VERTEX_POINT('',#4649);
#4649 = CARTESIAN_POINT('',(-0.3,0.25,3.5E-02));
#4650 = LINE('',#4651,#4652);
#4651 = CARTESIAN_POINT('',(-0.465,0.25,3.5E-02));
#4652 = VECTOR('',#4653,1.);
#4653 = DIRECTION('',(1.,0.,0.));
#4654 = ORIENTED_EDGE('',*,*,#4655,.T.);
#4655 = EDGE_CURVE('',#4648,#4604,#4656,.T.);
#4656 = CIRCLE('',#4657,3.5E-02);
#4657 = AXIS2_PLACEMENT_3D('',#4658,#4659,#4660);
#4658 = CARTESIAN_POINT('',(-0.335,0.25,3.5E-02));
#4659 = DIRECTION('',(0.,1.,0.));
#4660 = DIRECTION('',(0.,-0.,1.));
#4661 = PLANE('',#4662);
#4662 = AXIS2_PLACEMENT_3D('',#4663,#4664,#4665);
#4663 = CARTESIAN_POINT('',(-0.5,0.25,0.));
#4664 = DIRECTION('',(0.,1.,0.));
#4665 = DIRECTION('',(0.,-0.,1.));
#4666 = ADVANCED_FACE('',(#4667),#4678,.F.);
#4667 = FACE_BOUND('',#4668,.F.);
#4668 = EDGE_LOOP('',(#4669,#4670,#4671,#4672));
#4669 = ORIENTED_EDGE('',*,*,#4603,.F.);
#4670 = ORIENTED_EDGE('',*,*,#4563,.F.);
#4671 = ORIENTED_EDGE('',*,*,#4470,.T.);
#4672 = ORIENTED_EDGE('',*,*,#4673,.T.);
#4673 = EDGE_CURVE('',#4473,#4604,#4674,.T.);
#4674 = LINE('',#4675,#4676);
#4675 = CARTESIAN_POINT('',(-0.335,-0.25,-2.775557561563E-17));
#4676 = VECTOR('',#4677,1.);
#4677 = DIRECTION('',(0.,1.,0.));
#4678 = PLANE('',#4679);
#4679 = AXIS2_PLACEMENT_3D('',#4680,#4681,#4682);
#4680 = CARTESIAN_POINT('',(-0.5,-0.25,0.));
#4681 = DIRECTION('',(0.,0.,1.));
#4682 = DIRECTION('',(1.,0.,-0.));
#4683 = ADVANCED_FACE('',(#4684),#4695,.T.);
#4684 = FACE_BOUND('',#4685,.T.);
#4685 = EDGE_LOOP('',(#4686,#4687,#4688,#4689));
#4686 = ORIENTED_EDGE('',*,*,#4538,.T.);
#4687 = ORIENTED_EDGE('',*,*,#4673,.T.);
#4688 = ORIENTED_EDGE('',*,*,#4655,.F.);
#4689 = ORIENTED_EDGE('',*,*,#4690,.F.);
#4690 = EDGE_CURVE('',#4531,#4648,#4691,.T.);
#4691 = LINE('',#4692,#4693);
#4692 = CARTESIAN_POINT('',(-0.3,-0.25,3.5E-02));
#4693 = VECTOR('',#4694,1.);
#4694 = DIRECTION('',(0.,1.,0.));
#4695 = CYLINDRICAL_SURFACE('',#4696,3.5E-02);
#4696 = AXIS2_PLACEMENT_3D('',#4697,#4698,#4699);
#4697 = CARTESIAN_POINT('',(-0.335,-0.25,3.5E-02));
#4698 = DIRECTION('',(0.,1.,0.));
#4699 = DIRECTION('',(1.,0.,0.));
#4700 = ADVANCED_FACE('',(#4701),#4744,.F.);
#4701 = FACE_BOUND('',#4702,.F.);
#4702 = EDGE_LOOP('',(#4703,#4704,#4705,#4706,#4714,#4722,#4730,#4738));
#4703 = ORIENTED_EDGE('',*,*,#4530,.F.);
#4704 = ORIENTED_EDGE('',*,*,#4522,.T.);
#4705 = ORIENTED_EDGE('',*,*,#4514,.T.);
#4706 = ORIENTED_EDGE('',*,*,#4707,.T.);
#4707 = EDGE_CURVE('',#4506,#4708,#4710,.T.);
#4708 = VERTEX_POINT('',#4709);
#4709 = CARTESIAN_POINT('',(0.3,-0.25,0.315));
#4710 = LINE('',#4711,#4712);
#4711 = CARTESIAN_POINT('',(-0.3,-0.25,0.315));
#4712 = VECTOR('',#4713,1.);
#4713 = DIRECTION('',(1.,0.,0.));
#4714 = ORIENTED_EDGE('',*,*,#4715,.T.);
#4715 = EDGE_CURVE('',#4708,#4716,#4718,.T.);
#4716 = VERTEX_POINT('',#4717);
#4717 = CARTESIAN_POINT('',(0.465,-0.25,0.315));
#4718 = LINE('',#4719,#4720);
#4719 = CARTESIAN_POINT('',(-0.465,-0.25,0.315));
#4720 = VECTOR('',#4721,1.);
#4721 = DIRECTION('',(1.,0.,0.));
#4722 = ORIENTED_EDGE('',*,*,#4723,.F.);
#4723 = EDGE_CURVE('',#4724,#4716,#4726,.T.);
#4724 = VERTEX_POINT('',#4725);
#4725 = CARTESIAN_POINT('',(0.465,-0.25,3.5E-02));
#4726 = LINE('',#4727,#4728);
#4727 = CARTESIAN_POINT('',(0.465,-0.25,3.5E-02));
#4728 = VECTOR('',#4729,1.);
#4729 = DIRECTION('',(0.,0.,1.));
#4730 = ORIENTED_EDGE('',*,*,#4731,.F.);
#4731 = EDGE_CURVE('',#4732,#4724,#4734,.T.);
#4732 = VERTEX_POINT('',#4733);
#4733 = CARTESIAN_POINT('',(0.3,-0.25,3.5E-02));
#4734 = LINE('',#4735,#4736);
#4735 = CARTESIAN_POINT('',(-0.465,-0.25,3.5E-02));
#4736 = VECTOR('',#4737,1.);
#4737 = DIRECTION('',(1.,0.,0.));
#4738 = ORIENTED_EDGE('',*,*,#4739,.F.);
#4739 = EDGE_CURVE('',#4531,#4732,#4740,.T.);
#4740 = LINE('',#4741,#4742);
#4741 = CARTESIAN_POINT('',(-0.465,-0.25,3.5E-02));
#4742 = VECTOR('',#4743,1.);
#4743 = DIRECTION('',(1.,0.,0.));
#4744 = PLANE('',#4745);
#4745 = AXIS2_PLACEMENT_3D('',#4746,#4747,#4748);
#4746 = CARTESIAN_POINT('',(-0.465,-0.25,3.5E-02));
#4747 = DIRECTION('',(0.,1.,0.));
#4748 = DIRECTION('',(0.,-0.,1.));
#4749 = ADVANCED_FACE('',(#4750),#4761,.T.);
#4750 = FACE_BOUND('',#4751,.T.);
#4751 = EDGE_LOOP('',(#4752,#4753,#4754,#4755));
#4752 = ORIENTED_EDGE('',*,*,#4614,.F.);
#4753 = ORIENTED_EDGE('',*,*,#4579,.F.);
#4754 = ORIENTED_EDGE('',*,*,#4497,.T.);
#4755 = ORIENTED_EDGE('',*,*,#4756,.T.);
#4756 = EDGE_CURVE('',#4498,#4615,#4757,.T.);
#4757 = LINE('',#4758,#4759);
#4758 = CARTESIAN_POINT('',(-0.335,-0.25,0.35));
#4759 = VECTOR('',#4760,1.);
#4760 = DIRECTION('',(0.,1.,0.));
#4761 = PLANE('',#4762);
#4762 = AXIS2_PLACEMENT_3D('',#4763,#4764,#4765);
#4763 = CARTESIAN_POINT('',(-0.5,-0.25,0.35));
#4764 = DIRECTION('',(0.,0.,1.));
#4765 = DIRECTION('',(1.,0.,-0.));
#4766 = ADVANCED_FACE('',(#4767),#4778,.T.);
#4767 = FACE_BOUND('',#4768,.T.);
#4768 = EDGE_LOOP('',(#4769,#4775,#4776,#4777));
#4769 = ORIENTED_EDGE('',*,*,#4770,.T.);
#4770 = EDGE_CURVE('',#4506,#4623,#4771,.T.);
#4771 = LINE('',#4772,#4773);
#4772 = CARTESIAN_POINT('',(-0.3,-0.25,0.315));
#4773 = VECTOR('',#4774,1.);
#4774 = DIRECTION('',(0.,1.,0.));
#4775 = ORIENTED_EDGE('',*,*,#4622,.T.);
#4776 = ORIENTED_EDGE('',*,*,#4756,.F.);
#4777 = ORIENTED_EDGE('',*,*,#4505,.F.);
#4778 = CYLINDRICAL_SURFACE('',#4779,3.5E-02);
#4779 = AXIS2_PLACEMENT_3D('',#4780,#4781,#4782);
#4780 = CARTESIAN_POINT('',(-0.335,-0.25,0.315));
#4781 = DIRECTION('',(0.,1.,0.));
#4782 = DIRECTION('',(1.,0.,0.));
#4783 = ADVANCED_FACE('',(#4784),#4827,.T.);
#4784 = FACE_BOUND('',#4785,.T.);
#4785 = EDGE_LOOP('',(#4786,#4787,#4788,#4789,#4797,#4805,#4813,#4821));
#4786 = ORIENTED_EDGE('',*,*,#4647,.F.);
#4787 = ORIENTED_EDGE('',*,*,#4639,.T.);
#4788 = ORIENTED_EDGE('',*,*,#4631,.T.);
#4789 = ORIENTED_EDGE('',*,*,#4790,.T.);
#4790 = EDGE_CURVE('',#4623,#4791,#4793,.T.);
#4791 = VERTEX_POINT('',#4792);
#4792 = CARTESIAN_POINT('',(0.3,0.25,0.315));
#4793 = LINE('',#4794,#4795);
#4794 = CARTESIAN_POINT('',(-0.3,0.25,0.315));
#4795 = VECTOR('',#4796,1.);
#4796 = DIRECTION('',(1.,0.,0.));
#4797 = ORIENTED_EDGE('',*,*,#4798,.T.);
#4798 = EDGE_CURVE('',#4791,#4799,#4801,.T.);
#4799 = VERTEX_POINT('',#4800);
#4800 = CARTESIAN_POINT('',(0.465,0.25,0.315));
#4801 = LINE('',#4802,#4803);
#4802 = CARTESIAN_POINT('',(-0.465,0.25,0.315));
#4803 = VECTOR('',#4804,1.);
#4804 = DIRECTION('',(1.,0.,0.));
#4805 = ORIENTED_EDGE('',*,*,#4806,.F.);
#4806 = EDGE_CURVE('',#4807,#4799,#4809,.T.);
#4807 = VERTEX_POINT('',#4808);
#4808 = CARTESIAN_POINT('',(0.465,0.25,3.5E-02));
#4809 = LINE('',#4810,#4811);
#4810 = CARTESIAN_POINT('',(0.465,0.25,3.5E-02));
#4811 = VECTOR('',#4812,1.);
#4812 = DIRECTION('',(0.,0.,1.));
#4813 = ORIENTED_EDGE('',*,*,#4814,.F.);
#4814 = EDGE_CURVE('',#4815,#4807,#4817,.T.);
#4815 = VERTEX_POINT('',#4816);
#4816 = CARTESIAN_POINT('',(0.3,0.25,3.5E-02));
#4817 = LINE('',#4818,#4819);
#4818 = CARTESIAN_POINT('',(-0.465,0.25,3.5E-02));
#4819 = VECTOR('',#4820,1.);
#4820 = DIRECTION('',(1.,0.,0.));
#4821 = ORIENTED_EDGE('',*,*,#4822,.F.);
#4822 = EDGE_CURVE('',#4648,#4815,#4823,.T.);
#4823 = LINE('',#4824,#4825);
#4824 = CARTESIAN_POINT('',(-0.465,0.25,3.5E-02));
#4825 = VECTOR('',#4826,1.);
#4826 = DIRECTION('',(1.,0.,0.));
#4827 = PLANE('',#4828);
#4828 = AXIS2_PLACEMENT_3D('',#4829,#4830,#4831);
#4829 = CARTESIAN_POINT('',(-0.465,0.25,3.5E-02));
#4830 = DIRECTION('',(0.,1.,0.));
#4831 = DIRECTION('',(0.,-0.,1.));
#4832 = ADVANCED_FACE('',(#4833),#4844,.F.);
#4833 = FACE_BOUND('',#4834,.F.);
#4834 = EDGE_LOOP('',(#4835,#4836,#4837,#4843));
#4835 = ORIENTED_EDGE('',*,*,#4690,.F.);
#4836 = ORIENTED_EDGE('',*,*,#4739,.T.);
#4837 = ORIENTED_EDGE('',*,*,#4838,.T.);
#4838 = EDGE_CURVE('',#4732,#4815,#4839,.T.);
#4839 = LINE('',#4840,#4841);
#4840 = CARTESIAN_POINT('',(0.3,-0.25,3.5E-02));
#4841 = VECTOR('',#4842,1.);
#4842 = DIRECTION('',(0.,1.,0.));
#4843 = ORIENTED_EDGE('',*,*,#4822,.F.);
#4844 = PLANE('',#4845);
#4845 = AXIS2_PLACEMENT_3D('',#4846,#4847,#4848);
#4846 = CARTESIAN_POINT('',(-0.465,-0.25,3.5E-02));
#4847 = DIRECTION('',(0.,0.,1.));
#4848 = DIRECTION('',(1.,0.,-0.));
#4849 = ADVANCED_FACE('',(#4850),#4913,.F.);
#4850 = FACE_BOUND('',#4851,.F.);
#4851 = EDGE_LOOP('',(#4852,#4862,#4869,#4870,#4871,#4872,#4881,#4889,
    #4898,#4906));
#4852 = ORIENTED_EDGE('',*,*,#4853,.F.);
#4853 = EDGE_CURVE('',#4854,#4856,#4858,.T.);
#4854 = VERTEX_POINT('',#4855);
#4855 = CARTESIAN_POINT('',(0.335,-0.25,-2.775557561563E-17));
#4856 = VERTEX_POINT('',#4857);
#4857 = CARTESIAN_POINT('',(0.465,-0.25,-2.775557561563E-17));
#4858 = LINE('',#4859,#4860);
#4859 = CARTESIAN_POINT('',(0.3,-0.25,0.));
#4860 = VECTOR('',#4861,1.);
#4861 = DIRECTION('',(1.,0.,0.));
#4862 = ORIENTED_EDGE('',*,*,#4863,.F.);
#4863 = EDGE_CURVE('',#4732,#4854,#4864,.T.);
#4864 = CIRCLE('',#4865,3.5E-02);
#4865 = AXIS2_PLACEMENT_3D('',#4866,#4867,#4868);
#4866 = CARTESIAN_POINT('',(0.335,-0.25,3.5E-02));
#4867 = DIRECTION('',(0.,-1.,0.));
#4868 = DIRECTION('',(0.,0.,1.));
#4869 = ORIENTED_EDGE('',*,*,#4731,.T.);
#4870 = ORIENTED_EDGE('',*,*,#4723,.T.);
#4871 = ORIENTED_EDGE('',*,*,#4715,.F.);
#4872 = ORIENTED_EDGE('',*,*,#4873,.T.);
#4873 = EDGE_CURVE('',#4708,#4874,#4876,.T.);
#4874 = VERTEX_POINT('',#4875);
#4875 = CARTESIAN_POINT('',(0.335,-0.25,0.35));
#4876 = CIRCLE('',#4877,3.5E-02);
#4877 = AXIS2_PLACEMENT_3D('',#4878,#4879,#4880);
#4878 = CARTESIAN_POINT('',(0.335,-0.25,0.315));
#4879 = DIRECTION('',(0.,1.,0.));
#4880 = DIRECTION('',(0.,-0.,1.));
#4881 = ORIENTED_EDGE('',*,*,#4882,.T.);
#4882 = EDGE_CURVE('',#4874,#4883,#4885,.T.);
#4883 = VERTEX_POINT('',#4884);
#4884 = CARTESIAN_POINT('',(0.465,-0.25,0.35));
#4885 = LINE('',#4886,#4887);
#4886 = CARTESIAN_POINT('',(0.3,-0.25,0.35));
#4887 = VECTOR('',#4888,1.);
#4888 = DIRECTION('',(1.,0.,0.));
#4889 = ORIENTED_EDGE('',*,*,#4890,.F.);
#4890 = EDGE_CURVE('',#4891,#4883,#4893,.T.);
#4891 = VERTEX_POINT('',#4892);
#4892 = CARTESIAN_POINT('',(0.5,-0.25,0.315));
#4893 = CIRCLE('',#4894,3.5E-02);
#4894 = AXIS2_PLACEMENT_3D('',#4895,#4896,#4897);
#4895 = CARTESIAN_POINT('',(0.465,-0.25,0.315));
#4896 = DIRECTION('',(0.,-1.,0.));
#4897 = DIRECTION('',(0.,0.,1.));
#4898 = ORIENTED_EDGE('',*,*,#4899,.F.);
#4899 = EDGE_CURVE('',#4900,#4891,#4902,.T.);
#4900 = VERTEX_POINT('',#4901);
#4901 = CARTESIAN_POINT('',(0.5,-0.25,3.5E-02));
#4902 = LINE('',#4903,#4904);
#4903 = CARTESIAN_POINT('',(0.5,-0.25,0.));
#4904 = VECTOR('',#4905,1.);
#4905 = DIRECTION('',(0.,0.,1.));
#4906 = ORIENTED_EDGE('',*,*,#4907,.T.);
#4907 = EDGE_CURVE('',#4900,#4856,#4908,.T.);
#4908 = CIRCLE('',#4909,3.5E-02);
#4909 = AXIS2_PLACEMENT_3D('',#4910,#4911,#4912);
#4910 = CARTESIAN_POINT('',(0.465,-0.25,3.5E-02));
#4911 = DIRECTION('',(0.,1.,0.));
#4912 = DIRECTION('',(0.,-0.,1.));
#4913 = PLANE('',#4914);
#4914 = AXIS2_PLACEMENT_3D('',#4915,#4916,#4917);
#4915 = CARTESIAN_POINT('',(0.3,-0.25,0.));
#4916 = DIRECTION('',(0.,1.,0.));
#4917 = DIRECTION('',(0.,-0.,1.));
#4918 = ADVANCED_FACE('',(#4919),#4944,.F.);
#4919 = FACE_BOUND('',#4920,.F.);
#4920 = EDGE_LOOP('',(#4921,#4922,#4930,#4938));
#4921 = ORIENTED_EDGE('',*,*,#4707,.F.);
#4922 = ORIENTED_EDGE('',*,*,#4923,.T.);
#4923 = EDGE_CURVE('',#4506,#4924,#4926,.T.);
#4924 = VERTEX_POINT('',#4925);
#4925 = CARTESIAN_POINT('',(-0.3,-0.25,0.35));
#4926 = LINE('',#4927,#4928);
#4927 = CARTESIAN_POINT('',(-0.3,-0.25,0.315));
#4928 = VECTOR('',#4929,1.);
#4929 = DIRECTION('',(0.,0.,1.));
#4930 = ORIENTED_EDGE('',*,*,#4931,.T.);
#4931 = EDGE_CURVE('',#4924,#4932,#4934,.T.);
#4932 = VERTEX_POINT('',#4933);
#4933 = CARTESIAN_POINT('',(0.3,-0.25,0.35));
#4934 = LINE('',#4935,#4936);
#4935 = CARTESIAN_POINT('',(-0.3,-0.25,0.35));
#4936 = VECTOR('',#4937,1.);
#4937 = DIRECTION('',(1.,0.,0.));
#4938 = ORIENTED_EDGE('',*,*,#4939,.F.);
#4939 = EDGE_CURVE('',#4708,#4932,#4940,.T.);
#4940 = LINE('',#4941,#4942);
#4941 = CARTESIAN_POINT('',(0.3,-0.25,0.315));
#4942 = VECTOR('',#4943,1.);
#4943 = DIRECTION('',(0.,0.,1.));
#4944 = PLANE('',#4945);
#4945 = AXIS2_PLACEMENT_3D('',#4946,#4947,#4948);
#4946 = CARTESIAN_POINT('',(-0.3,-0.25,0.315));
#4947 = DIRECTION('',(0.,1.,0.));
#4948 = DIRECTION('',(0.,-0.,1.));
#4949 = ADVANCED_FACE('',(#4950),#4968,.F.);
#4950 = FACE_BOUND('',#4951,.F.);
#4951 = EDGE_LOOP('',(#4952,#4953,#4954,#4962));
#4952 = ORIENTED_EDGE('',*,*,#4923,.F.);
#4953 = ORIENTED_EDGE('',*,*,#4770,.T.);
#4954 = ORIENTED_EDGE('',*,*,#4955,.T.);
#4955 = EDGE_CURVE('',#4623,#4956,#4958,.T.);
#4956 = VERTEX_POINT('',#4957);
#4957 = CARTESIAN_POINT('',(-0.3,0.25,0.35));
#4958 = LINE('',#4959,#4960);
#4959 = CARTESIAN_POINT('',(-0.3,0.25,0.315));
#4960 = VECTOR('',#4961,1.);
#4961 = DIRECTION('',(0.,0.,1.));
#4962 = ORIENTED_EDGE('',*,*,#4963,.F.);
#4963 = EDGE_CURVE('',#4924,#4956,#4964,.T.);
#4964 = LINE('',#4965,#4966);
#4965 = CARTESIAN_POINT('',(-0.3,-0.25,0.35));
#4966 = VECTOR('',#4967,1.);
#4967 = DIRECTION('',(0.,1.,0.));
#4968 = PLANE('',#4969);
#4969 = AXIS2_PLACEMENT_3D('',#4970,#4971,#4972);
#4970 = CARTESIAN_POINT('',(-0.3,-0.25,0.315));
#4971 = DIRECTION('',(1.,0.,0.));
#4972 = DIRECTION('',(0.,0.,1.));
#4973 = ADVANCED_FACE('',(#4974),#5037,.T.);
#4974 = FACE_BOUND('',#4975,.T.);
#4975 = EDGE_LOOP('',(#4976,#4986,#4993,#4994,#4995,#4996,#5005,#5013,
    #5022,#5030));
#4976 = ORIENTED_EDGE('',*,*,#4977,.F.);
#4977 = EDGE_CURVE('',#4978,#4980,#4982,.T.);
#4978 = VERTEX_POINT('',#4979);
#4979 = CARTESIAN_POINT('',(0.335,0.25,-2.775557561563E-17));
#4980 = VERTEX_POINT('',#4981);
#4981 = CARTESIAN_POINT('',(0.465,0.25,-2.775557561563E-17));
#4982 = LINE('',#4983,#4984);
#4983 = CARTESIAN_POINT('',(0.3,0.25,0.));
#4984 = VECTOR('',#4985,1.);
#4985 = DIRECTION('',(1.,0.,0.));
#4986 = ORIENTED_EDGE('',*,*,#4987,.F.);
#4987 = EDGE_CURVE('',#4815,#4978,#4988,.T.);
#4988 = CIRCLE('',#4989,3.5E-02);
#4989 = AXIS2_PLACEMENT_3D('',#4990,#4991,#4992);
#4990 = CARTESIAN_POINT('',(0.335,0.25,3.5E-02));
#4991 = DIRECTION('',(0.,-1.,0.));
#4992 = DIRECTION('',(0.,0.,1.));
#4993 = ORIENTED_EDGE('',*,*,#4814,.T.);
#4994 = ORIENTED_EDGE('',*,*,#4806,.T.);
#4995 = ORIENTED_EDGE('',*,*,#4798,.F.);
#4996 = ORIENTED_EDGE('',*,*,#4997,.T.);
#4997 = EDGE_CURVE('',#4791,#4998,#5000,.T.);
#4998 = VERTEX_POINT('',#4999);
#4999 = CARTESIAN_POINT('',(0.335,0.25,0.35));
#5000 = CIRCLE('',#5001,3.5E-02);
#5001 = AXIS2_PLACEMENT_3D('',#5002,#5003,#5004);
#5002 = CARTESIAN_POINT('',(0.335,0.25,0.315));
#5003 = DIRECTION('',(0.,1.,0.));
#5004 = DIRECTION('',(0.,-0.,1.));
#5005 = ORIENTED_EDGE('',*,*,#5006,.T.);
#5006 = EDGE_CURVE('',#4998,#5007,#5009,.T.);
#5007 = VERTEX_POINT('',#5008);
#5008 = CARTESIAN_POINT('',(0.465,0.25,0.35));
#5009 = LINE('',#5010,#5011);
#5010 = CARTESIAN_POINT('',(0.3,0.25,0.35));
#5011 = VECTOR('',#5012,1.);
#5012 = DIRECTION('',(1.,0.,0.));
#5013 = ORIENTED_EDGE('',*,*,#5014,.F.);
#5014 = EDGE_CURVE('',#5015,#5007,#5017,.T.);
#5015 = VERTEX_POINT('',#5016);
#5016 = CARTESIAN_POINT('',(0.5,0.25,0.315));
#5017 = CIRCLE('',#5018,3.5E-02);
#5018 = AXIS2_PLACEMENT_3D('',#5019,#5020,#5021);
#5019 = CARTESIAN_POINT('',(0.465,0.25,0.315));
#5020 = DIRECTION('',(0.,-1.,0.));
#5021 = DIRECTION('',(0.,0.,1.));
#5022 = ORIENTED_EDGE('',*,*,#5023,.F.);
#5023 = EDGE_CURVE('',#5024,#5015,#5026,.T.);
#5024 = VERTEX_POINT('',#5025);
#5025 = CARTESIAN_POINT('',(0.5,0.25,3.5E-02));
#5026 = LINE('',#5027,#5028);
#5027 = CARTESIAN_POINT('',(0.5,0.25,0.));
#5028 = VECTOR('',#5029,1.);
#5029 = DIRECTION('',(0.,0.,1.));
#5030 = ORIENTED_EDGE('',*,*,#5031,.T.);
#5031 = EDGE_CURVE('',#5024,#4980,#5032,.T.);
#5032 = CIRCLE('',#5033,3.5E-02);
#5033 = AXIS2_PLACEMENT_3D('',#5034,#5035,#5036);
#5034 = CARTESIAN_POINT('',(0.465,0.25,3.5E-02));
#5035 = DIRECTION('',(0.,1.,0.));
#5036 = DIRECTION('',(0.,-0.,1.));
#5037 = PLANE('',#5038);
#5038 = AXIS2_PLACEMENT_3D('',#5039,#5040,#5041);
#5039 = CARTESIAN_POINT('',(0.3,0.25,0.));
#5040 = DIRECTION('',(0.,1.,0.));
#5041 = DIRECTION('',(0.,-0.,1.));
#5042 = ADVANCED_FACE('',(#5043),#5061,.T.);
#5043 = FACE_BOUND('',#5044,.T.);
#5044 = EDGE_LOOP('',(#5045,#5046,#5047,#5055));
#5045 = ORIENTED_EDGE('',*,*,#4790,.F.);
#5046 = ORIENTED_EDGE('',*,*,#4955,.T.);
#5047 = ORIENTED_EDGE('',*,*,#5048,.T.);
#5048 = EDGE_CURVE('',#4956,#5049,#5051,.T.);
#5049 = VERTEX_POINT('',#5050);
#5050 = CARTESIAN_POINT('',(0.3,0.25,0.35));
#5051 = LINE('',#5052,#5053);
#5052 = CARTESIAN_POINT('',(-0.3,0.25,0.35));
#5053 = VECTOR('',#5054,1.);
#5054 = DIRECTION('',(1.,0.,0.));
#5055 = ORIENTED_EDGE('',*,*,#5056,.F.);
#5056 = EDGE_CURVE('',#4791,#5049,#5057,.T.);
#5057 = LINE('',#5058,#5059);
#5058 = CARTESIAN_POINT('',(0.3,0.25,0.315));
#5059 = VECTOR('',#5060,1.);
#5060 = DIRECTION('',(0.,0.,1.));
#5061 = PLANE('',#5062);
#5062 = AXIS2_PLACEMENT_3D('',#5063,#5064,#5065);
#5063 = CARTESIAN_POINT('',(-0.3,0.25,0.315));
#5064 = DIRECTION('',(0.,1.,0.));
#5065 = DIRECTION('',(0.,-0.,1.));
#5066 = ADVANCED_FACE('',(#5067),#5078,.T.);
#5067 = FACE_BOUND('',#5068,.T.);
#5068 = EDGE_LOOP('',(#5069,#5070,#5071,#5077));
#5069 = ORIENTED_EDGE('',*,*,#4838,.T.);
#5070 = ORIENTED_EDGE('',*,*,#4987,.T.);
#5071 = ORIENTED_EDGE('',*,*,#5072,.F.);
#5072 = EDGE_CURVE('',#4854,#4978,#5073,.T.);
#5073 = LINE('',#5074,#5075);
#5074 = CARTESIAN_POINT('',(0.335,-0.25,-2.775557561563E-17));
#5075 = VECTOR('',#5076,1.);
#5076 = DIRECTION('',(0.,1.,0.));
#5077 = ORIENTED_EDGE('',*,*,#4863,.F.);
#5078 = CYLINDRICAL_SURFACE('',#5079,3.5E-02);
#5079 = AXIS2_PLACEMENT_3D('',#5080,#5081,#5082);
#5080 = CARTESIAN_POINT('',(0.335,-0.25,3.5E-02));
#5081 = DIRECTION('',(0.,1.,0.));
#5082 = DIRECTION('',(-1.,0.,0.));
#5083 = ADVANCED_FACE('',(#5084),#5095,.F.);
#5084 = FACE_BOUND('',#5085,.F.);
#5085 = EDGE_LOOP('',(#5086,#5087,#5088,#5089));
#5086 = ORIENTED_EDGE('',*,*,#4977,.F.);
#5087 = ORIENTED_EDGE('',*,*,#5072,.F.);
#5088 = ORIENTED_EDGE('',*,*,#4853,.T.);
#5089 = ORIENTED_EDGE('',*,*,#5090,.T.);
#5090 = EDGE_CURVE('',#4856,#4980,#5091,.T.);
#5091 = LINE('',#5092,#5093);
#5092 = CARTESIAN_POINT('',(0.465,-0.25,-2.775557561563E-17));
#5093 = VECTOR('',#5094,1.);
#5094 = DIRECTION('',(0.,1.,0.));
#5095 = PLANE('',#5096);
#5096 = AXIS2_PLACEMENT_3D('',#5097,#5098,#5099);
#5097 = CARTESIAN_POINT('',(0.3,-0.25,0.));
#5098 = DIRECTION('',(0.,0.,1.));
#5099 = DIRECTION('',(1.,0.,-0.));
#5100 = ADVANCED_FACE('',(#5101),#5112,.T.);
#5101 = FACE_BOUND('',#5102,.T.);
#5102 = EDGE_LOOP('',(#5103,#5104,#5105,#5106));
#5103 = ORIENTED_EDGE('',*,*,#4907,.T.);
#5104 = ORIENTED_EDGE('',*,*,#5090,.T.);
#5105 = ORIENTED_EDGE('',*,*,#5031,.F.);
#5106 = ORIENTED_EDGE('',*,*,#5107,.F.);
#5107 = EDGE_CURVE('',#4900,#5024,#5108,.T.);
#5108 = LINE('',#5109,#5110);
#5109 = CARTESIAN_POINT('',(0.5,-0.25,3.5E-02));
#5110 = VECTOR('',#5111,1.);
#5111 = DIRECTION('',(0.,1.,0.));
#5112 = CYLINDRICAL_SURFACE('',#5113,3.5E-02);
#5113 = AXIS2_PLACEMENT_3D('',#5114,#5115,#5116);
#5114 = CARTESIAN_POINT('',(0.465,-0.25,3.5E-02));
#5115 = DIRECTION('',(0.,1.,0.));
#5116 = DIRECTION('',(1.,0.,0.));
#5117 = ADVANCED_FACE('',(#5118),#5129,.T.);
#5118 = FACE_BOUND('',#5119,.T.);
#5119 = EDGE_LOOP('',(#5120,#5121,#5122,#5123));
#5120 = ORIENTED_EDGE('',*,*,#4899,.F.);
#5121 = ORIENTED_EDGE('',*,*,#5107,.T.);
#5122 = ORIENTED_EDGE('',*,*,#5023,.T.);
#5123 = ORIENTED_EDGE('',*,*,#5124,.F.);
#5124 = EDGE_CURVE('',#4891,#5015,#5125,.T.);
#5125 = LINE('',#5126,#5127);
#5126 = CARTESIAN_POINT('',(0.5,-0.25,0.315));
#5127 = VECTOR('',#5128,1.);
#5128 = DIRECTION('',(0.,1.,0.));
#5129 = PLANE('',#5130);
#5130 = AXIS2_PLACEMENT_3D('',#5131,#5132,#5133);
#5131 = CARTESIAN_POINT('',(0.5,-0.25,0.));
#5132 = DIRECTION('',(1.,0.,0.));
#5133 = DIRECTION('',(0.,0.,1.));
#5134 = ADVANCED_FACE('',(#5135),#5146,.T.);
#5135 = FACE_BOUND('',#5136,.T.);
#5136 = EDGE_LOOP('',(#5137,#5138,#5139,#5145));
#5137 = ORIENTED_EDGE('',*,*,#5124,.T.);
#5138 = ORIENTED_EDGE('',*,*,#5014,.T.);
#5139 = ORIENTED_EDGE('',*,*,#5140,.F.);
#5140 = EDGE_CURVE('',#4883,#5007,#5141,.T.);
#5141 = LINE('',#5142,#5143);
#5142 = CARTESIAN_POINT('',(0.465,-0.25,0.35));
#5143 = VECTOR('',#5144,1.);
#5144 = DIRECTION('',(0.,1.,0.));
#5145 = ORIENTED_EDGE('',*,*,#4890,.F.);
#5146 = CYLINDRICAL_SURFACE('',#5147,3.5E-02);
#5147 = AXIS2_PLACEMENT_3D('',#5148,#5149,#5150);
#5148 = CARTESIAN_POINT('',(0.465,-0.25,0.315));
#5149 = DIRECTION('',(0.,1.,0.));
#5150 = DIRECTION('',(1.,0.,0.));
#5151 = ADVANCED_FACE('',(#5152),#5163,.T.);
#5152 = FACE_BOUND('',#5153,.T.);
#5153 = EDGE_LOOP('',(#5154,#5155,#5161,#5162));
#5154 = ORIENTED_EDGE('',*,*,#5006,.F.);
#5155 = ORIENTED_EDGE('',*,*,#5156,.F.);
#5156 = EDGE_CURVE('',#4874,#4998,#5157,.T.);
#5157 = LINE('',#5158,#5159);
#5158 = CARTESIAN_POINT('',(0.335,-0.25,0.35));
#5159 = VECTOR('',#5160,1.);
#5160 = DIRECTION('',(0.,1.,0.));
#5161 = ORIENTED_EDGE('',*,*,#4882,.T.);
#5162 = ORIENTED_EDGE('',*,*,#5140,.T.);
#5163 = PLANE('',#5164);
#5164 = AXIS2_PLACEMENT_3D('',#5165,#5166,#5167);
#5165 = CARTESIAN_POINT('',(0.3,-0.25,0.35));
#5166 = DIRECTION('',(0.,0.,1.));
#5167 = DIRECTION('',(1.,0.,-0.));
#5168 = ADVANCED_FACE('',(#5169),#5180,.T.);
#5169 = FACE_BOUND('',#5170,.T.);
#5170 = EDGE_LOOP('',(#5171,#5172,#5173,#5174));
#5171 = ORIENTED_EDGE('',*,*,#4873,.T.);
#5172 = ORIENTED_EDGE('',*,*,#5156,.T.);
#5173 = ORIENTED_EDGE('',*,*,#4997,.F.);
#5174 = ORIENTED_EDGE('',*,*,#5175,.F.);
#5175 = EDGE_CURVE('',#4708,#4791,#5176,.T.);
#5176 = LINE('',#5177,#5178);
#5177 = CARTESIAN_POINT('',(0.3,-0.25,0.315));
#5178 = VECTOR('',#5179,1.);
#5179 = DIRECTION('',(0.,1.,0.));
#5180 = CYLINDRICAL_SURFACE('',#5181,3.5E-02);
#5181 = AXIS2_PLACEMENT_3D('',#5182,#5183,#5184);
#5182 = CARTESIAN_POINT('',(0.335,-0.25,0.315));
#5183 = DIRECTION('',(0.,1.,0.));
#5184 = DIRECTION('',(-1.,0.,0.));
#5185 = ADVANCED_FACE('',(#5186),#5197,.T.);
#5186 = FACE_BOUND('',#5187,.T.);
#5187 = EDGE_LOOP('',(#5188,#5189,#5190,#5191));
#5188 = ORIENTED_EDGE('',*,*,#4939,.F.);
#5189 = ORIENTED_EDGE('',*,*,#5175,.T.);
#5190 = ORIENTED_EDGE('',*,*,#5056,.T.);
#5191 = ORIENTED_EDGE('',*,*,#5192,.F.);
#5192 = EDGE_CURVE('',#4932,#5049,#5193,.T.);
#5193 = LINE('',#5194,#5195);
#5194 = CARTESIAN_POINT('',(0.3,-0.25,0.35));
#5195 = VECTOR('',#5196,1.);
#5196 = DIRECTION('',(0.,1.,0.));
#5197 = PLANE('',#5198);
#5198 = AXIS2_PLACEMENT_3D('',#5199,#5200,#5201);
#5199 = CARTESIAN_POINT('',(0.3,-0.25,0.315));
#5200 = DIRECTION('',(1.,0.,0.));
#5201 = DIRECTION('',(0.,0.,1.));
#5202 = ADVANCED_FACE('',(#5203),#5209,.T.);
#5203 = FACE_BOUND('',#5204,.T.);
#5204 = EDGE_LOOP('',(#5205,#5206,#5207,#5208));
#5205 = ORIENTED_EDGE('',*,*,#4963,.F.);
#5206 = ORIENTED_EDGE('',*,*,#4931,.T.);
#5207 = ORIENTED_EDGE('',*,*,#5192,.T.);
#5208 = ORIENTED_EDGE('',*,*,#5048,.F.);
#5209 = PLANE('',#5210);
#5210 = AXIS2_PLACEMENT_3D('',#5211,#5212,#5213);
#5211 = CARTESIAN_POINT('',(-0.3,-0.25,0.35));
#5212 = DIRECTION('',(0.,0.,1.));
#5213 = DIRECTION('',(1.,0.,-0.));
#5214 = ( GEOMETRIC_REPRESENTATION_CONTEXT(3) 
GLOBAL_UNCERTAINTY_ASSIGNED_CONTEXT((#5218)) 
GLOBAL_UNIT_ASSIGNED_CONTEXT((#5215,#5216,#5217)) REPRESENTATION_CONTEXT
('Context #1','3D Context with UNIT and UNCERTAINTY') );
#5215 = ( LENGTH_UNIT() NAMED_UNIT(*) SI_UNIT(.MILLI.,.METRE.) );
#5216 = ( NAMED_UNIT(*) PLANE_ANGLE_UNIT() SI_UNIT($,.RADIAN.) );
#5217 = ( NAMED_UNIT(*) SI_UNIT($,.STERADIAN.) SOLID_ANGLE_UNIT() );
#5218 = UNCERTAINTY_MEASURE_WITH_UNIT(LENGTH_MEASURE(1.E-07),#5215,
  'distance_accuracy_value','confusion accuracy');
#5219 = CONTEXT_DEPENDENT_SHAPE_REPRESENTATION(#5220,#5222);
#5220 = ( REPRESENTATION_RELATIONSHIP('','',#4423,#10) 
REPRESENTATION_RELATIONSHIP_WITH_TRANSFORMATION(#5221) 
SHAPE_REPRESENTATION_RELATIONSHIP() );
#5221 = ITEM_DEFINED_TRANSFORMATION('','',#11,#23);
#5222 = PRODUCT_DEFINITION_SHAPE('Placement','Placement of an item',
  #5223);
#5223 = NEXT_ASSEMBLY_USAGE_OCCURRENCE('3','R7','',#5,#4418,$);
#5224 = PRODUCT_RELATED_PRODUCT_CATEGORY('part',$,(#4420));
#5225 = SHAPE_DEFINITION_REPRESENTATION(#5226,#5232);
#5226 = PRODUCT_DEFINITION_SHAPE('','',#5227);
#5227 = PRODUCT_DEFINITION('design','',#5228,#5231);
#5228 = PRODUCT_DEFINITION_FORMATION('','',#5229);
#5229 = PRODUCT('PinHeader_1x01_P2.54mm_Vertical',
  'PinHeader_1x01_P2.54mm_Vertical','',(#5230));
#5230 = PRODUCT_CONTEXT('',#2,'mechanical');
#5231 = PRODUCT_DEFINITION_CONTEXT('part definition',#2,'design');
#5232 = ADVANCED_BREP_SHAPE_REPRESENTATION('',(#11,#5233),#5991);
#5233 = MANIFOLD_SOLID_BREP('',#5234);
#5234 = CLOSED_SHELL('',(#5235,#5275,#5306,#5337,#5420,#5503,#5520,#5537
    ,#5554,#5571,#5583,#5614,#5638,#5662,#5679,#5710,#5734,#5758,#5775,
    #5806,#5830,#5854,#5871,#5902,#5926,#5950,#5967,#5979));
#5235 = ADVANCED_FACE('',(#5236),#5270,.F.);
#5236 = FACE_BOUND('',#5237,.F.);
#5237 = EDGE_LOOP('',(#5238,#5248,#5256,#5264));
#5238 = ORIENTED_EDGE('',*,*,#5239,.T.);
#5239 = EDGE_CURVE('',#5240,#5242,#5244,.T.);
#5240 = VERTEX_POINT('',#5241);
#5241 = CARTESIAN_POINT('',(-1.016,1.27,0.));
#5242 = VERTEX_POINT('',#5243);
#5243 = CARTESIAN_POINT('',(-1.016,1.27,2.54));
#5244 = LINE('',#5245,#5246);
#5245 = CARTESIAN_POINT('',(-1.016,1.27,0.));
#5246 = VECTOR('',#5247,1.);
#5247 = DIRECTION('',(0.,0.,1.));
#5248 = ORIENTED_EDGE('',*,*,#5249,.T.);
#5249 = EDGE_CURVE('',#5242,#5250,#5252,.T.);
#5250 = VERTEX_POINT('',#5251);
#5251 = CARTESIAN_POINT('',(-1.27,1.016,2.54));
#5252 = LINE('',#5253,#5254);
#5253 = CARTESIAN_POINT('',(-1.016,1.27,2.54));
#5254 = VECTOR('',#5255,1.);
#5255 = DIRECTION('',(-0.707106781187,-0.707106781187,0.));
#5256 = ORIENTED_EDGE('',*,*,#5257,.F.);
#5257 = EDGE_CURVE('',#5258,#5250,#5260,.T.);
#5258 = VERTEX_POINT('',#5259);
#5259 = CARTESIAN_POINT('',(-1.27,1.016,0.));
#5260 = LINE('',#5261,#5262);
#5261 = CARTESIAN_POINT('',(-1.27,1.016,0.));
#5262 = VECTOR('',#5263,1.);
#5263 = DIRECTION('',(0.,0.,1.));
#5264 = ORIENTED_EDGE('',*,*,#5265,.F.);
#5265 = EDGE_CURVE('',#5240,#5258,#5266,.T.);
#5266 = LINE('',#5267,#5268);
#5267 = CARTESIAN_POINT('',(-1.016,1.27,0.));
#5268 = VECTOR('',#5269,1.);
#5269 = DIRECTION('',(-0.707106781187,-0.707106781187,0.));
#5270 = PLANE('',#5271);
#5271 = AXIS2_PLACEMENT_3D('',#5272,#5273,#5274);
#5272 = CARTESIAN_POINT('',(-1.016,1.27,0.));
#5273 = DIRECTION('',(0.707106781187,-0.707106781187,0.));
#5274 = DIRECTION('',(-0.707106781187,-0.707106781187,0.));
#5275 = ADVANCED_FACE('',(#5276),#5301,.F.);
#5276 = FACE_BOUND('',#5277,.F.);
#5277 = EDGE_LOOP('',(#5278,#5288,#5294,#5295));
#5278 = ORIENTED_EDGE('',*,*,#5279,.T.);
#5279 = EDGE_CURVE('',#5280,#5282,#5284,.T.);
#5280 = VERTEX_POINT('',#5281);
#5281 = CARTESIAN_POINT('',(1.016,1.27,0.));
#5282 = VERTEX_POINT('',#5283);
#5283 = CARTESIAN_POINT('',(1.016,1.27,2.54));
#5284 = LINE('',#5285,#5286);
#5285 = CARTESIAN_POINT('',(1.016,1.27,0.));
#5286 = VECTOR('',#5287,1.);
#5287 = DIRECTION('',(0.,0.,1.));
#5288 = ORIENTED_EDGE('',*,*,#5289,.T.);
#5289 = EDGE_CURVE('',#5282,#5242,#5290,.T.);
#5290 = LINE('',#5291,#5292);
#5291 = CARTESIAN_POINT('',(1.016,1.27,2.54));
#5292 = VECTOR('',#5293,1.);
#5293 = DIRECTION('',(-1.,0.,0.));
#5294 = ORIENTED_EDGE('',*,*,#5239,.F.);
#5295 = ORIENTED_EDGE('',*,*,#5296,.F.);
#5296 = EDGE_CURVE('',#5280,#5240,#5297,.T.);
#5297 = LINE('',#5298,#5299);
#5298 = CARTESIAN_POINT('',(1.016,1.27,0.));
#5299 = VECTOR('',#5300,1.);
#5300 = DIRECTION('',(-1.,0.,0.));
#5301 = PLANE('',#5302);
#5302 = AXIS2_PLACEMENT_3D('',#5303,#5304,#5305);
#5303 = CARTESIAN_POINT('',(1.016,1.27,0.));
#5304 = DIRECTION('',(0.,-1.,0.));
#5305 = DIRECTION('',(-1.,0.,0.));
#5306 = ADVANCED_FACE('',(#5307),#5332,.F.);
#5307 = FACE_BOUND('',#5308,.F.);
#5308 = EDGE_LOOP('',(#5309,#5310,#5318,#5326));
#5309 = ORIENTED_EDGE('',*,*,#5257,.T.);
#5310 = ORIENTED_EDGE('',*,*,#5311,.T.);
#5311 = EDGE_CURVE('',#5250,#5312,#5314,.T.);
#5312 = VERTEX_POINT('',#5313);
#5313 = CARTESIAN_POINT('',(-1.27,-1.016,2.54));
#5314 = LINE('',#5315,#5316);
#5315 = CARTESIAN_POINT('',(-1.27,1.016,2.54));
#5316 = VECTOR('',#5317,1.);
#5317 = DIRECTION('',(0.,-1.,0.));
#5318 = ORIENTED_EDGE('',*,*,#5319,.F.);
#5319 = EDGE_CURVE('',#5320,#5312,#5322,.T.);
#5320 = VERTEX_POINT('',#5321);
#5321 = CARTESIAN_POINT('',(-1.27,-1.016,0.));
#5322 = LINE('',#5323,#5324);
#5323 = CARTESIAN_POINT('',(-1.27,-1.016,0.));
#5324 = VECTOR('',#5325,1.);
#5325 = DIRECTION('',(0.,0.,1.));
#5326 = ORIENTED_EDGE('',*,*,#5327,.F.);
#5327 = EDGE_CURVE('',#5258,#5320,#5328,.T.);
#5328 = LINE('',#5329,#5330);
#5329 = CARTESIAN_POINT('',(-1.27,1.016,0.));
#5330 = VECTOR('',#5331,1.);
#5331 = DIRECTION('',(0.,-1.,0.));
#5332 = PLANE('',#5333);
#5333 = AXIS2_PLACEMENT_3D('',#5334,#5335,#5336);
#5334 = CARTESIAN_POINT('',(-1.27,1.016,0.));
#5335 = DIRECTION('',(1.,0.,0.));
#5336 = DIRECTION('',(0.,-1.,0.));
#5337 = ADVANCED_FACE('',(#5338,#5381),#5415,.F.);
#5338 = FACE_BOUND('',#5339,.F.);
#5339 = EDGE_LOOP('',(#5340,#5341,#5342,#5350,#5358,#5366,#5374,#5380));
#5340 = ORIENTED_EDGE('',*,*,#5265,.T.);
#5341 = ORIENTED_EDGE('',*,*,#5327,.T.);
#5342 = ORIENTED_EDGE('',*,*,#5343,.T.);
#5343 = EDGE_CURVE('',#5320,#5344,#5346,.T.);
#5344 = VERTEX_POINT('',#5345);
#5345 = CARTESIAN_POINT('',(-1.016,-1.27,0.));
#5346 = LINE('',#5347,#5348);
#5347 = CARTESIAN_POINT('',(-1.27,-1.016,0.));
#5348 = VECTOR('',#5349,1.);
#5349 = DIRECTION('',(0.707106781187,-0.707106781187,0.));
#5350 = ORIENTED_EDGE('',*,*,#5351,.T.);
#5351 = EDGE_CURVE('',#5344,#5352,#5354,.T.);
#5352 = VERTEX_POINT('',#5353);
#5353 = CARTESIAN_POINT('',(1.016,-1.27,0.));
#5354 = LINE('',#5355,#5356);
#5355 = CARTESIAN_POINT('',(-1.016,-1.27,0.));
#5356 = VECTOR('',#5357,1.);
#5357 = DIRECTION('',(1.,0.,0.));
#5358 = ORIENTED_EDGE('',*,*,#5359,.T.);
#5359 = EDGE_CURVE('',#5352,#5360,#5362,.T.);
#5360 = VERTEX_POINT('',#5361);
#5361 = CARTESIAN_POINT('',(1.27,-1.016,0.));
#5362 = LINE('',#5363,#5364);
#5363 = CARTESIAN_POINT('',(1.016,-1.27,0.));
#5364 = VECTOR('',#5365,1.);
#5365 = DIRECTION('',(0.707106781187,0.707106781187,0.));
#5366 = ORIENTED_EDGE('',*,*,#5367,.T.);
#5367 = EDGE_CURVE('',#5360,#5368,#5370,.T.);
#5368 = VERTEX_POINT('',#5369);
#5369 = CARTESIAN_POINT('',(1.27,1.016,0.));
#5370 = LINE('',#5371,#5372);
#5371 = CARTESIAN_POINT('',(1.27,-1.016,0.));
#5372 = VECTOR('',#5373,1.);
#5373 = DIRECTION('',(0.,1.,0.));
#5374 = ORIENTED_EDGE('',*,*,#5375,.T.);
#5375 = EDGE_CURVE('',#5368,#5280,#5376,.T.);
#5376 = LINE('',#5377,#5378);
#5377 = CARTESIAN_POINT('',(1.27,1.016,0.));
#5378 = VECTOR('',#5379,1.);
#5379 = DIRECTION('',(-0.707106781187,0.707106781187,0.));
#5380 = ORIENTED_EDGE('',*,*,#5296,.T.);
#5381 = FACE_BOUND('',#5382,.F.);
#5382 = EDGE_LOOP('',(#5383,#5393,#5401,#5409));
#5383 = ORIENTED_EDGE('',*,*,#5384,.T.);
#5384 = EDGE_CURVE('',#5385,#5387,#5389,.T.);
#5385 = VERTEX_POINT('',#5386);
#5386 = CARTESIAN_POINT('',(0.32,-0.32,0.));
#5387 = VERTEX_POINT('',#5388);
#5388 = CARTESIAN_POINT('',(-0.32,-0.32,0.));
#5389 = LINE('',#5390,#5391);
#5390 = CARTESIAN_POINT('',(-0.16,-0.32,0.));
#5391 = VECTOR('',#5392,1.);
#5392 = DIRECTION('',(-1.,0.,0.));
#5393 = ORIENTED_EDGE('',*,*,#5394,.T.);
#5394 = EDGE_CURVE('',#5387,#5395,#5397,.T.);
#5395 = VERTEX_POINT('',#5396);
#5396 = CARTESIAN_POINT('',(-0.32,0.32,0.));
#5397 = LINE('',#5398,#5399);
#5398 = CARTESIAN_POINT('',(-0.32,-0.16,0.));
#5399 = VECTOR('',#5400,1.);
#5400 = DIRECTION('',(0.,1.,0.));
#5401 = ORIENTED_EDGE('',*,*,#5402,.F.);
#5402 = EDGE_CURVE('',#5403,#5395,#5405,.T.);
#5403 = VERTEX_POINT('',#5404);
#5404 = CARTESIAN_POINT('',(0.32,0.32,0.));
#5405 = LINE('',#5406,#5407);
#5406 = CARTESIAN_POINT('',(-0.16,0.32,0.));
#5407 = VECTOR('',#5408,1.);
#5408 = DIRECTION('',(-1.,0.,0.));
#5409 = ORIENTED_EDGE('',*,*,#5410,.F.);
#5410 = EDGE_CURVE('',#5385,#5403,#5411,.T.);
#5411 = LINE('',#5412,#5413);
#5412 = CARTESIAN_POINT('',(0.32,-0.16,0.));
#5413 = VECTOR('',#5414,1.);
#5414 = DIRECTION('',(0.,1.,0.));
#5415 = PLANE('',#5416);
#5416 = AXIS2_PLACEMENT_3D('',#5417,#5418,#5419);
#5417 = CARTESIAN_POINT('',(2.321466769849E-17,4.642933539699E-17,0.));
#5418 = DIRECTION('',(0.,0.,1.));
#5419 = DIRECTION('',(1.,0.,-0.));
#5420 = ADVANCED_FACE('',(#5421,#5464),#5498,.T.);
#5421 = FACE_BOUND('',#5422,.T.);
#5422 = EDGE_LOOP('',(#5423,#5424,#5425,#5433,#5441,#5449,#5457,#5463));
#5423 = ORIENTED_EDGE('',*,*,#5249,.T.);
#5424 = ORIENTED_EDGE('',*,*,#5311,.T.);
#5425 = ORIENTED_EDGE('',*,*,#5426,.T.);
#5426 = EDGE_CURVE('',#5312,#5427,#5429,.T.);
#5427 = VERTEX_POINT('',#5428);
#5428 = CARTESIAN_POINT('',(-1.016,-1.27,2.54));
#5429 = LINE('',#5430,#5431);
#5430 = CARTESIAN_POINT('',(-1.27,-1.016,2.54));
#5431 = VECTOR('',#5432,1.);
#5432 = DIRECTION('',(0.707106781187,-0.707106781187,0.));
#5433 = ORIENTED_EDGE('',*,*,#5434,.T.);
#5434 = EDGE_CURVE('',#5427,#5435,#5437,.T.);
#5435 = VERTEX_POINT('',#5436);
#5436 = CARTESIAN_POINT('',(1.016,-1.27,2.54));
#5437 = LINE('',#5438,#5439);
#5438 = CARTESIAN_POINT('',(-1.016,-1.27,2.54));
#5439 = VECTOR('',#5440,1.);
#5440 = DIRECTION('',(1.,0.,0.));
#5441 = ORIENTED_EDGE('',*,*,#5442,.T.);
#5442 = EDGE_CURVE('',#5435,#5443,#5445,.T.);
#5443 = VERTEX_POINT('',#5444);
#5444 = CARTESIAN_POINT('',(1.27,-1.016,2.54));
#5445 = LINE('',#5446,#5447);
#5446 = CARTESIAN_POINT('',(1.016,-1.27,2.54));
#5447 = VECTOR('',#5448,1.);
#5448 = DIRECTION('',(0.707106781187,0.707106781187,0.));
#5449 = ORIENTED_EDGE('',*,*,#5450,.T.);
#5450 = EDGE_CURVE('',#5443,#5451,#5453,.T.);
#5451 = VERTEX_POINT('',#5452);
#5452 = CARTESIAN_POINT('',(1.27,1.016,2.54));
#5453 = LINE('',#5454,#5455);
#5454 = CARTESIAN_POINT('',(1.27,-1.016,2.54));
#5455 = VECTOR('',#5456,1.);
#5456 = DIRECTION('',(0.,1.,0.));
#5457 = ORIENTED_EDGE('',*,*,#5458,.T.);
#5458 = EDGE_CURVE('',#5451,#5282,#5459,.T.);
#5459 = LINE('',#5460,#5461);
#5460 = CARTESIAN_POINT('',(1.27,1.016,2.54));
#5461 = VECTOR('',#5462,1.);
#5462 = DIRECTION('',(-0.707106781187,0.707106781187,0.));
#5463 = ORIENTED_EDGE('',*,*,#5289,.T.);
#5464 = FACE_BOUND('',#5465,.T.);
#5465 = EDGE_LOOP('',(#5466,#5476,#5484,#5492));
#5466 = ORIENTED_EDGE('',*,*,#5467,.T.);
#5467 = EDGE_CURVE('',#5468,#5470,#5472,.T.);
#5468 = VERTEX_POINT('',#5469);
#5469 = CARTESIAN_POINT('',(0.32,-0.32,2.54));
#5470 = VERTEX_POINT('',#5471);
#5471 = CARTESIAN_POINT('',(-0.32,-0.32,2.54));
#5472 = LINE('',#5473,#5474);
#5473 = CARTESIAN_POINT('',(-0.16,-0.32,2.54));
#5474 = VECTOR('',#5475,1.);
#5475 = DIRECTION('',(-1.,0.,0.));
#5476 = ORIENTED_EDGE('',*,*,#5477,.T.);
#5477 = EDGE_CURVE('',#5470,#5478,#5480,.T.);
#5478 = VERTEX_POINT('',#5479);
#5479 = CARTESIAN_POINT('',(-0.32,0.32,2.54));
#5480 = LINE('',#5481,#5482);
#5481 = CARTESIAN_POINT('',(-0.32,-0.16,2.54));
#5482 = VECTOR('',#5483,1.);
#5483 = DIRECTION('',(0.,1.,0.));
#5484 = ORIENTED_EDGE('',*,*,#5485,.F.);
#5485 = EDGE_CURVE('',#5486,#5478,#5488,.T.);
#5486 = VERTEX_POINT('',#5487);
#5487 = CARTESIAN_POINT('',(0.32,0.32,2.54));
#5488 = LINE('',#5489,#5490);
#5489 = CARTESIAN_POINT('',(-0.16,0.32,2.54));
#5490 = VECTOR('',#5491,1.);
#5491 = DIRECTION('',(-1.,0.,0.));
#5492 = ORIENTED_EDGE('',*,*,#5493,.F.);
#5493 = EDGE_CURVE('',#5468,#5486,#5494,.T.);
#5494 = LINE('',#5495,#5496);
#5495 = CARTESIAN_POINT('',(0.32,-0.16,2.54));
#5496 = VECTOR('',#5497,1.);
#5497 = DIRECTION('',(0.,1.,0.));
#5498 = PLANE('',#5499);
#5499 = AXIS2_PLACEMENT_3D('',#5500,#5501,#5502);
#5500 = CARTESIAN_POINT('',(2.321466769849E-17,4.642933539699E-17,2.54)
  );
#5501 = DIRECTION('',(0.,0.,1.));
#5502 = DIRECTION('',(1.,0.,-0.));
#5503 = ADVANCED_FACE('',(#5504),#5515,.F.);
#5504 = FACE_BOUND('',#5505,.F.);
#5505 = EDGE_LOOP('',(#5506,#5512,#5513,#5514));
#5506 = ORIENTED_EDGE('',*,*,#5507,.T.);
#5507 = EDGE_CURVE('',#5368,#5451,#5508,.T.);
#5508 = LINE('',#5509,#5510);
#5509 = CARTESIAN_POINT('',(1.27,1.016,0.));
#5510 = VECTOR('',#5511,1.);
#5511 = DIRECTION('',(0.,0.,1.));
#5512 = ORIENTED_EDGE('',*,*,#5458,.T.);
#5513 = ORIENTED_EDGE('',*,*,#5279,.F.);
#5514 = ORIENTED_EDGE('',*,*,#5375,.F.);
#5515 = PLANE('',#5516);
#5516 = AXIS2_PLACEMENT_3D('',#5517,#5518,#5519);
#5517 = CARTESIAN_POINT('',(1.27,1.016,0.));
#5518 = DIRECTION('',(-0.707106781187,-0.707106781187,0.));
#5519 = DIRECTION('',(-0.707106781187,0.707106781187,0.));
#5520 = ADVANCED_FACE('',(#5521),#5532,.F.);
#5521 = FACE_BOUND('',#5522,.F.);
#5522 = EDGE_LOOP('',(#5523,#5524,#5525,#5531));
#5523 = ORIENTED_EDGE('',*,*,#5319,.T.);
#5524 = ORIENTED_EDGE('',*,*,#5426,.T.);
#5525 = ORIENTED_EDGE('',*,*,#5526,.F.);
#5526 = EDGE_CURVE('',#5344,#5427,#5527,.T.);
#5527 = LINE('',#5528,#5529);
#5528 = CARTESIAN_POINT('',(-1.016,-1.27,0.));
#5529 = VECTOR('',#5530,1.);
#5530 = DIRECTION('',(0.,0.,1.));
#5531 = ORIENTED_EDGE('',*,*,#5343,.F.);
#5532 = PLANE('',#5533);
#5533 = AXIS2_PLACEMENT_3D('',#5534,#5535,#5536);
#5534 = CARTESIAN_POINT('',(-1.27,-1.016,0.));
#5535 = DIRECTION('',(0.707106781187,0.707106781187,0.));
#5536 = DIRECTION('',(0.707106781187,-0.707106781187,0.));
#5537 = ADVANCED_FACE('',(#5538),#5549,.F.);
#5538 = FACE_BOUND('',#5539,.F.);
#5539 = EDGE_LOOP('',(#5540,#5546,#5547,#5548));
#5540 = ORIENTED_EDGE('',*,*,#5541,.T.);
#5541 = EDGE_CURVE('',#5360,#5443,#5542,.T.);
#5542 = LINE('',#5543,#5544);
#5543 = CARTESIAN_POINT('',(1.27,-1.016,0.));
#5544 = VECTOR('',#5545,1.);
#5545 = DIRECTION('',(0.,0.,1.));
#5546 = ORIENTED_EDGE('',*,*,#5450,.T.);
#5547 = ORIENTED_EDGE('',*,*,#5507,.F.);
#5548 = ORIENTED_EDGE('',*,*,#5367,.F.);
#5549 = PLANE('',#5550);
#5550 = AXIS2_PLACEMENT_3D('',#5551,#5552,#5553);
#5551 = CARTESIAN_POINT('',(1.27,-1.016,0.));
#5552 = DIRECTION('',(-1.,0.,0.));
#5553 = DIRECTION('',(0.,1.,0.));
#5554 = ADVANCED_FACE('',(#5555),#5566,.F.);
#5555 = FACE_BOUND('',#5556,.F.);
#5556 = EDGE_LOOP('',(#5557,#5558,#5559,#5565));
#5557 = ORIENTED_EDGE('',*,*,#5526,.T.);
#5558 = ORIENTED_EDGE('',*,*,#5434,.T.);
#5559 = ORIENTED_EDGE('',*,*,#5560,.F.);
#5560 = EDGE_CURVE('',#5352,#5435,#5561,.T.);
#5561 = LINE('',#5562,#5563);
#5562 = CARTESIAN_POINT('',(1.016,-1.27,0.));
#5563 = VECTOR('',#5564,1.);
#5564 = DIRECTION('',(0.,0.,1.));
#5565 = ORIENTED_EDGE('',*,*,#5351,.F.);
#5566 = PLANE('',#5567);
#5567 = AXIS2_PLACEMENT_3D('',#5568,#5569,#5570);
#5568 = CARTESIAN_POINT('',(-1.016,-1.27,0.));
#5569 = DIRECTION('',(0.,1.,0.));
#5570 = DIRECTION('',(1.,0.,0.));
#5571 = ADVANCED_FACE('',(#5572),#5578,.F.);
#5572 = FACE_BOUND('',#5573,.F.);
#5573 = EDGE_LOOP('',(#5574,#5575,#5576,#5577));
#5574 = ORIENTED_EDGE('',*,*,#5560,.T.);
#5575 = ORIENTED_EDGE('',*,*,#5442,.T.);
#5576 = ORIENTED_EDGE('',*,*,#5541,.F.);
#5577 = ORIENTED_EDGE('',*,*,#5359,.F.);
#5578 = PLANE('',#5579);
#5579 = AXIS2_PLACEMENT_3D('',#5580,#5581,#5582);
#5580 = CARTESIAN_POINT('',(1.016,-1.27,0.));
#5581 = DIRECTION('',(-0.707106781187,0.707106781187,0.));
#5582 = DIRECTION('',(0.707106781187,0.707106781187,0.));
#5583 = ADVANCED_FACE('',(#5584),#5609,.F.);
#5584 = FACE_BOUND('',#5585,.F.);
#5585 = EDGE_LOOP('',(#5586,#5594,#5602,#5608));
#5586 = ORIENTED_EDGE('',*,*,#5587,.F.);
#5587 = EDGE_CURVE('',#5588,#5385,#5590,.T.);
#5588 = VERTEX_POINT('',#5589);
#5589 = CARTESIAN_POINT('',(0.32,-0.32,-2.84));
#5590 = LINE('',#5591,#5592);
#5591 = CARTESIAN_POINT('',(0.32,-0.32,-3.));
#5592 = VECTOR('',#5593,1.);
#5593 = DIRECTION('',(0.,0.,1.));
#5594 = ORIENTED_EDGE('',*,*,#5595,.F.);
#5595 = EDGE_CURVE('',#5596,#5588,#5598,.T.);
#5596 = VERTEX_POINT('',#5597);
#5597 = CARTESIAN_POINT('',(-0.32,-0.32,-2.84));
#5598 = LINE('',#5599,#5600);
#5599 = CARTESIAN_POINT('',(-0.32,-0.32,-2.84));
#5600 = VECTOR('',#5601,1.);
#5601 = DIRECTION('',(1.,0.,0.));
#5602 = ORIENTED_EDGE('',*,*,#5603,.T.);
#5603 = EDGE_CURVE('',#5596,#5387,#5604,.T.);
#5604 = LINE('',#5605,#5606);
#5605 = CARTESIAN_POINT('',(-0.32,-0.32,-3.));
#5606 = VECTOR('',#5607,1.);
#5607 = DIRECTION('',(0.,0.,1.));
#5608 = ORIENTED_EDGE('',*,*,#5384,.F.);
#5609 = PLANE('',#5610);
#5610 = AXIS2_PLACEMENT_3D('',#5611,#5612,#5613);
#5611 = CARTESIAN_POINT('',(-0.32,-0.32,-3.));
#5612 = DIRECTION('',(0.,1.,0.));
#5613 = DIRECTION('',(0.,-0.,1.));
#5614 = ADVANCED_FACE('',(#5615),#5633,.T.);
#5615 = FACE_BOUND('',#5616,.T.);
#5616 = EDGE_LOOP('',(#5617,#5618,#5626,#5632));
#5617 = ORIENTED_EDGE('',*,*,#5587,.F.);
#5618 = ORIENTED_EDGE('',*,*,#5619,.T.);
#5619 = EDGE_CURVE('',#5588,#5620,#5622,.T.);
#5620 = VERTEX_POINT('',#5621);
#5621 = CARTESIAN_POINT('',(0.32,0.32,-2.84));
#5622 = LINE('',#5623,#5624);
#5623 = CARTESIAN_POINT('',(0.32,-0.32,-2.84));
#5624 = VECTOR('',#5625,1.);
#5625 = DIRECTION('',(0.,1.,0.));
#5626 = ORIENTED_EDGE('',*,*,#5627,.T.);
#5627 = EDGE_CURVE('',#5620,#5403,#5628,.T.);
#5628 = LINE('',#5629,#5630);
#5629 = CARTESIAN_POINT('',(0.32,0.32,-3.));
#5630 = VECTOR('',#5631,1.);
#5631 = DIRECTION('',(0.,0.,1.));
#5632 = ORIENTED_EDGE('',*,*,#5410,.F.);
#5633 = PLANE('',#5634);
#5634 = AXIS2_PLACEMENT_3D('',#5635,#5636,#5637);
#5635 = CARTESIAN_POINT('',(0.32,-0.32,-3.));
#5636 = DIRECTION('',(1.,0.,0.));
#5637 = DIRECTION('',(0.,0.,1.));
#5638 = ADVANCED_FACE('',(#5639),#5657,.T.);
#5639 = FACE_BOUND('',#5640,.T.);
#5640 = EDGE_LOOP('',(#5641,#5642,#5650,#5656));
#5641 = ORIENTED_EDGE('',*,*,#5627,.F.);
#5642 = ORIENTED_EDGE('',*,*,#5643,.F.);
#5643 = EDGE_CURVE('',#5644,#5620,#5646,.T.);
#5644 = VERTEX_POINT('',#5645);
#5645 = CARTESIAN_POINT('',(-0.32,0.32,-2.84));
#5646 = LINE('',#5647,#5648);
#5647 = CARTESIAN_POINT('',(-0.32,0.32,-2.84));
#5648 = VECTOR('',#5649,1.);
#5649 = DIRECTION('',(1.,0.,0.));
#5650 = ORIENTED_EDGE('',*,*,#5651,.T.);
#5651 = EDGE_CURVE('',#5644,#5395,#5652,.T.);
#5652 = LINE('',#5653,#5654);
#5653 = CARTESIAN_POINT('',(-0.32,0.32,-3.));
#5654 = VECTOR('',#5655,1.);
#5655 = DIRECTION('',(0.,0.,1.));
#5656 = ORIENTED_EDGE('',*,*,#5402,.F.);
#5657 = PLANE('',#5658);
#5658 = AXIS2_PLACEMENT_3D('',#5659,#5660,#5661);
#5659 = CARTESIAN_POINT('',(-0.32,0.32,-3.));
#5660 = DIRECTION('',(0.,1.,0.));
#5661 = DIRECTION('',(0.,-0.,1.));
#5662 = ADVANCED_FACE('',(#5663),#5674,.F.);
#5663 = FACE_BOUND('',#5664,.F.);
#5664 = EDGE_LOOP('',(#5665,#5666,#5672,#5673));
#5665 = ORIENTED_EDGE('',*,*,#5603,.F.);
#5666 = ORIENTED_EDGE('',*,*,#5667,.T.);
#5667 = EDGE_CURVE('',#5596,#5644,#5668,.T.);
#5668 = LINE('',#5669,#5670);
#5669 = CARTESIAN_POINT('',(-0.32,-0.32,-2.84));
#5670 = VECTOR('',#5671,1.);
#5671 = DIRECTION('',(0.,1.,0.));
#5672 = ORIENTED_EDGE('',*,*,#5651,.T.);
#5673 = ORIENTED_EDGE('',*,*,#5394,.F.);
#5674 = PLANE('',#5675);
#5675 = AXIS2_PLACEMENT_3D('',#5676,#5677,#5678);
#5676 = CARTESIAN_POINT('',(-0.32,-0.32,-3.));
#5677 = DIRECTION('',(1.,0.,0.));
#5678 = DIRECTION('',(0.,0.,1.));
#5679 = ADVANCED_FACE('',(#5680),#5705,.F.);
#5680 = FACE_BOUND('',#5681,.F.);
#5681 = EDGE_LOOP('',(#5682,#5690,#5691,#5699));
#5682 = ORIENTED_EDGE('',*,*,#5683,.F.);
#5683 = EDGE_CURVE('',#5468,#5684,#5686,.T.);
#5684 = VERTEX_POINT('',#5685);
#5685 = CARTESIAN_POINT('',(0.32,-0.32,8.38));
#5686 = LINE('',#5687,#5688);
#5687 = CARTESIAN_POINT('',(0.32,-0.32,-3.));
#5688 = VECTOR('',#5689,1.);
#5689 = DIRECTION('',(0.,0.,1.));
#5690 = ORIENTED_EDGE('',*,*,#5467,.T.);
#5691 = ORIENTED_EDGE('',*,*,#5692,.T.);
#5692 = EDGE_CURVE('',#5470,#5693,#5695,.T.);
#5693 = VERTEX_POINT('',#5694);
#5694 = CARTESIAN_POINT('',(-0.32,-0.32,8.38));
#5695 = LINE('',#5696,#5697);
#5696 = CARTESIAN_POINT('',(-0.32,-0.32,-3.));
#5697 = VECTOR('',#5698,1.);
#5698 = DIRECTION('',(0.,0.,1.));
#5699 = ORIENTED_EDGE('',*,*,#5700,.T.);
#5700 = EDGE_CURVE('',#5693,#5684,#5701,.T.);
#5701 = LINE('',#5702,#5703);
#5702 = CARTESIAN_POINT('',(-0.32,-0.32,8.38));
#5703 = VECTOR('',#5704,1.);
#5704 = DIRECTION('',(1.,0.,0.));
#5705 = PLANE('',#5706);
#5706 = AXIS2_PLACEMENT_3D('',#5707,#5708,#5709);
#5707 = CARTESIAN_POINT('',(-0.32,-0.32,-3.));
#5708 = DIRECTION('',(0.,1.,0.));
#5709 = DIRECTION('',(0.,-0.,1.));
#5710 = ADVANCED_FACE('',(#5711),#5729,.T.);
#5711 = FACE_BOUND('',#5712,.T.);
#5712 = EDGE_LOOP('',(#5713,#5714,#5715,#5723));
#5713 = ORIENTED_EDGE('',*,*,#5683,.F.);
#5714 = ORIENTED_EDGE('',*,*,#5493,.T.);
#5715 = ORIENTED_EDGE('',*,*,#5716,.T.);
#5716 = EDGE_CURVE('',#5486,#5717,#5719,.T.);
#5717 = VERTEX_POINT('',#5718);
#5718 = CARTESIAN_POINT('',(0.32,0.32,8.38));
#5719 = LINE('',#5720,#5721);
#5720 = CARTESIAN_POINT('',(0.32,0.32,-3.));
#5721 = VECTOR('',#5722,1.);
#5722 = DIRECTION('',(0.,0.,1.));
#5723 = ORIENTED_EDGE('',*,*,#5724,.F.);
#5724 = EDGE_CURVE('',#5684,#5717,#5725,.T.);
#5725 = LINE('',#5726,#5727);
#5726 = CARTESIAN_POINT('',(0.32,-0.32,8.38));
#5727 = VECTOR('',#5728,1.);
#5728 = DIRECTION('',(0.,1.,0.));
#5729 = PLANE('',#5730);
#5730 = AXIS2_PLACEMENT_3D('',#5731,#5732,#5733);
#5731 = CARTESIAN_POINT('',(0.32,-0.32,-3.));
#5732 = DIRECTION('',(1.,0.,0.));
#5733 = DIRECTION('',(0.,0.,1.));
#5734 = ADVANCED_FACE('',(#5735),#5753,.T.);
#5735 = FACE_BOUND('',#5736,.T.);
#5736 = EDGE_LOOP('',(#5737,#5738,#5739,#5747));
#5737 = ORIENTED_EDGE('',*,*,#5716,.F.);
#5738 = ORIENTED_EDGE('',*,*,#5485,.T.);
#5739 = ORIENTED_EDGE('',*,*,#5740,.T.);
#5740 = EDGE_CURVE('',#5478,#5741,#5743,.T.);
#5741 = VERTEX_POINT('',#5742);
#5742 = CARTESIAN_POINT('',(-0.32,0.32,8.38));
#5743 = LINE('',#5744,#5745);
#5744 = CARTESIAN_POINT('',(-0.32,0.32,-3.));
#5745 = VECTOR('',#5746,1.);
#5746 = DIRECTION('',(0.,0.,1.));
#5747 = ORIENTED_EDGE('',*,*,#5748,.T.);
#5748 = EDGE_CURVE('',#5741,#5717,#5749,.T.);
#5749 = LINE('',#5750,#5751);
#5750 = CARTESIAN_POINT('',(-0.32,0.32,8.38));
#5751 = VECTOR('',#5752,1.);
#5752 = DIRECTION('',(1.,0.,0.));
#5753 = PLANE('',#5754);
#5754 = AXIS2_PLACEMENT_3D('',#5755,#5756,#5757);
#5755 = CARTESIAN_POINT('',(-0.32,0.32,-3.));
#5756 = DIRECTION('',(0.,1.,0.));
#5757 = DIRECTION('',(0.,-0.,1.));
#5758 = ADVANCED_FACE('',(#5759),#5770,.F.);
#5759 = FACE_BOUND('',#5760,.F.);
#5760 = EDGE_LOOP('',(#5761,#5762,#5763,#5764));
#5761 = ORIENTED_EDGE('',*,*,#5692,.F.);
#5762 = ORIENTED_EDGE('',*,*,#5477,.T.);
#5763 = ORIENTED_EDGE('',*,*,#5740,.T.);
#5764 = ORIENTED_EDGE('',*,*,#5765,.F.);
#5765 = EDGE_CURVE('',#5693,#5741,#5766,.T.);
#5766 = LINE('',#5767,#5768);
#5767 = CARTESIAN_POINT('',(-0.32,-0.32,8.38));
#5768 = VECTOR('',#5769,1.);
#5769 = DIRECTION('',(0.,1.,0.));
#5770 = PLANE('',#5771);
#5771 = AXIS2_PLACEMENT_3D('',#5772,#5773,#5774);
#5772 = CARTESIAN_POINT('',(-0.32,-0.32,-3.));
#5773 = DIRECTION('',(1.,0.,0.));
#5774 = DIRECTION('',(0.,0.,1.));
#5775 = ADVANCED_FACE('',(#5776),#5801,.T.);
#5776 = FACE_BOUND('',#5777,.F.);
#5777 = EDGE_LOOP('',(#5778,#5786,#5787,#5795));
#5778 = ORIENTED_EDGE('',*,*,#5779,.F.);
#5779 = EDGE_CURVE('',#5596,#5780,#5782,.T.);
#5780 = VERTEX_POINT('',#5781);
#5781 = CARTESIAN_POINT('',(-0.16,-0.16,-3.));
#5782 = LINE('',#5783,#5784);
#5783 = CARTESIAN_POINT('',(-0.266666666667,-0.266666666667,
    -2.893333333333));
#5784 = VECTOR('',#5785,1.);
#5785 = DIRECTION('',(0.57735026919,0.57735026919,-0.57735026919));
#5786 = ORIENTED_EDGE('',*,*,#5595,.T.);
#5787 = ORIENTED_EDGE('',*,*,#5788,.T.);
#5788 = EDGE_CURVE('',#5588,#5789,#5791,.T.);
#5789 = VERTEX_POINT('',#5790);
#5790 = CARTESIAN_POINT('',(0.16,-0.16,-3.));
#5791 = LINE('',#5792,#5793);
#5792 = CARTESIAN_POINT('',(0.16,-0.16,-3.));
#5793 = VECTOR('',#5794,1.);
#5794 = DIRECTION('',(-0.57735026919,0.57735026919,-0.57735026919));
#5795 = ORIENTED_EDGE('',*,*,#5796,.F.);
#5796 = EDGE_CURVE('',#5780,#5789,#5797,.T.);
#5797 = LINE('',#5798,#5799);
#5798 = CARTESIAN_POINT('',(-0.32,-0.16,-3.));
#5799 = VECTOR('',#5800,1.);
#5800 = DIRECTION('',(1.,0.,0.));
#5801 = PLANE('',#5802);
#5802 = AXIS2_PLACEMENT_3D('',#5803,#5804,#5805);
#5803 = CARTESIAN_POINT('',(-0.32,-0.24,-2.92));
#5804 = DIRECTION('',(1.735167508357E-18,-0.707106781187,-0.707106781187
    ));
#5805 = DIRECTION('',(-1.,-1.226948711654E-18,-1.226948711654E-18));
#5806 = ADVANCED_FACE('',(#5807),#5825,.F.);
#5807 = FACE_BOUND('',#5808,.F.);
#5808 = EDGE_LOOP('',(#5809,#5810,#5811,#5819));
#5809 = ORIENTED_EDGE('',*,*,#5788,.F.);
#5810 = ORIENTED_EDGE('',*,*,#5619,.T.);
#5811 = ORIENTED_EDGE('',*,*,#5812,.T.);
#5812 = EDGE_CURVE('',#5620,#5813,#5815,.T.);
#5813 = VERTEX_POINT('',#5814);
#5814 = CARTESIAN_POINT('',(0.16,0.16,-3.));
#5815 = LINE('',#5816,#5817);
#5816 = CARTESIAN_POINT('',(5.333333333333E-02,5.333333333333E-02,
    -3.106666666667));
#5817 = VECTOR('',#5818,1.);
#5818 = DIRECTION('',(-0.57735026919,-0.57735026919,-0.57735026919));
#5819 = ORIENTED_EDGE('',*,*,#5820,.F.);
#5820 = EDGE_CURVE('',#5789,#5813,#5821,.T.);
#5821 = LINE('',#5822,#5823);
#5822 = CARTESIAN_POINT('',(0.16,-0.32,-3.));
#5823 = VECTOR('',#5824,1.);
#5824 = DIRECTION('',(0.,1.,0.));
#5825 = PLANE('',#5826);
#5826 = AXIS2_PLACEMENT_3D('',#5827,#5828,#5829);
#5827 = CARTESIAN_POINT('',(0.24,-0.32,-2.92));
#5828 = DIRECTION('',(-0.707106781187,1.735167508357E-18,0.707106781187)
  );
#5829 = DIRECTION('',(1.226948711654E-18,1.,-1.226948711654E-18));
#5830 = ADVANCED_FACE('',(#5831),#5849,.F.);
#5831 = FACE_BOUND('',#5832,.T.);
#5832 = EDGE_LOOP('',(#5833,#5841,#5842,#5843));
#5833 = ORIENTED_EDGE('',*,*,#5834,.F.);
#5834 = EDGE_CURVE('',#5644,#5835,#5837,.T.);
#5835 = VERTEX_POINT('',#5836);
#5836 = CARTESIAN_POINT('',(-0.16,0.16,-3.));
#5837 = LINE('',#5838,#5839);
#5838 = CARTESIAN_POINT('',(-0.16,0.16,-3.));
#5839 = VECTOR('',#5840,1.);
#5840 = DIRECTION('',(0.57735026919,-0.57735026919,-0.57735026919));
#5841 = ORIENTED_EDGE('',*,*,#5643,.T.);
#5842 = ORIENTED_EDGE('',*,*,#5812,.T.);
#5843 = ORIENTED_EDGE('',*,*,#5844,.F.);
#5844 = EDGE_CURVE('',#5835,#5813,#5845,.T.);
#5845 = LINE('',#5846,#5847);
#5846 = CARTESIAN_POINT('',(-0.32,0.16,-3.));
#5847 = VECTOR('',#5848,1.);
#5848 = DIRECTION('',(1.,0.,0.));
#5849 = PLANE('',#5850);
#5850 = AXIS2_PLACEMENT_3D('',#5851,#5852,#5853);
#5851 = CARTESIAN_POINT('',(-0.32,0.24,-2.92));
#5852 = DIRECTION('',(-1.735167508357E-18,-0.707106781187,0.707106781187
    ));
#5853 = DIRECTION('',(-1.,1.226948711654E-18,-1.226948711654E-18));
#5854 = ADVANCED_FACE('',(#5855),#5866,.T.);
#5855 = FACE_BOUND('',#5856,.T.);
#5856 = EDGE_LOOP('',(#5857,#5858,#5859,#5860));
#5857 = ORIENTED_EDGE('',*,*,#5779,.F.);
#5858 = ORIENTED_EDGE('',*,*,#5667,.T.);
#5859 = ORIENTED_EDGE('',*,*,#5834,.T.);
#5860 = ORIENTED_EDGE('',*,*,#5861,.F.);
#5861 = EDGE_CURVE('',#5780,#5835,#5862,.T.);
#5862 = LINE('',#5863,#5864);
#5863 = CARTESIAN_POINT('',(-0.16,-0.32,-3.));
#5864 = VECTOR('',#5865,1.);
#5865 = DIRECTION('',(0.,1.,0.));
#5866 = PLANE('',#5867);
#5867 = AXIS2_PLACEMENT_3D('',#5868,#5869,#5870);
#5868 = CARTESIAN_POINT('',(-0.24,-0.32,-2.92));
#5869 = DIRECTION('',(-0.707106781187,-1.735167508357E-18,
    -0.707106781187));
#5870 = DIRECTION('',(-1.226948711654E-18,1.,-1.226948711654E-18));
#5871 = ADVANCED_FACE('',(#5872),#5897,.F.);
#5872 = FACE_BOUND('',#5873,.T.);
#5873 = EDGE_LOOP('',(#5874,#5882,#5883,#5891));
#5874 = ORIENTED_EDGE('',*,*,#5875,.F.);
#5875 = EDGE_CURVE('',#5693,#5876,#5878,.T.);
#5876 = VERTEX_POINT('',#5877);
#5877 = CARTESIAN_POINT('',(-0.16,-0.16,8.54));
#5878 = LINE('',#5879,#5880);
#5879 = CARTESIAN_POINT('',(-0.266666666667,-0.266666666667,
    8.433333333333));
#5880 = VECTOR('',#5881,1.);
#5881 = DIRECTION('',(0.57735026919,0.57735026919,0.57735026919));
#5882 = ORIENTED_EDGE('',*,*,#5700,.T.);
#5883 = ORIENTED_EDGE('',*,*,#5884,.T.);
#5884 = EDGE_CURVE('',#5684,#5885,#5887,.T.);
#5885 = VERTEX_POINT('',#5886);
#5886 = CARTESIAN_POINT('',(0.16,-0.16,8.54));
#5887 = LINE('',#5888,#5889);
#5888 = CARTESIAN_POINT('',(0.16,-0.16,8.54));
#5889 = VECTOR('',#5890,1.);
#5890 = DIRECTION('',(-0.57735026919,0.57735026919,0.57735026919));
#5891 = ORIENTED_EDGE('',*,*,#5892,.F.);
#5892 = EDGE_CURVE('',#5876,#5885,#5893,.T.);
#5893 = LINE('',#5894,#5895);
#5894 = CARTESIAN_POINT('',(-0.32,-0.16,8.54));
#5895 = VECTOR('',#5896,1.);
#5896 = DIRECTION('',(1.,0.,0.));
#5897 = PLANE('',#5898);
#5898 = AXIS2_PLACEMENT_3D('',#5899,#5900,#5901);
#5899 = CARTESIAN_POINT('',(-0.32,-0.24,8.46));
#5900 = DIRECTION('',(-1.735167508357E-18,0.707106781187,-0.707106781187
    ));
#5901 = DIRECTION('',(-1.,-1.226948711654E-18,1.226948711654E-18));
#5902 = ADVANCED_FACE('',(#5903),#5921,.T.);
#5903 = FACE_BOUND('',#5904,.T.);
#5904 = EDGE_LOOP('',(#5905,#5906,#5907,#5915));
#5905 = ORIENTED_EDGE('',*,*,#5884,.F.);
#5906 = ORIENTED_EDGE('',*,*,#5724,.T.);
#5907 = ORIENTED_EDGE('',*,*,#5908,.T.);
#5908 = EDGE_CURVE('',#5717,#5909,#5911,.T.);
#5909 = VERTEX_POINT('',#5910);
#5910 = CARTESIAN_POINT('',(0.16,0.16,8.54));
#5911 = LINE('',#5912,#5913);
#5912 = CARTESIAN_POINT('',(5.333333333333E-02,5.333333333333E-02,
    8.646666666667));
#5913 = VECTOR('',#5914,1.);
#5914 = DIRECTION('',(-0.57735026919,-0.57735026919,0.57735026919));
#5915 = ORIENTED_EDGE('',*,*,#5916,.F.);
#5916 = EDGE_CURVE('',#5885,#5909,#5917,.T.);
#5917 = LINE('',#5918,#5919);
#5918 = CARTESIAN_POINT('',(0.16,-0.32,8.54));
#5919 = VECTOR('',#5920,1.);
#5920 = DIRECTION('',(0.,1.,0.));
#5921 = PLANE('',#5922);
#5922 = AXIS2_PLACEMENT_3D('',#5923,#5924,#5925);
#5923 = CARTESIAN_POINT('',(0.24,-0.32,8.46));
#5924 = DIRECTION('',(0.707106781187,-1.735167508357E-18,0.707106781187)
  );
#5925 = DIRECTION('',(1.226948711654E-18,1.,1.226948711654E-18));
#5926 = ADVANCED_FACE('',(#5927),#5945,.T.);
#5927 = FACE_BOUND('',#5928,.F.);
#5928 = EDGE_LOOP('',(#5929,#5937,#5938,#5939));
#5929 = ORIENTED_EDGE('',*,*,#5930,.F.);
#5930 = EDGE_CURVE('',#5741,#5931,#5933,.T.);
#5931 = VERTEX_POINT('',#5932);
#5932 = CARTESIAN_POINT('',(-0.16,0.16,8.54));
#5933 = LINE('',#5934,#5935);
#5934 = CARTESIAN_POINT('',(-0.16,0.16,8.54));
#5935 = VECTOR('',#5936,1.);
#5936 = DIRECTION('',(0.57735026919,-0.57735026919,0.57735026919));
#5937 = ORIENTED_EDGE('',*,*,#5748,.T.);
#5938 = ORIENTED_EDGE('',*,*,#5908,.T.);
#5939 = ORIENTED_EDGE('',*,*,#5940,.F.);
#5940 = EDGE_CURVE('',#5931,#5909,#5941,.T.);
#5941 = LINE('',#5942,#5943);
#5942 = CARTESIAN_POINT('',(-0.32,0.16,8.54));
#5943 = VECTOR('',#5944,1.);
#5944 = DIRECTION('',(1.,0.,0.));
#5945 = PLANE('',#5946);
#5946 = AXIS2_PLACEMENT_3D('',#5947,#5948,#5949);
#5947 = CARTESIAN_POINT('',(-0.32,0.24,8.46));
#5948 = DIRECTION('',(1.735167508357E-18,0.707106781187,0.707106781187)
  );
#5949 = DIRECTION('',(-1.,1.226948711654E-18,1.226948711654E-18));
#5950 = ADVANCED_FACE('',(#5951),#5962,.F.);
#5951 = FACE_BOUND('',#5952,.F.);
#5952 = EDGE_LOOP('',(#5953,#5954,#5955,#5956));
#5953 = ORIENTED_EDGE('',*,*,#5875,.F.);
#5954 = ORIENTED_EDGE('',*,*,#5765,.T.);
#5955 = ORIENTED_EDGE('',*,*,#5930,.T.);
#5956 = ORIENTED_EDGE('',*,*,#5957,.F.);
#5957 = EDGE_CURVE('',#5876,#5931,#5958,.T.);
#5958 = LINE('',#5959,#5960);
#5959 = CARTESIAN_POINT('',(-0.16,-0.32,8.54));
#5960 = VECTOR('',#5961,1.);
#5961 = DIRECTION('',(0.,1.,0.));
#5962 = PLANE('',#5963);
#5963 = AXIS2_PLACEMENT_3D('',#5964,#5965,#5966);
#5964 = CARTESIAN_POINT('',(-0.24,-0.32,8.46));
#5965 = DIRECTION('',(0.707106781187,1.735167508357E-18,-0.707106781187)
  );
#5966 = DIRECTION('',(-1.226948711654E-18,1.,1.226948711654E-18));
#5967 = ADVANCED_FACE('',(#5968),#5974,.F.);
#5968 = FACE_BOUND('',#5969,.F.);
#5969 = EDGE_LOOP('',(#5970,#5971,#5972,#5973));
#5970 = ORIENTED_EDGE('',*,*,#5844,.F.);
#5971 = ORIENTED_EDGE('',*,*,#5861,.F.);
#5972 = ORIENTED_EDGE('',*,*,#5796,.T.);
#5973 = ORIENTED_EDGE('',*,*,#5820,.T.);
#5974 = PLANE('',#5975);
#5975 = AXIS2_PLACEMENT_3D('',#5976,#5977,#5978);
#5976 = CARTESIAN_POINT('',(-0.32,-0.32,-3.));
#5977 = DIRECTION('',(0.,0.,1.));
#5978 = DIRECTION('',(1.,0.,-0.));
#5979 = ADVANCED_FACE('',(#5980),#5986,.T.);
#5980 = FACE_BOUND('',#5981,.T.);
#5981 = EDGE_LOOP('',(#5982,#5983,#5984,#5985));
#5982 = ORIENTED_EDGE('',*,*,#5916,.T.);
#5983 = ORIENTED_EDGE('',*,*,#5940,.F.);
#5984 = ORIENTED_EDGE('',*,*,#5957,.F.);
#5985 = ORIENTED_EDGE('',*,*,#5892,.T.);
#5986 = PLANE('',#5987);
#5987 = AXIS2_PLACEMENT_3D('',#5988,#5989,#5990);
#5988 = CARTESIAN_POINT('',(-0.32,-0.32,8.54));
#5989 = DIRECTION('',(0.,0.,1.));
#5990 = DIRECTION('',(1.,0.,-0.));
#5991 = ( GEOMETRIC_REPRESENTATION_CONTEXT(3) 
GLOBAL_UNCERTAINTY_ASSIGNED_CONTEXT((#5995)) 
GLOBAL_UNIT_ASSIGNED_CONTEXT((#5992,#5993,#5994)) REPRESENTATION_CONTEXT
('Context #1','3D Context with UNIT and UNCERTAINTY') );
#5992 = ( LENGTH_UNIT() NAMED_UNIT(*) SI_UNIT(.MILLI.,.METRE.) );
#5993 = ( NAMED_UNIT(*) PLANE_ANGLE_UNIT() SI_UNIT($,.RADIAN.) );
#5994 = ( NAMED_UNIT(*) SI_UNIT($,.STERADIAN.) SOLID_ANGLE_UNIT() );
#5995 = UNCERTAINTY_MEASURE_WITH_UNIT(LENGTH_MEASURE(1.E-07),#5992,
  'distance_accuracy_value','confusion accuracy');
#5996 = CONTEXT_DEPENDENT_SHAPE_REPRESENTATION(#5997,#5999);
#5997 = ( REPRESENTATION_RELATIONSHIP('','',#5232,#10) 
REPRESENTATION_RELATIONSHIP_WITH_TRANSFORMATION(#5998) 
SHAPE_REPRESENTATION_RELATIONSHIP() );
#5998 = ITEM_DEFINED_TRANSFORMATION('','',#11,#27);
#5999 = PRODUCT_DEFINITION_SHAPE('Placement','Placement of an item',
  #6000);
#6000 = NEXT_ASSEMBLY_USAGE_OCCURRENCE('4','BT1','',#5,#5227,$);
#6001 = PRODUCT_RELATED_PRODUCT_CATEGORY('part',$,(#5229));
#6002 = SHAPE_DEFINITION_REPRESENTATION(#6003,#6009);
#6003 = PRODUCT_DEFINITION_SHAPE('','',#6004);
#6004 = PRODUCT_DEFINITION('design','',#6005,#6008);
#6005 = PRODUCT_DEFINITION_FORMATION('','',#6006);
#6006 = PRODUCT('C_0603_1608Metric','C_0603_1608Metric','',(#6007));
#6007 = PRODUCT_CONTEXT('',#2,'mechanical');
#6008 = PRODUCT_DEFINITION_CONTEXT('part definition',#2,'design');
#6009 = ADVANCED_BREP_SHAPE_REPRESENTATION('',(#11,#6010),#6864);
#6010 = MANIFOLD_SOLID_BREP('',#6011);
#6011 = CLOSED_SHELL('',(#6012,#6088,#6119,#6144,#6169,#6193,#6217,#6242
    ,#6267,#6284,#6370,#6402,#6426,#6451,#6475,#6500,#6524,#6549,#6566,
    #6652,#6683,#6708,#6733,#6757,#6781,#6806,#6831,#6848));
#6012 = ADVANCED_FACE('',(#6013),#6083,.F.);
#6013 = FACE_BOUND('',#6014,.F.);
#6014 = EDGE_LOOP('',(#6015,#6025,#6034,#6042,#6051,#6059,#6068,#6076));
#6015 = ORIENTED_EDGE('',*,*,#6016,.F.);
#6016 = EDGE_CURVE('',#6017,#6019,#6021,.T.);
#6017 = VERTEX_POINT('',#6018);
#6018 = CARTESIAN_POINT('',(-0.8,-0.4,3.E-02));
#6019 = VERTEX_POINT('',#6020);
#6020 = CARTESIAN_POINT('',(-0.8,-0.4,0.77));
#6021 = LINE('',#6022,#6023);
#6022 = CARTESIAN_POINT('',(-0.8,-0.4,0.));
#6023 = VECTOR('',#6024,1.);
#6024 = DIRECTION('',(0.,0.,1.));
#6025 = ORIENTED_EDGE('',*,*,#6026,.T.);
#6026 = EDGE_CURVE('',#6017,#6027,#6029,.T.);
#6027 = VERTEX_POINT('',#6028);
#6028 = CARTESIAN_POINT('',(-0.8,-0.37,0.));
#6029 = CIRCLE('',#6030,3.E-02);
#6030 = AXIS2_PLACEMENT_3D('',#6031,#6032,#6033);
#6031 = CARTESIAN_POINT('',(-0.8,-0.37,3.E-02));
#6032 = DIRECTION('',(1.,0.,-0.));
#6033 = DIRECTION('',(0.,0.,1.));
#6034 = ORIENTED_EDGE('',*,*,#6035,.T.);
#6035 = EDGE_CURVE('',#6027,#6036,#6038,.T.);
#6036 = VERTEX_POINT('',#6037);
#6037 = CARTESIAN_POINT('',(-0.8,0.37,0.));
#6038 = LINE('',#6039,#6040);
#6039 = CARTESIAN_POINT('',(-0.8,-0.4,0.));
#6040 = VECTOR('',#6041,1.);
#6041 = DIRECTION('',(0.,1.,0.));
#6042 = ORIENTED_EDGE('',*,*,#6043,.F.);
#6043 = EDGE_CURVE('',#6044,#6036,#6046,.T.);
#6044 = VERTEX_POINT('',#6045);
#6045 = CARTESIAN_POINT('',(-0.8,0.4,3.E-02));
#6046 = CIRCLE('',#6047,3.E-02);
#6047 = AXIS2_PLACEMENT_3D('',#6048,#6049,#6050);
#6048 = CARTESIAN_POINT('',(-0.8,0.37,3.E-02));
#6049 = DIRECTION('',(-1.,0.,0.));
#6050 = DIRECTION('',(0.,0.,1.));
#6051 = ORIENTED_EDGE('',*,*,#6052,.T.);
#6052 = EDGE_CURVE('',#6044,#6053,#6055,.T.);
#6053 = VERTEX_POINT('',#6054);
#6054 = CARTESIAN_POINT('',(-0.8,0.4,0.77));
#6055 = LINE('',#6056,#6057);
#6056 = CARTESIAN_POINT('',(-0.8,0.4,0.));
#6057 = VECTOR('',#6058,1.);
#6058 = DIRECTION('',(0.,0.,1.));
#6059 = ORIENTED_EDGE('',*,*,#6060,.T.);
#6060 = EDGE_CURVE('',#6053,#6061,#6063,.T.);
#6061 = VERTEX_POINT('',#6062);
#6062 = CARTESIAN_POINT('',(-0.8,0.37,0.8));
#6063 = CIRCLE('',#6064,3.E-02);
#6064 = AXIS2_PLACEMENT_3D('',#6065,#6066,#6067);
#6065 = CARTESIAN_POINT('',(-0.8,0.37,0.77));
#6066 = DIRECTION('',(1.,0.,-0.));
#6067 = DIRECTION('',(0.,0.,1.));
#6068 = ORIENTED_EDGE('',*,*,#6069,.F.);
#6069 = EDGE_CURVE('',#6070,#6061,#6072,.T.);
#6070 = VERTEX_POINT('',#6071);
#6071 = CARTESIAN_POINT('',(-0.8,-0.37,0.8));
#6072 = LINE('',#6073,#6074);
#6073 = CARTESIAN_POINT('',(-0.8,-0.4,0.8));
#6074 = VECTOR('',#6075,1.);
#6075 = DIRECTION('',(0.,1.,0.));
#6076 = ORIENTED_EDGE('',*,*,#6077,.F.);
#6077 = EDGE_CURVE('',#6019,#6070,#6078,.T.);
#6078 = CIRCLE('',#6079,3.E-02);
#6079 = AXIS2_PLACEMENT_3D('',#6080,#6081,#6082);
#6080 = CARTESIAN_POINT('',(-0.8,-0.37,0.77));
#6081 = DIRECTION('',(-1.,0.,0.));
#6082 = DIRECTION('',(0.,0.,1.));
#6083 = PLANE('',#6084);
#6084 = AXIS2_PLACEMENT_3D('',#6085,#6086,#6087);
#6085 = CARTESIAN_POINT('',(-0.8,-0.4,0.));
#6086 = DIRECTION('',(1.,0.,0.));
#6087 = DIRECTION('',(0.,0.,1.));
#6088 = ADVANCED_FACE('',(#6089),#6114,.F.);
#6089 = FACE_BOUND('',#6090,.F.);
#6090 = EDGE_LOOP('',(#6091,#6101,#6107,#6108));
#6091 = ORIENTED_EDGE('',*,*,#6092,.F.);
#6092 = EDGE_CURVE('',#6093,#6095,#6097,.T.);
#6093 = VERTEX_POINT('',#6094);
#6094 = CARTESIAN_POINT('',(-0.5,-0.4,3.E-02));
#6095 = VERTEX_POINT('',#6096);
#6096 = CARTESIAN_POINT('',(-0.5,-0.4,0.77));
#6097 = LINE('',#6098,#6099);
#6098 = CARTESIAN_POINT('',(-0.5,-0.4,0.));
#6099 = VECTOR('',#6100,1.);
#6100 = DIRECTION('',(0.,0.,1.));
#6101 = ORIENTED_EDGE('',*,*,#6102,.F.);
#6102 = EDGE_CURVE('',#6017,#6093,#6103,.T.);
#6103 = LINE('',#6104,#6105);
#6104 = CARTESIAN_POINT('',(-0.8,-0.4,3.E-02));
#6105 = VECTOR('',#6106,1.);
#6106 = DIRECTION('',(1.,0.,0.));
#6107 = ORIENTED_EDGE('',*,*,#6016,.T.);
#6108 = ORIENTED_EDGE('',*,*,#6109,.T.);
#6109 = EDGE_CURVE('',#6019,#6095,#6110,.T.);
#6110 = LINE('',#6111,#6112);
#6111 = CARTESIAN_POINT('',(-0.8,-0.4,0.77));
#6112 = VECTOR('',#6113,1.);
#6113 = DIRECTION('',(1.,0.,0.));
#6114 = PLANE('',#6115);
#6115 = AXIS2_PLACEMENT_3D('',#6116,#6117,#6118);
#6116 = CARTESIAN_POINT('',(-0.8,-0.4,0.));
#6117 = DIRECTION('',(0.,1.,0.));
#6118 = DIRECTION('',(0.,-0.,1.));
#6119 = ADVANCED_FACE('',(#6120),#6139,.T.);
#6120 = FACE_BOUND('',#6121,.T.);
#6121 = EDGE_LOOP('',(#6122,#6123,#6131,#6138));
#6122 = ORIENTED_EDGE('',*,*,#6026,.T.);
#6123 = ORIENTED_EDGE('',*,*,#6124,.T.);
#6124 = EDGE_CURVE('',#6027,#6125,#6127,.T.);
#6125 = VERTEX_POINT('',#6126);
#6126 = CARTESIAN_POINT('',(-0.5,-0.37,0.));
#6127 = LINE('',#6128,#6129);
#6128 = CARTESIAN_POINT('',(-0.8,-0.37,0.));
#6129 = VECTOR('',#6130,1.);
#6130 = DIRECTION('',(1.,0.,0.));
#6131 = ORIENTED_EDGE('',*,*,#6132,.F.);
#6132 = EDGE_CURVE('',#6093,#6125,#6133,.T.);
#6133 = CIRCLE('',#6134,3.E-02);
#6134 = AXIS2_PLACEMENT_3D('',#6135,#6136,#6137);
#6135 = CARTESIAN_POINT('',(-0.5,-0.37,3.E-02));
#6136 = DIRECTION('',(1.,0.,-0.));
#6137 = DIRECTION('',(0.,0.,1.));
#6138 = ORIENTED_EDGE('',*,*,#6102,.F.);
#6139 = CYLINDRICAL_SURFACE('',#6140,3.E-02);
#6140 = AXIS2_PLACEMENT_3D('',#6141,#6142,#6143);
#6141 = CARTESIAN_POINT('',(-0.8,-0.37,3.E-02));
#6142 = DIRECTION('',(1.,0.,0.));
#6143 = DIRECTION('',(0.,-1.,0.));
#6144 = ADVANCED_FACE('',(#6145),#6164,.T.);
#6145 = FACE_BOUND('',#6146,.T.);
#6146 = EDGE_LOOP('',(#6147,#6148,#6157,#6163));
#6147 = ORIENTED_EDGE('',*,*,#6109,.T.);
#6148 = ORIENTED_EDGE('',*,*,#6149,.T.);
#6149 = EDGE_CURVE('',#6095,#6150,#6152,.T.);
#6150 = VERTEX_POINT('',#6151);
#6151 = CARTESIAN_POINT('',(-0.5,-0.37,0.8));
#6152 = CIRCLE('',#6153,3.E-02);
#6153 = AXIS2_PLACEMENT_3D('',#6154,#6155,#6156);
#6154 = CARTESIAN_POINT('',(-0.5,-0.37,0.77));
#6155 = DIRECTION('',(-1.,0.,0.));
#6156 = DIRECTION('',(0.,0.,1.));
#6157 = ORIENTED_EDGE('',*,*,#6158,.F.);
#6158 = EDGE_CURVE('',#6070,#6150,#6159,.T.);
#6159 = LINE('',#6160,#6161);
#6160 = CARTESIAN_POINT('',(-0.8,-0.37,0.8));
#6161 = VECTOR('',#6162,1.);
#6162 = DIRECTION('',(1.,0.,0.));
#6163 = ORIENTED_EDGE('',*,*,#6077,.F.);
#6164 = CYLINDRICAL_SURFACE('',#6165,3.E-02);
#6165 = AXIS2_PLACEMENT_3D('',#6166,#6167,#6168);
#6166 = CARTESIAN_POINT('',(-0.8,-0.37,0.77));
#6167 = DIRECTION('',(1.,0.,0.));
#6168 = DIRECTION('',(0.,-1.,0.));
#6169 = ADVANCED_FACE('',(#6170),#6188,.F.);
#6170 = FACE_BOUND('',#6171,.F.);
#6171 = EDGE_LOOP('',(#6172,#6173,#6174,#6182));
#6172 = ORIENTED_EDGE('',*,*,#6035,.F.);
#6173 = ORIENTED_EDGE('',*,*,#6124,.T.);
#6174 = ORIENTED_EDGE('',*,*,#6175,.T.);
#6175 = EDGE_CURVE('',#6125,#6176,#6178,.T.);
#6176 = VERTEX_POINT('',#6177);
#6177 = CARTESIAN_POINT('',(-0.5,0.37,0.));
#6178 = LINE('',#6179,#6180);
#6179 = CARTESIAN_POINT('',(-0.5,-0.4,0.));
#6180 = VECTOR('',#6181,1.);
#6181 = DIRECTION('',(0.,1.,0.));
#6182 = ORIENTED_EDGE('',*,*,#6183,.F.);
#6183 = EDGE_CURVE('',#6036,#6176,#6184,.T.);
#6184 = LINE('',#6185,#6186);
#6185 = CARTESIAN_POINT('',(-0.8,0.37,0.));
#6186 = VECTOR('',#6187,1.);
#6187 = DIRECTION('',(1.,0.,0.));
#6188 = PLANE('',#6189);
#6189 = AXIS2_PLACEMENT_3D('',#6190,#6191,#6192);
#6190 = CARTESIAN_POINT('',(-0.8,-0.4,0.));
#6191 = DIRECTION('',(0.,0.,1.));
#6192 = DIRECTION('',(1.,0.,-0.));
#6193 = ADVANCED_FACE('',(#6194),#6212,.T.);
#6194 = FACE_BOUND('',#6195,.T.);
#6195 = EDGE_LOOP('',(#6196,#6197,#6198,#6206));
#6196 = ORIENTED_EDGE('',*,*,#6069,.F.);
#6197 = ORIENTED_EDGE('',*,*,#6158,.T.);
#6198 = ORIENTED_EDGE('',*,*,#6199,.T.);
#6199 = EDGE_CURVE('',#6150,#6200,#6202,.T.);
#6200 = VERTEX_POINT('',#6201);
#6201 = CARTESIAN_POINT('',(-0.5,0.37,0.8));
#6202 = LINE('',#6203,#6204);
#6203 = CARTESIAN_POINT('',(-0.5,-0.4,0.8));
#6204 = VECTOR('',#6205,1.);
#6205 = DIRECTION('',(0.,1.,0.));
#6206 = ORIENTED_EDGE('',*,*,#6207,.F.);
#6207 = EDGE_CURVE('',#6061,#6200,#6208,.T.);
#6208 = LINE('',#6209,#6210);
#6209 = CARTESIAN_POINT('',(-0.8,0.37,0.8));
#6210 = VECTOR('',#6211,1.);
#6211 = DIRECTION('',(1.,0.,0.));
#6212 = PLANE('',#6213);
#6213 = AXIS2_PLACEMENT_3D('',#6214,#6215,#6216);
#6214 = CARTESIAN_POINT('',(-0.8,-0.4,0.8));
#6215 = DIRECTION('',(0.,0.,1.));
#6216 = DIRECTION('',(1.,0.,-0.));
#6217 = ADVANCED_FACE('',(#6218),#6237,.T.);
#6218 = FACE_BOUND('',#6219,.T.);
#6219 = EDGE_LOOP('',(#6220,#6228,#6235,#6236));
#6220 = ORIENTED_EDGE('',*,*,#6221,.T.);
#6221 = EDGE_CURVE('',#6044,#6222,#6224,.T.);
#6222 = VERTEX_POINT('',#6223);
#6223 = CARTESIAN_POINT('',(-0.5,0.4,3.E-02));
#6224 = LINE('',#6225,#6226);
#6225 = CARTESIAN_POINT('',(-0.8,0.4,3.E-02));
#6226 = VECTOR('',#6227,1.);
#6227 = DIRECTION('',(1.,0.,0.));
#6228 = ORIENTED_EDGE('',*,*,#6229,.T.);
#6229 = EDGE_CURVE('',#6222,#6176,#6230,.T.);
#6230 = CIRCLE('',#6231,3.E-02);
#6231 = AXIS2_PLACEMENT_3D('',#6232,#6233,#6234);
#6232 = CARTESIAN_POINT('',(-0.5,0.37,3.E-02));
#6233 = DIRECTION('',(-1.,0.,0.));
#6234 = DIRECTION('',(0.,0.,1.));
#6235 = ORIENTED_EDGE('',*,*,#6183,.F.);
#6236 = ORIENTED_EDGE('',*,*,#6043,.F.);
#6237 = CYLINDRICAL_SURFACE('',#6238,3.E-02);
#6238 = AXIS2_PLACEMENT_3D('',#6239,#6240,#6241);
#6239 = CARTESIAN_POINT('',(-0.8,0.37,3.E-02));
#6240 = DIRECTION('',(1.,0.,0.));
#6241 = DIRECTION('',(-0.,1.,0.));
#6242 = ADVANCED_FACE('',(#6243),#6262,.T.);
#6243 = FACE_BOUND('',#6244,.T.);
#6244 = EDGE_LOOP('',(#6245,#6246,#6247,#6256));
#6245 = ORIENTED_EDGE('',*,*,#6060,.T.);
#6246 = ORIENTED_EDGE('',*,*,#6207,.T.);
#6247 = ORIENTED_EDGE('',*,*,#6248,.F.);
#6248 = EDGE_CURVE('',#6249,#6200,#6251,.T.);
#6249 = VERTEX_POINT('',#6250);
#6250 = CARTESIAN_POINT('',(-0.5,0.4,0.77));
#6251 = CIRCLE('',#6252,3.E-02);
#6252 = AXIS2_PLACEMENT_3D('',#6253,#6254,#6255);
#6253 = CARTESIAN_POINT('',(-0.5,0.37,0.77));
#6254 = DIRECTION('',(1.,0.,-0.));
#6255 = DIRECTION('',(0.,0.,1.));
#6256 = ORIENTED_EDGE('',*,*,#6257,.F.);
#6257 = EDGE_CURVE('',#6053,#6249,#6258,.T.);
#6258 = LINE('',#6259,#6260);
#6259 = CARTESIAN_POINT('',(-0.8,0.4,0.77));
#6260 = VECTOR('',#6261,1.);
#6261 = DIRECTION('',(1.,0.,0.));
#6262 = CYLINDRICAL_SURFACE('',#6263,3.E-02);
#6263 = AXIS2_PLACEMENT_3D('',#6264,#6265,#6266);
#6264 = CARTESIAN_POINT('',(-0.8,0.37,0.77));
#6265 = DIRECTION('',(1.,0.,0.));
#6266 = DIRECTION('',(-0.,1.,0.));
#6267 = ADVANCED_FACE('',(#6268),#6279,.T.);
#6268 = FACE_BOUND('',#6269,.T.);
#6269 = EDGE_LOOP('',(#6270,#6276,#6277,#6278));
#6270 = ORIENTED_EDGE('',*,*,#6271,.F.);
#6271 = EDGE_CURVE('',#6222,#6249,#6272,.T.);
#6272 = LINE('',#6273,#6274);
#6273 = CARTESIAN_POINT('',(-0.5,0.4,0.));
#6274 = VECTOR('',#6275,1.);
#6275 = DIRECTION('',(0.,0.,1.));
#6276 = ORIENTED_EDGE('',*,*,#6221,.F.);
#6277 = ORIENTED_EDGE('',*,*,#6052,.T.);
#6278 = ORIENTED_EDGE('',*,*,#6257,.T.);
#6279 = PLANE('',#6280);
#6280 = AXIS2_PLACEMENT_3D('',#6281,#6282,#6283);
#6281 = CARTESIAN_POINT('',(-0.8,0.4,0.));
#6282 = DIRECTION('',(0.,1.,0.));
#6283 = DIRECTION('',(0.,-0.,1.));
#6284 = ADVANCED_FACE('',(#6285,#6295),#6365,.T.);
#6285 = FACE_BOUND('',#6286,.T.);
#6286 = EDGE_LOOP('',(#6287,#6288,#6289,#6290,#6291,#6292,#6293,#6294));
#6287 = ORIENTED_EDGE('',*,*,#6092,.F.);
#6288 = ORIENTED_EDGE('',*,*,#6132,.T.);
#6289 = ORIENTED_EDGE('',*,*,#6175,.T.);
#6290 = ORIENTED_EDGE('',*,*,#6229,.F.);
#6291 = ORIENTED_EDGE('',*,*,#6271,.T.);
#6292 = ORIENTED_EDGE('',*,*,#6248,.T.);
#6293 = ORIENTED_EDGE('',*,*,#6199,.F.);
#6294 = ORIENTED_EDGE('',*,*,#6149,.F.);
#6295 = FACE_BOUND('',#6296,.T.);
#6296 = EDGE_LOOP('',(#6297,#6308,#6316,#6325,#6333,#6342,#6350,#6359));
#6297 = ORIENTED_EDGE('',*,*,#6298,.F.);
#6298 = EDGE_CURVE('',#6299,#6301,#6303,.T.);
#6299 = VERTEX_POINT('',#6300);
#6300 = CARTESIAN_POINT('',(-0.5,-0.37,6.E-02));
#6301 = VERTEX_POINT('',#6302);
#6302 = CARTESIAN_POINT('',(-0.5,-0.34,3.E-02));
#6303 = CIRCLE('',#6304,3.E-02);
#6304 = AXIS2_PLACEMENT_3D('',#6305,#6306,#6307);
#6305 = CARTESIAN_POINT('',(-0.5,-0.34,6.E-02));
#6306 = DIRECTION('',(1.,0.,-0.));
#6307 = DIRECTION('',(0.,0.,1.));
#6308 = ORIENTED_EDGE('',*,*,#6309,.T.);
#6309 = EDGE_CURVE('',#6299,#6310,#6312,.T.);
#6310 = VERTEX_POINT('',#6311);
#6311 = CARTESIAN_POINT('',(-0.5,-0.37,0.74));
#6312 = LINE('',#6313,#6314);
#6313 = CARTESIAN_POINT('',(-0.5,-0.37,3.E-02));
#6314 = VECTOR('',#6315,1.);
#6315 = DIRECTION('',(0.,0.,1.));
#6316 = ORIENTED_EDGE('',*,*,#6317,.T.);
#6317 = EDGE_CURVE('',#6310,#6318,#6320,.T.);
#6318 = VERTEX_POINT('',#6319);
#6319 = CARTESIAN_POINT('',(-0.5,-0.34,0.77));
#6320 = CIRCLE('',#6321,3.E-02);
#6321 = AXIS2_PLACEMENT_3D('',#6322,#6323,#6324);
#6322 = CARTESIAN_POINT('',(-0.5,-0.34,0.74));
#6323 = DIRECTION('',(-1.,0.,0.));
#6324 = DIRECTION('',(0.,0.,1.));
#6325 = ORIENTED_EDGE('',*,*,#6326,.T.);
#6326 = EDGE_CURVE('',#6318,#6327,#6329,.T.);
#6327 = VERTEX_POINT('',#6328);
#6328 = CARTESIAN_POINT('',(-0.5,0.34,0.77));
#6329 = LINE('',#6330,#6331);
#6330 = CARTESIAN_POINT('',(-0.5,-0.37,0.77));
#6331 = VECTOR('',#6332,1.);
#6332 = DIRECTION('',(0.,1.,0.));
#6333 = ORIENTED_EDGE('',*,*,#6334,.F.);
#6334 = EDGE_CURVE('',#6335,#6327,#6337,.T.);
#6335 = VERTEX_POINT('',#6336);
#6336 = CARTESIAN_POINT('',(-0.5,0.37,0.74));
#6337 = CIRCLE('',#6338,3.E-02);
#6338 = AXIS2_PLACEMENT_3D('',#6339,#6340,#6341);
#6339 = CARTESIAN_POINT('',(-0.5,0.34,0.74));
#6340 = DIRECTION('',(1.,0.,-0.));
#6341 = DIRECTION('',(0.,0.,1.));
#6342 = ORIENTED_EDGE('',*,*,#6343,.F.);
#6343 = EDGE_CURVE('',#6344,#6335,#6346,.T.);
#6344 = VERTEX_POINT('',#6345);
#6345 = CARTESIAN_POINT('',(-0.5,0.37,6.E-02));
#6346 = LINE('',#6347,#6348);
#6347 = CARTESIAN_POINT('',(-0.5,0.37,3.E-02));
#6348 = VECTOR('',#6349,1.);
#6349 = DIRECTION('',(0.,0.,1.));
#6350 = ORIENTED_EDGE('',*,*,#6351,.T.);
#6351 = EDGE_CURVE('',#6344,#6352,#6354,.T.);
#6352 = VERTEX_POINT('',#6353);
#6353 = CARTESIAN_POINT('',(-0.5,0.34,3.E-02));
#6354 = CIRCLE('',#6355,3.E-02);
#6355 = AXIS2_PLACEMENT_3D('',#6356,#6357,#6358);
#6356 = CARTESIAN_POINT('',(-0.5,0.34,6.E-02));
#6357 = DIRECTION('',(-1.,0.,0.));
#6358 = DIRECTION('',(0.,0.,1.));
#6359 = ORIENTED_EDGE('',*,*,#6360,.F.);
#6360 = EDGE_CURVE('',#6301,#6352,#6361,.T.);
#6361 = LINE('',#6362,#6363);
#6362 = CARTESIAN_POINT('',(-0.5,-0.37,3.E-02));
#6363 = VECTOR('',#6364,1.);
#6364 = DIRECTION('',(0.,1.,0.));
#6365 = PLANE('',#6366);
#6366 = AXIS2_PLACEMENT_3D('',#6367,#6368,#6369);
#6367 = CARTESIAN_POINT('',(-0.5,-0.4,0.));
#6368 = DIRECTION('',(1.,0.,0.));
#6369 = DIRECTION('',(0.,0.,1.));
#6370 = ADVANCED_FACE('',(#6371),#6397,.T.);
#6371 = FACE_BOUND('',#6372,.T.);
#6372 = EDGE_LOOP('',(#6373,#6374,#6382,#6391));
#6373 = ORIENTED_EDGE('',*,*,#6298,.T.);
#6374 = ORIENTED_EDGE('',*,*,#6375,.T.);
#6375 = EDGE_CURVE('',#6301,#6376,#6378,.T.);
#6376 = VERTEX_POINT('',#6377);
#6377 = CARTESIAN_POINT('',(0.5,-0.34,3.E-02));
#6378 = LINE('',#6379,#6380);
#6379 = CARTESIAN_POINT('',(-0.5,-0.34,3.E-02));
#6380 = VECTOR('',#6381,1.);
#6381 = DIRECTION('',(1.,0.,0.));
#6382 = ORIENTED_EDGE('',*,*,#6383,.F.);
#6383 = EDGE_CURVE('',#6384,#6376,#6386,.T.);
#6384 = VERTEX_POINT('',#6385);
#6385 = CARTESIAN_POINT('',(0.5,-0.37,6.E-02));
#6386 = CIRCLE('',#6387,3.E-02);
#6387 = AXIS2_PLACEMENT_3D('',#6388,#6389,#6390);
#6388 = CARTESIAN_POINT('',(0.5,-0.34,6.E-02));
#6389 = DIRECTION('',(1.,0.,-0.));
#6390 = DIRECTION('',(0.,0.,1.));
#6391 = ORIENTED_EDGE('',*,*,#6392,.F.);
#6392 = EDGE_CURVE('',#6299,#6384,#6393,.T.);
#6393 = LINE('',#6394,#6395);
#6394 = CARTESIAN_POINT('',(-0.5,-0.37,6.E-02));
#6395 = VECTOR('',#6396,1.);
#6396 = DIRECTION('',(1.,0.,0.));
#6397 = CYLINDRICAL_SURFACE('',#6398,3.E-02);
#6398 = AXIS2_PLACEMENT_3D('',#6399,#6400,#6401);
#6399 = CARTESIAN_POINT('',(-0.5,-0.34,6.E-02));
#6400 = DIRECTION('',(1.,0.,0.));
#6401 = DIRECTION('',(0.,-1.,0.));
#6402 = ADVANCED_FACE('',(#6403),#6421,.F.);
#6403 = FACE_BOUND('',#6404,.F.);
#6404 = EDGE_LOOP('',(#6405,#6406,#6407,#6415));
#6405 = ORIENTED_EDGE('',*,*,#6360,.F.);
#6406 = ORIENTED_EDGE('',*,*,#6375,.T.);
#6407 = ORIENTED_EDGE('',*,*,#6408,.T.);
#6408 = EDGE_CURVE('',#6376,#6409,#6411,.T.);
#6409 = VERTEX_POINT('',#6410);
#6410 = CARTESIAN_POINT('',(0.5,0.34,3.E-02));
#6411 = LINE('',#6412,#6413);
#6412 = CARTESIAN_POINT('',(0.5,-0.37,3.E-02));
#6413 = VECTOR('',#6414,1.);
#6414 = DIRECTION('',(0.,1.,0.));
#6415 = ORIENTED_EDGE('',*,*,#6416,.F.);
#6416 = EDGE_CURVE('',#6352,#6409,#6417,.T.);
#6417 = LINE('',#6418,#6419);
#6418 = CARTESIAN_POINT('',(-0.5,0.34,3.E-02));
#6419 = VECTOR('',#6420,1.);
#6420 = DIRECTION('',(1.,0.,0.));
#6421 = PLANE('',#6422);
#6422 = AXIS2_PLACEMENT_3D('',#6423,#6424,#6425);
#6423 = CARTESIAN_POINT('',(-0.5,-0.37,3.E-02));
#6424 = DIRECTION('',(0.,0.,1.));
#6425 = DIRECTION('',(1.,0.,-0.));
#6426 = ADVANCED_FACE('',(#6427),#6446,.T.);
#6427 = FACE_BOUND('',#6428,.T.);
#6428 = EDGE_LOOP('',(#6429,#6437,#6444,#6445));
#6429 = ORIENTED_EDGE('',*,*,#6430,.T.);
#6430 = EDGE_CURVE('',#6344,#6431,#6433,.T.);
#6431 = VERTEX_POINT('',#6432);
#6432 = CARTESIAN_POINT('',(0.5,0.37,6.E-02));
#6433 = LINE('',#6434,#6435);
#6434 = CARTESIAN_POINT('',(-0.5,0.37,6.E-02));
#6435 = VECTOR('',#6436,1.);
#6436 = DIRECTION('',(1.,0.,0.));
#6437 = ORIENTED_EDGE('',*,*,#6438,.T.);
#6438 = EDGE_CURVE('',#6431,#6409,#6439,.T.);
#6439 = CIRCLE('',#6440,3.E-02);
#6440 = AXIS2_PLACEMENT_3D('',#6441,#6442,#6443);
#6441 = CARTESIAN_POINT('',(0.5,0.34,6.E-02));
#6442 = DIRECTION('',(-1.,0.,0.));
#6443 = DIRECTION('',(0.,0.,1.));
#6444 = ORIENTED_EDGE('',*,*,#6416,.F.);
#6445 = ORIENTED_EDGE('',*,*,#6351,.F.);
#6446 = CYLINDRICAL_SURFACE('',#6447,3.E-02);
#6447 = AXIS2_PLACEMENT_3D('',#6448,#6449,#6450);
#6448 = CARTESIAN_POINT('',(-0.5,0.34,6.E-02));
#6449 = DIRECTION('',(1.,0.,0.));
#6450 = DIRECTION('',(-0.,1.,0.));
#6451 = ADVANCED_FACE('',(#6452),#6470,.T.);
#6452 = FACE_BOUND('',#6453,.T.);
#6453 = EDGE_LOOP('',(#6454,#6462,#6463,#6464));
#6454 = ORIENTED_EDGE('',*,*,#6455,.F.);
#6455 = EDGE_CURVE('',#6431,#6456,#6458,.T.);
#6456 = VERTEX_POINT('',#6457);
#6457 = CARTESIAN_POINT('',(0.5,0.37,0.74));
#6458 = LINE('',#6459,#6460);
#6459 = CARTESIAN_POINT('',(0.5,0.37,3.E-02));
#6460 = VECTOR('',#6461,1.);
#6461 = DIRECTION('',(0.,0.,1.));
#6462 = ORIENTED_EDGE('',*,*,#6430,.F.);
#6463 = ORIENTED_EDGE('',*,*,#6343,.T.);
#6464 = ORIENTED_EDGE('',*,*,#6465,.T.);
#6465 = EDGE_CURVE('',#6335,#6456,#6466,.T.);
#6466 = LINE('',#6467,#6468);
#6467 = CARTESIAN_POINT('',(-0.5,0.37,0.74));
#6468 = VECTOR('',#6469,1.);
#6469 = DIRECTION('',(1.,0.,0.));
#6470 = PLANE('',#6471);
#6471 = AXIS2_PLACEMENT_3D('',#6472,#6473,#6474);
#6472 = CARTESIAN_POINT('',(-0.5,0.37,3.E-02));
#6473 = DIRECTION('',(0.,1.,0.));
#6474 = DIRECTION('',(0.,-0.,1.));
#6475 = ADVANCED_FACE('',(#6476),#6495,.T.);
#6476 = FACE_BOUND('',#6477,.T.);
#6477 = EDGE_LOOP('',(#6478,#6479,#6487,#6494));
#6478 = ORIENTED_EDGE('',*,*,#6334,.T.);
#6479 = ORIENTED_EDGE('',*,*,#6480,.T.);
#6480 = EDGE_CURVE('',#6327,#6481,#6483,.T.);
#6481 = VERTEX_POINT('',#6482);
#6482 = CARTESIAN_POINT('',(0.5,0.34,0.77));
#6483 = LINE('',#6484,#6485);
#6484 = CARTESIAN_POINT('',(-0.5,0.34,0.77));
#6485 = VECTOR('',#6486,1.);
#6486 = DIRECTION('',(1.,0.,0.));
#6487 = ORIENTED_EDGE('',*,*,#6488,.F.);
#6488 = EDGE_CURVE('',#6456,#6481,#6489,.T.);
#6489 = CIRCLE('',#6490,3.E-02);
#6490 = AXIS2_PLACEMENT_3D('',#6491,#6492,#6493);
#6491 = CARTESIAN_POINT('',(0.5,0.34,0.74));
#6492 = DIRECTION('',(1.,0.,-0.));
#6493 = DIRECTION('',(0.,0.,1.));
#6494 = ORIENTED_EDGE('',*,*,#6465,.F.);
#6495 = CYLINDRICAL_SURFACE('',#6496,3.E-02);
#6496 = AXIS2_PLACEMENT_3D('',#6497,#6498,#6499);
#6497 = CARTESIAN_POINT('',(-0.5,0.34,0.74));
#6498 = DIRECTION('',(1.,0.,0.));
#6499 = DIRECTION('',(-0.,1.,0.));
#6500 = ADVANCED_FACE('',(#6501),#6519,.T.);
#6501 = FACE_BOUND('',#6502,.T.);
#6502 = EDGE_LOOP('',(#6503,#6504,#6512,#6518));
#6503 = ORIENTED_EDGE('',*,*,#6326,.F.);
#6504 = ORIENTED_EDGE('',*,*,#6505,.T.);
#6505 = EDGE_CURVE('',#6318,#6506,#6508,.T.);
#6506 = VERTEX_POINT('',#6507);
#6507 = CARTESIAN_POINT('',(0.5,-0.34,0.77));
#6508 = LINE('',#6509,#6510);
#6509 = CARTESIAN_POINT('',(-0.5,-0.34,0.77));
#6510 = VECTOR('',#6511,1.);
#6511 = DIRECTION('',(1.,0.,0.));
#6512 = ORIENTED_EDGE('',*,*,#6513,.T.);
#6513 = EDGE_CURVE('',#6506,#6481,#6514,.T.);
#6514 = LINE('',#6515,#6516);
#6515 = CARTESIAN_POINT('',(0.5,-0.37,0.77));
#6516 = VECTOR('',#6517,1.);
#6517 = DIRECTION('',(0.,1.,0.));
#6518 = ORIENTED_EDGE('',*,*,#6480,.F.);
#6519 = PLANE('',#6520);
#6520 = AXIS2_PLACEMENT_3D('',#6521,#6522,#6523);
#6521 = CARTESIAN_POINT('',(-0.5,-0.37,0.77));
#6522 = DIRECTION('',(0.,0.,1.));
#6523 = DIRECTION('',(1.,0.,-0.));
#6524 = ADVANCED_FACE('',(#6525),#6544,.T.);
#6525 = FACE_BOUND('',#6526,.T.);
#6526 = EDGE_LOOP('',(#6527,#6535,#6542,#6543));
#6527 = ORIENTED_EDGE('',*,*,#6528,.T.);
#6528 = EDGE_CURVE('',#6310,#6529,#6531,.T.);
#6529 = VERTEX_POINT('',#6530);
#6530 = CARTESIAN_POINT('',(0.5,-0.37,0.74));
#6531 = LINE('',#6532,#6533);
#6532 = CARTESIAN_POINT('',(-0.5,-0.37,0.74));
#6533 = VECTOR('',#6534,1.);
#6534 = DIRECTION('',(1.,0.,0.));
#6535 = ORIENTED_EDGE('',*,*,#6536,.T.);
#6536 = EDGE_CURVE('',#6529,#6506,#6537,.T.);
#6537 = CIRCLE('',#6538,3.E-02);
#6538 = AXIS2_PLACEMENT_3D('',#6539,#6540,#6541);
#6539 = CARTESIAN_POINT('',(0.5,-0.34,0.74));
#6540 = DIRECTION('',(-1.,0.,0.));
#6541 = DIRECTION('',(0.,0.,1.));
#6542 = ORIENTED_EDGE('',*,*,#6505,.F.);
#6543 = ORIENTED_EDGE('',*,*,#6317,.F.);
#6544 = CYLINDRICAL_SURFACE('',#6545,3.E-02);
#6545 = AXIS2_PLACEMENT_3D('',#6546,#6547,#6548);
#6546 = CARTESIAN_POINT('',(-0.5,-0.34,0.74));
#6547 = DIRECTION('',(1.,0.,0.));
#6548 = DIRECTION('',(0.,-1.,0.));
#6549 = ADVANCED_FACE('',(#6550),#6561,.F.);
#6550 = FACE_BOUND('',#6551,.F.);
#6551 = EDGE_LOOP('',(#6552,#6558,#6559,#6560));
#6552 = ORIENTED_EDGE('',*,*,#6553,.F.);
#6553 = EDGE_CURVE('',#6384,#6529,#6554,.T.);
#6554 = LINE('',#6555,#6556);
#6555 = CARTESIAN_POINT('',(0.5,-0.37,3.E-02));
#6556 = VECTOR('',#6557,1.);
#6557 = DIRECTION('',(0.,0.,1.));
#6558 = ORIENTED_EDGE('',*,*,#6392,.F.);
#6559 = ORIENTED_EDGE('',*,*,#6309,.T.);
#6560 = ORIENTED_EDGE('',*,*,#6528,.T.);
#6561 = PLANE('',#6562);
#6562 = AXIS2_PLACEMENT_3D('',#6563,#6564,#6565);
#6563 = CARTESIAN_POINT('',(-0.5,-0.37,3.E-02));
#6564 = DIRECTION('',(0.,1.,0.));
#6565 = DIRECTION('',(0.,-0.,1.));
#6566 = ADVANCED_FACE('',(#6567,#6637),#6647,.F.);
#6567 = FACE_BOUND('',#6568,.F.);
#6568 = EDGE_LOOP('',(#6569,#6579,#6588,#6596,#6605,#6613,#6622,#6630));
#6569 = ORIENTED_EDGE('',*,*,#6570,.F.);
#6570 = EDGE_CURVE('',#6571,#6573,#6575,.T.);
#6571 = VERTEX_POINT('',#6572);
#6572 = CARTESIAN_POINT('',(0.5,-0.4,3.E-02));
#6573 = VERTEX_POINT('',#6574);
#6574 = CARTESIAN_POINT('',(0.5,-0.4,0.77));
#6575 = LINE('',#6576,#6577);
#6576 = CARTESIAN_POINT('',(0.5,-0.4,0.));
#6577 = VECTOR('',#6578,1.);
#6578 = DIRECTION('',(0.,0.,1.));
#6579 = ORIENTED_EDGE('',*,*,#6580,.T.);
#6580 = EDGE_CURVE('',#6571,#6581,#6583,.T.);
#6581 = VERTEX_POINT('',#6582);
#6582 = CARTESIAN_POINT('',(0.5,-0.37,0.));
#6583 = CIRCLE('',#6584,3.E-02);
#6584 = AXIS2_PLACEMENT_3D('',#6585,#6586,#6587);
#6585 = CARTESIAN_POINT('',(0.5,-0.37,3.E-02));
#6586 = DIRECTION('',(1.,0.,-0.));
#6587 = DIRECTION('',(0.,0.,1.));
#6588 = ORIENTED_EDGE('',*,*,#6589,.T.);
#6589 = EDGE_CURVE('',#6581,#6590,#6592,.T.);
#6590 = VERTEX_POINT('',#6591);
#6591 = CARTESIAN_POINT('',(0.5,0.37,0.));
#6592 = LINE('',#6593,#6594);
#6593 = CARTESIAN_POINT('',(0.5,-0.4,0.));
#6594 = VECTOR('',#6595,1.);
#6595 = DIRECTION('',(0.,1.,0.));
#6596 = ORIENTED_EDGE('',*,*,#6597,.F.);
#6597 = EDGE_CURVE('',#6598,#6590,#6600,.T.);
#6598 = VERTEX_POINT('',#6599);
#6599 = CARTESIAN_POINT('',(0.5,0.4,3.E-02));
#6600 = CIRCLE('',#6601,3.E-02);
#6601 = AXIS2_PLACEMENT_3D('',#6602,#6603,#6604);
#6602 = CARTESIAN_POINT('',(0.5,0.37,3.E-02));
#6603 = DIRECTION('',(-1.,0.,0.));
#6604 = DIRECTION('',(0.,0.,1.));
#6605 = ORIENTED_EDGE('',*,*,#6606,.T.);
#6606 = EDGE_CURVE('',#6598,#6607,#6609,.T.);
#6607 = VERTEX_POINT('',#6608);
#6608 = CARTESIAN_POINT('',(0.5,0.4,0.77));
#6609 = LINE('',#6610,#6611);
#6610 = CARTESIAN_POINT('',(0.5,0.4,0.));
#6611 = VECTOR('',#6612,1.);
#6612 = DIRECTION('',(0.,0.,1.));
#6613 = ORIENTED_EDGE('',*,*,#6614,.T.);
#6614 = EDGE_CURVE('',#6607,#6615,#6617,.T.);
#6615 = VERTEX_POINT('',#6616);
#6616 = CARTESIAN_POINT('',(0.5,0.37,0.8));
#6617 = CIRCLE('',#6618,3.E-02);
#6618 = AXIS2_PLACEMENT_3D('',#6619,#6620,#6621);
#6619 = CARTESIAN_POINT('',(0.5,0.37,0.77));
#6620 = DIRECTION('',(1.,0.,-0.));
#6621 = DIRECTION('',(0.,0.,1.));
#6622 = ORIENTED_EDGE('',*,*,#6623,.F.);
#6623 = EDGE_CURVE('',#6624,#6615,#6626,.T.);
#6624 = VERTEX_POINT('',#6625);
#6625 = CARTESIAN_POINT('',(0.5,-0.37,0.8));
#6626 = LINE('',#6627,#6628);
#6627 = CARTESIAN_POINT('',(0.5,-0.4,0.8));
#6628 = VECTOR('',#6629,1.);
#6629 = DIRECTION('',(0.,1.,0.));
#6630 = ORIENTED_EDGE('',*,*,#6631,.F.);
#6631 = EDGE_CURVE('',#6573,#6624,#6632,.T.);
#6632 = CIRCLE('',#6633,3.E-02);
#6633 = AXIS2_PLACEMENT_3D('',#6634,#6635,#6636);
#6634 = CARTESIAN_POINT('',(0.5,-0.37,0.77));
#6635 = DIRECTION('',(-1.,0.,0.));
#6636 = DIRECTION('',(0.,0.,1.));
#6637 = FACE_BOUND('',#6638,.F.);
#6638 = EDGE_LOOP('',(#6639,#6640,#6641,#6642,#6643,#6644,#6645,#6646));
#6639 = ORIENTED_EDGE('',*,*,#6383,.F.);
#6640 = ORIENTED_EDGE('',*,*,#6553,.T.);
#6641 = ORIENTED_EDGE('',*,*,#6536,.T.);
#6642 = ORIENTED_EDGE('',*,*,#6513,.T.);
#6643 = ORIENTED_EDGE('',*,*,#6488,.F.);
#6644 = ORIENTED_EDGE('',*,*,#6455,.F.);
#6645 = ORIENTED_EDGE('',*,*,#6438,.T.);
#6646 = ORIENTED_EDGE('',*,*,#6408,.F.);
#6647 = PLANE('',#6648);
#6648 = AXIS2_PLACEMENT_3D('',#6649,#6650,#6651);
#6649 = CARTESIAN_POINT('',(0.5,-0.4,0.));
#6650 = DIRECTION('',(1.,0.,0.));
#6651 = DIRECTION('',(0.,0.,1.));
#6652 = ADVANCED_FACE('',(#6653),#6678,.F.);
#6653 = FACE_BOUND('',#6654,.F.);
#6654 = EDGE_LOOP('',(#6655,#6665,#6671,#6672));
#6655 = ORIENTED_EDGE('',*,*,#6656,.F.);
#6656 = EDGE_CURVE('',#6657,#6659,#6661,.T.);
#6657 = VERTEX_POINT('',#6658);
#6658 = CARTESIAN_POINT('',(0.8,-0.4,3.E-02));
#6659 = VERTEX_POINT('',#6660);
#6660 = CARTESIAN_POINT('',(0.8,-0.4,0.77));
#6661 = LINE('',#6662,#6663);
#6662 = CARTESIAN_POINT('',(0.8,-0.4,0.));
#6663 = VECTOR('',#6664,1.);
#6664 = DIRECTION('',(0.,0.,1.));
#6665 = ORIENTED_EDGE('',*,*,#6666,.F.);
#6666 = EDGE_CURVE('',#6571,#6657,#6667,.T.);
#6667 = LINE('',#6668,#6669);
#6668 = CARTESIAN_POINT('',(0.5,-0.4,3.E-02));
#6669 = VECTOR('',#6670,1.);
#6670 = DIRECTION('',(1.,0.,0.));
#6671 = ORIENTED_EDGE('',*,*,#6570,.T.);
#6672 = ORIENTED_EDGE('',*,*,#6673,.T.);
#6673 = EDGE_CURVE('',#6573,#6659,#6674,.T.);
#6674 = LINE('',#6675,#6676);
#6675 = CARTESIAN_POINT('',(0.5,-0.4,0.77));
#6676 = VECTOR('',#6677,1.);
#6677 = DIRECTION('',(1.,0.,0.));
#6678 = PLANE('',#6679);
#6679 = AXIS2_PLACEMENT_3D('',#6680,#6681,#6682);
#6680 = CARTESIAN_POINT('',(0.5,-0.4,0.));
#6681 = DIRECTION('',(0.,1.,0.));
#6682 = DIRECTION('',(0.,-0.,1.));
#6683 = ADVANCED_FACE('',(#6684),#6703,.T.);
#6684 = FACE_BOUND('',#6685,.T.);
#6685 = EDGE_LOOP('',(#6686,#6687,#6695,#6702));
#6686 = ORIENTED_EDGE('',*,*,#6580,.T.);
#6687 = ORIENTED_EDGE('',*,*,#6688,.T.);
#6688 = EDGE_CURVE('',#6581,#6689,#6691,.T.);
#6689 = VERTEX_POINT('',#6690);
#6690 = CARTESIAN_POINT('',(0.8,-0.37,0.));
#6691 = LINE('',#6692,#6693);
#6692 = CARTESIAN_POINT('',(0.5,-0.37,0.));
#6693 = VECTOR('',#6694,1.);
#6694 = DIRECTION('',(1.,0.,0.));
#6695 = ORIENTED_EDGE('',*,*,#6696,.F.);
#6696 = EDGE_CURVE('',#6657,#6689,#6697,.T.);
#6697 = CIRCLE('',#6698,3.E-02);
#6698 = AXIS2_PLACEMENT_3D('',#6699,#6700,#6701);
#6699 = CARTESIAN_POINT('',(0.8,-0.37,3.E-02));
#6700 = DIRECTION('',(1.,0.,-0.));
#6701 = DIRECTION('',(0.,0.,1.));
#6702 = ORIENTED_EDGE('',*,*,#6666,.F.);
#6703 = CYLINDRICAL_SURFACE('',#6704,3.E-02);
#6704 = AXIS2_PLACEMENT_3D('',#6705,#6706,#6707);
#6705 = CARTESIAN_POINT('',(0.5,-0.37,3.E-02));
#6706 = DIRECTION('',(1.,0.,0.));
#6707 = DIRECTION('',(0.,-1.,0.));
#6708 = ADVANCED_FACE('',(#6709),#6728,.T.);
#6709 = FACE_BOUND('',#6710,.T.);
#6710 = EDGE_LOOP('',(#6711,#6712,#6721,#6727));
#6711 = ORIENTED_EDGE('',*,*,#6673,.T.);
#6712 = ORIENTED_EDGE('',*,*,#6713,.T.);
#6713 = EDGE_CURVE('',#6659,#6714,#6716,.T.);
#6714 = VERTEX_POINT('',#6715);
#6715 = CARTESIAN_POINT('',(0.8,-0.37,0.8));
#6716 = CIRCLE('',#6717,3.E-02);
#6717 = AXIS2_PLACEMENT_3D('',#6718,#6719,#6720);
#6718 = CARTESIAN_POINT('',(0.8,-0.37,0.77));
#6719 = DIRECTION('',(-1.,0.,0.));
#6720 = DIRECTION('',(0.,0.,1.));
#6721 = ORIENTED_EDGE('',*,*,#6722,.F.);
#6722 = EDGE_CURVE('',#6624,#6714,#6723,.T.);
#6723 = LINE('',#6724,#6725);
#6724 = CARTESIAN_POINT('',(0.5,-0.37,0.8));
#6725 = VECTOR('',#6726,1.);
#6726 = DIRECTION('',(1.,0.,0.));
#6727 = ORIENTED_EDGE('',*,*,#6631,.F.);
#6728 = CYLINDRICAL_SURFACE('',#6729,3.E-02);
#6729 = AXIS2_PLACEMENT_3D('',#6730,#6731,#6732);
#6730 = CARTESIAN_POINT('',(0.5,-0.37,0.77));
#6731 = DIRECTION('',(1.,0.,0.));
#6732 = DIRECTION('',(0.,-1.,0.));
#6733 = ADVANCED_FACE('',(#6734),#6752,.F.);
#6734 = FACE_BOUND('',#6735,.F.);
#6735 = EDGE_LOOP('',(#6736,#6737,#6738,#6746));
#6736 = ORIENTED_EDGE('',*,*,#6589,.F.);
#6737 = ORIENTED_EDGE('',*,*,#6688,.T.);
#6738 = ORIENTED_EDGE('',*,*,#6739,.T.);
#6739 = EDGE_CURVE('',#6689,#6740,#6742,.T.);
#6740 = VERTEX_POINT('',#6741);
#6741 = CARTESIAN_POINT('',(0.8,0.37,0.));
#6742 = LINE('',#6743,#6744);
#6743 = CARTESIAN_POINT('',(0.8,-0.4,0.));
#6744 = VECTOR('',#6745,1.);
#6745 = DIRECTION('',(0.,1.,0.));
#6746 = ORIENTED_EDGE('',*,*,#6747,.F.);
#6747 = EDGE_CURVE('',#6590,#6740,#6748,.T.);
#6748 = LINE('',#6749,#6750);
#6749 = CARTESIAN_POINT('',(0.5,0.37,0.));
#6750 = VECTOR('',#6751,1.);
#6751 = DIRECTION('',(1.,0.,0.));
#6752 = PLANE('',#6753);
#6753 = AXIS2_PLACEMENT_3D('',#6754,#6755,#6756);
#6754 = CARTESIAN_POINT('',(0.5,-0.4,0.));
#6755 = DIRECTION('',(0.,0.,1.));
#6756 = DIRECTION('',(1.,0.,-0.));
#6757 = ADVANCED_FACE('',(#6758),#6776,.T.);
#6758 = FACE_BOUND('',#6759,.T.);
#6759 = EDGE_LOOP('',(#6760,#6761,#6762,#6770));
#6760 = ORIENTED_EDGE('',*,*,#6623,.F.);
#6761 = ORIENTED_EDGE('',*,*,#6722,.T.);
#6762 = ORIENTED_EDGE('',*,*,#6763,.T.);
#6763 = EDGE_CURVE('',#6714,#6764,#6766,.T.);
#6764 = VERTEX_POINT('',#6765);
#6765 = CARTESIAN_POINT('',(0.8,0.37,0.8));
#6766 = LINE('',#6767,#6768);
#6767 = CARTESIAN_POINT('',(0.8,-0.4,0.8));
#6768 = VECTOR('',#6769,1.);
#6769 = DIRECTION('',(0.,1.,0.));
#6770 = ORIENTED_EDGE('',*,*,#6771,.F.);
#6771 = EDGE_CURVE('',#6615,#6764,#6772,.T.);
#6772 = LINE('',#6773,#6774);
#6773 = CARTESIAN_POINT('',(0.5,0.37,0.8));
#6774 = VECTOR('',#6775,1.);
#6775 = DIRECTION('',(1.,0.,0.));
#6776 = PLANE('',#6777);
#6777 = AXIS2_PLACEMENT_3D('',#6778,#6779,#6780);
#6778 = CARTESIAN_POINT('',(0.5,-0.4,0.8));
#6779 = DIRECTION('',(0.,0.,1.));
#6780 = DIRECTION('',(1.,0.,-0.));
#6781 = ADVANCED_FACE('',(#6782),#6801,.T.);
#6782 = FACE_BOUND('',#6783,.T.);
#6783 = EDGE_LOOP('',(#6784,#6792,#6799,#6800));
#6784 = ORIENTED_EDGE('',*,*,#6785,.T.);
#6785 = EDGE_CURVE('',#6598,#6786,#6788,.T.);
#6786 = VERTEX_POINT('',#6787);
#6787 = CARTESIAN_POINT('',(0.8,0.4,3.E-02));
#6788 = LINE('',#6789,#6790);
#6789 = CARTESIAN_POINT('',(0.5,0.4,3.E-02));
#6790 = VECTOR('',#6791,1.);
#6791 = DIRECTION('',(1.,0.,0.));
#6792 = ORIENTED_EDGE('',*,*,#6793,.T.);
#6793 = EDGE_CURVE('',#6786,#6740,#6794,.T.);
#6794 = CIRCLE('',#6795,3.E-02);
#6795 = AXIS2_PLACEMENT_3D('',#6796,#6797,#6798);
#6796 = CARTESIAN_POINT('',(0.8,0.37,3.E-02));
#6797 = DIRECTION('',(-1.,0.,0.));
#6798 = DIRECTION('',(0.,0.,1.));
#6799 = ORIENTED_EDGE('',*,*,#6747,.F.);
#6800 = ORIENTED_EDGE('',*,*,#6597,.F.);
#6801 = CYLINDRICAL_SURFACE('',#6802,3.E-02);
#6802 = AXIS2_PLACEMENT_3D('',#6803,#6804,#6805);
#6803 = CARTESIAN_POINT('',(0.5,0.37,3.E-02));
#6804 = DIRECTION('',(1.,0.,0.));
#6805 = DIRECTION('',(-0.,1.,0.));
#6806 = ADVANCED_FACE('',(#6807),#6826,.T.);
#6807 = FACE_BOUND('',#6808,.T.);
#6808 = EDGE_LOOP('',(#6809,#6810,#6811,#6820));
#6809 = ORIENTED_EDGE('',*,*,#6614,.T.);
#6810 = ORIENTED_EDGE('',*,*,#6771,.T.);
#6811 = ORIENTED_EDGE('',*,*,#6812,.F.);
#6812 = EDGE_CURVE('',#6813,#6764,#6815,.T.);
#6813 = VERTEX_POINT('',#6814);
#6814 = CARTESIAN_POINT('',(0.8,0.4,0.77));
#6815 = CIRCLE('',#6816,3.E-02);
#6816 = AXIS2_PLACEMENT_3D('',#6817,#6818,#6819);
#6817 = CARTESIAN_POINT('',(0.8,0.37,0.77));
#6818 = DIRECTION('',(1.,0.,-0.));
#6819 = DIRECTION('',(0.,0.,1.));
#6820 = ORIENTED_EDGE('',*,*,#6821,.F.);
#6821 = EDGE_CURVE('',#6607,#6813,#6822,.T.);
#6822 = LINE('',#6823,#6824);
#6823 = CARTESIAN_POINT('',(0.5,0.4,0.77));
#6824 = VECTOR('',#6825,1.);
#6825 = DIRECTION('',(1.,0.,0.));
#6826 = CYLINDRICAL_SURFACE('',#6827,3.E-02);
#6827 = AXIS2_PLACEMENT_3D('',#6828,#6829,#6830);
#6828 = CARTESIAN_POINT('',(0.5,0.37,0.77));
#6829 = DIRECTION('',(1.,0.,0.));
#6830 = DIRECTION('',(-0.,1.,0.));
#6831 = ADVANCED_FACE('',(#6832),#6843,.T.);
#6832 = FACE_BOUND('',#6833,.T.);
#6833 = EDGE_LOOP('',(#6834,#6840,#6841,#6842));
#6834 = ORIENTED_EDGE('',*,*,#6835,.F.);
#6835 = EDGE_CURVE('',#6786,#6813,#6836,.T.);
#6836 = LINE('',#6837,#6838);
#6837 = CARTESIAN_POINT('',(0.8,0.4,0.));
#6838 = VECTOR('',#6839,1.);
#6839 = DIRECTION('',(0.,0.,1.));
#6840 = ORIENTED_EDGE('',*,*,#6785,.F.);
#6841 = ORIENTED_EDGE('',*,*,#6606,.T.);
#6842 = ORIENTED_EDGE('',*,*,#6821,.T.);
#6843 = PLANE('',#6844);
#6844 = AXIS2_PLACEMENT_3D('',#6845,#6846,#6847);
#6845 = CARTESIAN_POINT('',(0.5,0.4,0.));
#6846 = DIRECTION('',(0.,1.,0.));
#6847 = DIRECTION('',(0.,-0.,1.));
#6848 = ADVANCED_FACE('',(#6849),#6859,.T.);
#6849 = FACE_BOUND('',#6850,.T.);
#6850 = EDGE_LOOP('',(#6851,#6852,#6853,#6854,#6855,#6856,#6857,#6858));
#6851 = ORIENTED_EDGE('',*,*,#6656,.F.);
#6852 = ORIENTED_EDGE('',*,*,#6696,.T.);
#6853 = ORIENTED_EDGE('',*,*,#6739,.T.);
#6854 = ORIENTED_EDGE('',*,*,#6793,.F.);
#6855 = ORIENTED_EDGE('',*,*,#6835,.T.);
#6856 = ORIENTED_EDGE('',*,*,#6812,.T.);
#6857 = ORIENTED_EDGE('',*,*,#6763,.F.);
#6858 = ORIENTED_EDGE('',*,*,#6713,.F.);
#6859 = PLANE('',#6860);
#6860 = AXIS2_PLACEMENT_3D('',#6861,#6862,#6863);
#6861 = CARTESIAN_POINT('',(0.8,-0.4,0.));
#6862 = DIRECTION('',(1.,0.,0.));
#6863 = DIRECTION('',(0.,0.,1.));
#6864 = ( GEOMETRIC_REPRESENTATION_CONTEXT(3) 
GLOBAL_UNCERTAINTY_ASSIGNED_CONTEXT((#6868)) 
GLOBAL_UNIT_ASSIGNED_CONTEXT((#6865,#6866,#6867)) REPRESENTATION_CONTEXT
('Context #1','3D Context with UNIT and UNCERTAINTY') );
#6865 = ( LENGTH_UNIT() NAMED_UNIT(*) SI_UNIT(.MILLI.,.METRE.) );
#6866 = ( NAMED_UNIT(*) PLANE_ANGLE_UNIT() SI_UNIT($,.RADIAN.) );
#6867 = ( NAMED_UNIT(*) SI_UNIT($,.STERADIAN.) SOLID_ANGLE_UNIT() );
#6868 = UNCERTAINTY_MEASURE_WITH_UNIT(LENGTH_MEASURE(1.E-07),#6865,
  'distance_accuracy_value','confusion accuracy');
#6869 = CONTEXT_DEPENDENT_SHAPE_REPRESENTATION(#6870,#6872);
#6870 = ( REPRESENTATION_RELATIONSHIP('','',#6009,#10) 
REPRESENTATION_RELATIONSHIP_WITH_TRANSFORMATION(#6871) 
SHAPE_REPRESENTATION_RELATIONSHIP() );
#6871 = ITEM_DEFINED_TRANSFORMATION('','',#11,#31);
#6872 = PRODUCT_DEFINITION_SHAPE('Placement','Placement of an item',
  #6873);
#6873 = NEXT_ASSEMBLY_USAGE_OCCURRENCE('5','C1','',#5,#6004,$);
#6874 = PRODUCT_RELATED_PRODUCT_CATEGORY('part',$,(#6006));
#6875 = SHAPE_DEFINITION_REPRESENTATION(#6876,#6882);
#6876 = PRODUCT_DEFINITION_SHAPE('','',#6877);
#6877 = PRODUCT_DEFINITION('design','',#6878,#6881);
#6878 = PRODUCT_DEFINITION_FORMATION('','',#6879);
#6879 = PRODUCT('PinHeader_1x02_P2.54mm_Vertical',
  'PinHeader_1x02_P2.54mm_Vertical','',(#6880));
#6880 = PRODUCT_CONTEXT('',#2,'mechanical');
#6881 = PRODUCT_DEFINITION_CONTEXT('part definition',#2,'design');
#6882 = ADVANCED_BREP_SHAPE_REPRESENTATION('',(#11,#6883),#8315);
#6883 = MANIFOLD_SOLID_BREP('',#6884);
#6884 = CLOSED_SHELL('',(#6885,#6925,#6956,#6987,#7152,#7317,#7334,#7351
    ,#7368,#7385,#7402,#7419,#7436,#7453,#7470,#7487,#7499,#7530,#7554,
    #7578,#7595,#7626,#7650,#7674,#7691,#7722,#7746,#7770,#7787,#7818,
    #7842,#7866,#7883,#7914,#7938,#7962,#7979,#8010,#8034,#8058,#8075,
    #8106,#8130,#8154,#8171,#8202,#8226,#8250,#8267,#8279,#8291,#8303));
#6885 = ADVANCED_FACE('',(#6886),#6920,.F.);
#6886 = FACE_BOUND('',#6887,.F.);
#6887 = EDGE_LOOP('',(#6888,#6898,#6906,#6914));
#6888 = ORIENTED_EDGE('',*,*,#6889,.T.);
#6889 = EDGE_CURVE('',#6890,#6892,#6894,.T.);
#6890 = VERTEX_POINT('',#6891);
#6891 = CARTESIAN_POINT('',(-1.016,1.27,0.));
#6892 = VERTEX_POINT('',#6893);
#6893 = CARTESIAN_POINT('',(-1.016,1.27,2.54));
#6894 = LINE('',#6895,#6896);
#6895 = CARTESIAN_POINT('',(-1.016,1.27,0.));
#6896 = VECTOR('',#6897,1.);
#6897 = DIRECTION('',(0.,0.,1.));
#6898 = ORIENTED_EDGE('',*,*,#6899,.T.);
#6899 = EDGE_CURVE('',#6892,#6900,#6902,.T.);
#6900 = VERTEX_POINT('',#6901);
#6901 = CARTESIAN_POINT('',(-1.27,1.016,2.54));
#6902 = LINE('',#6903,#6904);
#6903 = CARTESIAN_POINT('',(-1.016,1.27,2.54));
#6904 = VECTOR('',#6905,1.);
#6905 = DIRECTION('',(-0.707106781187,-0.707106781187,0.));
#6906 = ORIENTED_EDGE('',*,*,#6907,.F.);
#6907 = EDGE_CURVE('',#6908,#6900,#6910,.T.);
#6908 = VERTEX_POINT('',#6909);
#6909 = CARTESIAN_POINT('',(-1.27,1.016,0.));
#6910 = LINE('',#6911,#6912);
#6911 = CARTESIAN_POINT('',(-1.27,1.016,0.));
#6912 = VECTOR('',#6913,1.);
#6913 = DIRECTION('',(0.,0.,1.));
#6914 = ORIENTED_EDGE('',*,*,#6915,.F.);
#6915 = EDGE_CURVE('',#6890,#6908,#6916,.T.);
#6916 = LINE('',#6917,#6918);
#6917 = CARTESIAN_POINT('',(-1.016,1.27,0.));
#6918 = VECTOR('',#6919,1.);
#6919 = DIRECTION('',(-0.707106781187,-0.707106781187,0.));
#6920 = PLANE('',#6921);
#6921 = AXIS2_PLACEMENT_3D('',#6922,#6923,#6924);
#6922 = CARTESIAN_POINT('',(-1.016,1.27,0.));
#6923 = DIRECTION('',(0.707106781187,-0.707106781187,0.));
#6924 = DIRECTION('',(-0.707106781187,-0.707106781187,0.));
#6925 = ADVANCED_FACE('',(#6926),#6951,.F.);
#6926 = FACE_BOUND('',#6927,.F.);
#6927 = EDGE_LOOP('',(#6928,#6938,#6944,#6945));
#6928 = ORIENTED_EDGE('',*,*,#6929,.T.);
#6929 = EDGE_CURVE('',#6930,#6932,#6934,.T.);
#6930 = VERTEX_POINT('',#6931);
#6931 = CARTESIAN_POINT('',(1.016,1.27,0.));
#6932 = VERTEX_POINT('',#6933);
#6933 = CARTESIAN_POINT('',(1.016,1.27,2.54));
#6934 = LINE('',#6935,#6936);
#6935 = CARTESIAN_POINT('',(1.016,1.27,0.));
#6936 = VECTOR('',#6937,1.);
#6937 = DIRECTION('',(0.,0.,1.));
#6938 = ORIENTED_EDGE('',*,*,#6939,.T.);
#6939 = EDGE_CURVE('',#6932,#6892,#6940,.T.);
#6940 = LINE('',#6941,#6942);
#6941 = CARTESIAN_POINT('',(1.016,1.27,2.54));
#6942 = VECTOR('',#6943,1.);
#6943 = DIRECTION('',(-1.,0.,0.));
#6944 = ORIENTED_EDGE('',*,*,#6889,.F.);
#6945 = ORIENTED_EDGE('',*,*,#6946,.F.);
#6946 = EDGE_CURVE('',#6930,#6890,#6947,.T.);
#6947 = LINE('',#6948,#6949);
#6948 = CARTESIAN_POINT('',(1.016,1.27,0.));
#6949 = VECTOR('',#6950,1.);
#6950 = DIRECTION('',(-1.,0.,0.));
#6951 = PLANE('',#6952);
#6952 = AXIS2_PLACEMENT_3D('',#6953,#6954,#6955);
#6953 = CARTESIAN_POINT('',(1.016,1.27,0.));
#6954 = DIRECTION('',(0.,-1.,0.));
#6955 = DIRECTION('',(-1.,0.,0.));
#6956 = ADVANCED_FACE('',(#6957),#6982,.F.);
#6957 = FACE_BOUND('',#6958,.F.);
#6958 = EDGE_LOOP('',(#6959,#6960,#6968,#6976));
#6959 = ORIENTED_EDGE('',*,*,#6907,.T.);
#6960 = ORIENTED_EDGE('',*,*,#6961,.T.);
#6961 = EDGE_CURVE('',#6900,#6962,#6964,.T.);
#6962 = VERTEX_POINT('',#6963);
#6963 = CARTESIAN_POINT('',(-1.27,-1.016,2.54));
#6964 = LINE('',#6965,#6966);
#6965 = CARTESIAN_POINT('',(-1.27,1.016,2.54));
#6966 = VECTOR('',#6967,1.);
#6967 = DIRECTION('',(0.,-1.,0.));
#6968 = ORIENTED_EDGE('',*,*,#6969,.F.);
#6969 = EDGE_CURVE('',#6970,#6962,#6972,.T.);
#6970 = VERTEX_POINT('',#6971);
#6971 = CARTESIAN_POINT('',(-1.27,-1.016,0.));
#6972 = LINE('',#6973,#6974);
#6973 = CARTESIAN_POINT('',(-1.27,-1.016,0.));
#6974 = VECTOR('',#6975,1.);
#6975 = DIRECTION('',(0.,0.,1.));
#6976 = ORIENTED_EDGE('',*,*,#6977,.F.);
#6977 = EDGE_CURVE('',#6908,#6970,#6978,.T.);
#6978 = LINE('',#6979,#6980);
#6979 = CARTESIAN_POINT('',(-1.27,1.016,0.));
#6980 = VECTOR('',#6981,1.);
#6981 = DIRECTION('',(0.,-1.,0.));
#6982 = PLANE('',#6983);
#6983 = AXIS2_PLACEMENT_3D('',#6984,#6985,#6986);
#6984 = CARTESIAN_POINT('',(-1.27,1.016,0.));
#6985 = DIRECTION('',(1.,0.,0.));
#6986 = DIRECTION('',(0.,-1.,0.));
#6987 = ADVANCED_FACE('',(#6988,#7079,#7113),#7147,.F.);
#6988 = FACE_BOUND('',#6989,.F.);
#6989 = EDGE_LOOP('',(#6990,#6991,#6992,#7000,#7008,#7016,#7024,#7032,
    #7040,#7048,#7056,#7064,#7072,#7078));
#6990 = ORIENTED_EDGE('',*,*,#6915,.T.);
#6991 = ORIENTED_EDGE('',*,*,#6977,.T.);
#6992 = ORIENTED_EDGE('',*,*,#6993,.T.);
#6993 = EDGE_CURVE('',#6970,#6994,#6996,.T.);
#6994 = VERTEX_POINT('',#6995);
#6995 = CARTESIAN_POINT('',(-1.016,-1.27,0.));
#6996 = LINE('',#6997,#6998);
#6997 = CARTESIAN_POINT('',(-1.27,-1.016,0.));
#6998 = VECTOR('',#6999,1.);
#6999 = DIRECTION('',(0.707106781187,-0.707106781187,0.));
#7000 = ORIENTED_EDGE('',*,*,#7001,.T.);
#7001 = EDGE_CURVE('',#6994,#7002,#7004,.T.);
#7002 = VERTEX_POINT('',#7003);
#7003 = CARTESIAN_POINT('',(-1.27,-1.524,0.));
#7004 = LINE('',#7005,#7006);
#7005 = CARTESIAN_POINT('',(-1.016,-1.27,0.));
#7006 = VECTOR('',#7007,1.);
#7007 = DIRECTION('',(-0.707106781187,-0.707106781187,0.));
#7008 = ORIENTED_EDGE('',*,*,#7009,.T.);
#7009 = EDGE_CURVE('',#7002,#7010,#7012,.T.);
#7010 = VERTEX_POINT('',#7011);
#7011 = CARTESIAN_POINT('',(-1.27,-3.556,0.));
#7012 = LINE('',#7013,#7014);
#7013 = CARTESIAN_POINT('',(-1.27,-1.524,0.));
#7014 = VECTOR('',#7015,1.);
#7015 = DIRECTION('',(0.,-1.,0.));
#7016 = ORIENTED_EDGE('',*,*,#7017,.T.);
#7017 = EDGE_CURVE('',#7010,#7018,#7020,.T.);
#7018 = VERTEX_POINT('',#7019);
#7019 = CARTESIAN_POINT('',(-1.016,-3.81,0.));
#7020 = LINE('',#7021,#7022);
#7021 = CARTESIAN_POINT('',(-1.27,-3.556,0.));
#7022 = VECTOR('',#7023,1.);
#7023 = DIRECTION('',(0.707106781187,-0.707106781187,0.));
#7024 = ORIENTED_EDGE('',*,*,#7025,.T.);
#7025 = EDGE_CURVE('',#7018,#7026,#7028,.T.);
#7026 = VERTEX_POINT('',#7027);
#7027 = CARTESIAN_POINT('',(1.016,-3.81,0.));
#7028 = LINE('',#7029,#7030);
#7029 = CARTESIAN_POINT('',(-1.016,-3.81,0.));
#7030 = VECTOR('',#7031,1.);
#7031 = DIRECTION('',(1.,0.,0.));
#7032 = ORIENTED_EDGE('',*,*,#7033,.T.);
#7033 = EDGE_CURVE('',#7026,#7034,#7036,.T.);
#7034 = VERTEX_POINT('',#7035);
#7035 = CARTESIAN_POINT('',(1.27,-3.556,0.));
#7036 = LINE('',#7037,#7038);
#7037 = CARTESIAN_POINT('',(1.016,-3.81,0.));
#7038 = VECTOR('',#7039,1.);
#7039 = DIRECTION('',(0.707106781187,0.707106781187,0.));
#7040 = ORIENTED_EDGE('',*,*,#7041,.T.);
#7041 = EDGE_CURVE('',#7034,#7042,#7044,.T.);
#7042 = VERTEX_POINT('',#7043);
#7043 = CARTESIAN_POINT('',(1.27,-1.524,0.));
#7044 = LINE('',#7045,#7046);
#7045 = CARTESIAN_POINT('',(1.27,-3.556,0.));
#7046 = VECTOR('',#7047,1.);
#7047 = DIRECTION('',(0.,1.,0.));
#7048 = ORIENTED_EDGE('',*,*,#7049,.T.);
#7049 = EDGE_CURVE('',#7042,#7050,#7052,.T.);
#7050 = VERTEX_POINT('',#7051);
#7051 = CARTESIAN_POINT('',(1.016,-1.27,0.));
#7052 = LINE('',#7053,#7054);
#7053 = CARTESIAN_POINT('',(1.27,-1.524,0.));
#7054 = VECTOR('',#7055,1.);
#7055 = DIRECTION('',(-0.707106781187,0.707106781187,0.));
#7056 = ORIENTED_EDGE('',*,*,#7057,.T.);
#7057 = EDGE_CURVE('',#7050,#7058,#7060,.T.);
#7058 = VERTEX_POINT('',#7059);
#7059 = CARTESIAN_POINT('',(1.27,-1.016,0.));
#7060 = LINE('',#7061,#7062);
#7061 = CARTESIAN_POINT('',(1.016,-1.27,0.));
#7062 = VECTOR('',#7063,1.);
#7063 = DIRECTION('',(0.707106781187,0.707106781187,0.));
#7064 = ORIENTED_EDGE('',*,*,#7065,.T.);
#7065 = EDGE_CURVE('',#7058,#7066,#7068,.T.);
#7066 = VERTEX_POINT('',#7067);
#7067 = CARTESIAN_POINT('',(1.27,1.016,0.));
#7068 = LINE('',#7069,#7070);
#7069 = CARTESIAN_POINT('',(1.27,-1.016,0.));
#7070 = VECTOR('',#7071,1.);
#7071 = DIRECTION('',(0.,1.,0.));
#7072 = ORIENTED_EDGE('',*,*,#7073,.T.);
#7073 = EDGE_CURVE('',#7066,#6930,#7074,.T.);
#7074 = LINE('',#7075,#7076);
#7075 = CARTESIAN_POINT('',(1.27,1.016,0.));
#7076 = VECTOR('',#7077,1.);
#7077 = DIRECTION('',(-0.707106781187,0.707106781187,0.));
#7078 = ORIENTED_EDGE('',*,*,#6946,.T.);
#7079 = FACE_BOUND('',#7080,.F.);
#7080 = EDGE_LOOP('',(#7081,#7091,#7099,#7107));
#7081 = ORIENTED_EDGE('',*,*,#7082,.T.);
#7082 = EDGE_CURVE('',#7083,#7085,#7087,.T.);
#7083 = VERTEX_POINT('',#7084);
#7084 = CARTESIAN_POINT('',(0.32,-0.32,0.));
#7085 = VERTEX_POINT('',#7086);
#7086 = CARTESIAN_POINT('',(-0.32,-0.32,0.));
#7087 = LINE('',#7088,#7089);
#7088 = CARTESIAN_POINT('',(-0.16,-0.32,0.));
#7089 = VECTOR('',#7090,1.);
#7090 = DIRECTION('',(-1.,0.,0.));
#7091 = ORIENTED_EDGE('',*,*,#7092,.T.);
#7092 = EDGE_CURVE('',#7085,#7093,#7095,.T.);
#7093 = VERTEX_POINT('',#7094);
#7094 = CARTESIAN_POINT('',(-0.32,0.32,0.));
#7095 = LINE('',#7096,#7097);
#7096 = CARTESIAN_POINT('',(-0.32,-0.795,0.));
#7097 = VECTOR('',#7098,1.);
#7098 = DIRECTION('',(0.,1.,0.));
#7099 = ORIENTED_EDGE('',*,*,#7100,.F.);
#7100 = EDGE_CURVE('',#7101,#7093,#7103,.T.);
#7101 = VERTEX_POINT('',#7102);
#7102 = CARTESIAN_POINT('',(0.32,0.32,0.));
#7103 = LINE('',#7104,#7105);
#7104 = CARTESIAN_POINT('',(-0.16,0.32,0.));
#7105 = VECTOR('',#7106,1.);
#7106 = DIRECTION('',(-1.,0.,0.));
#7107 = ORIENTED_EDGE('',*,*,#7108,.F.);
#7108 = EDGE_CURVE('',#7083,#7101,#7109,.T.);
#7109 = LINE('',#7110,#7111);
#7110 = CARTESIAN_POINT('',(0.32,-0.795,0.));
#7111 = VECTOR('',#7112,1.);
#7112 = DIRECTION('',(0.,1.,0.));
#7113 = FACE_BOUND('',#7114,.F.);
#7114 = EDGE_LOOP('',(#7115,#7125,#7133,#7141));
#7115 = ORIENTED_EDGE('',*,*,#7116,.T.);
#7116 = EDGE_CURVE('',#7117,#7119,#7121,.T.);
#7117 = VERTEX_POINT('',#7118);
#7118 = CARTESIAN_POINT('',(0.32,-2.86,0.));
#7119 = VERTEX_POINT('',#7120);
#7120 = CARTESIAN_POINT('',(-0.32,-2.86,0.));
#7121 = LINE('',#7122,#7123);
#7122 = CARTESIAN_POINT('',(-0.16,-2.86,0.));
#7123 = VECTOR('',#7124,1.);
#7124 = DIRECTION('',(-1.,0.,0.));
#7125 = ORIENTED_EDGE('',*,*,#7126,.T.);
#7126 = EDGE_CURVE('',#7119,#7127,#7129,.T.);
#7127 = VERTEX_POINT('',#7128);
#7128 = CARTESIAN_POINT('',(-0.32,-2.22,0.));
#7129 = LINE('',#7130,#7131);
#7130 = CARTESIAN_POINT('',(-0.32,-2.065,0.));
#7131 = VECTOR('',#7132,1.);
#7132 = DIRECTION('',(0.,1.,0.));
#7133 = ORIENTED_EDGE('',*,*,#7134,.F.);
#7134 = EDGE_CURVE('',#7135,#7127,#7137,.T.);
#7135 = VERTEX_POINT('',#7136);
#7136 = CARTESIAN_POINT('',(0.32,-2.22,0.));
#7137 = LINE('',#7138,#7139);
#7138 = CARTESIAN_POINT('',(-0.16,-2.22,0.));
#7139 = VECTOR('',#7140,1.);
#7140 = DIRECTION('',(-1.,0.,0.));
#7141 = ORIENTED_EDGE('',*,*,#7142,.F.);
#7142 = EDGE_CURVE('',#7117,#7135,#7143,.T.);
#7143 = LINE('',#7144,#7145);
#7144 = CARTESIAN_POINT('',(0.32,-2.065,0.));
#7145 = VECTOR('',#7146,1.);
#7146 = DIRECTION('',(0.,1.,0.));
#7147 = PLANE('',#7148);
#7148 = AXIS2_PLACEMENT_3D('',#7149,#7150,#7151);
#7149 = CARTESIAN_POINT('',(1.473843703412E-17,-1.27,0.));
#7150 = DIRECTION('',(0.,0.,1.));
#7151 = DIRECTION('',(1.,0.,-0.));
#7152 = ADVANCED_FACE('',(#7153,#7244,#7278),#7312,.T.);
#7153 = FACE_BOUND('',#7154,.T.);
#7154 = EDGE_LOOP('',(#7155,#7156,#7157,#7165,#7173,#7181,#7189,#7197,
    #7205,#7213,#7221,#7229,#7237,#7243));
#7155 = ORIENTED_EDGE('',*,*,#6899,.T.);
#7156 = ORIENTED_EDGE('',*,*,#6961,.T.);
#7157 = ORIENTED_EDGE('',*,*,#7158,.T.);
#7158 = EDGE_CURVE('',#6962,#7159,#7161,.T.);
#7159 = VERTEX_POINT('',#7160);
#7160 = CARTESIAN_POINT('',(-1.016,-1.27,2.54));
#7161 = LINE('',#7162,#7163);
#7162 = CARTESIAN_POINT('',(-1.27,-1.016,2.54));
#7163 = VECTOR('',#7164,1.);
#7164 = DIRECTION('',(0.707106781187,-0.707106781187,0.));
#7165 = ORIENTED_EDGE('',*,*,#7166,.T.);
#7166 = EDGE_CURVE('',#7159,#7167,#7169,.T.);
#7167 = VERTEX_POINT('',#7168);
#7168 = CARTESIAN_POINT('',(-1.27,-1.524,2.54));
#7169 = LINE('',#7170,#7171);
#7170 = CARTESIAN_POINT('',(-1.016,-1.27,2.54));
#7171 = VECTOR('',#7172,1.);
#7172 = DIRECTION('',(-0.707106781187,-0.707106781187,0.));
#7173 = ORIENTED_EDGE('',*,*,#7174,.T.);
#7174 = EDGE_CURVE('',#7167,#7175,#7177,.T.);
#7175 = VERTEX_POINT('',#7176);
#7176 = CARTESIAN_POINT('',(-1.27,-3.556,2.54));
#7177 = LINE('',#7178,#7179);
#7178 = CARTESIAN_POINT('',(-1.27,-1.524,2.54));
#7179 = VECTOR('',#7180,1.);
#7180 = DIRECTION('',(0.,-1.,0.));
#7181 = ORIENTED_EDGE('',*,*,#7182,.T.);
#7182 = EDGE_CURVE('',#7175,#7183,#7185,.T.);
#7183 = VERTEX_POINT('',#7184);
#7184 = CARTESIAN_POINT('',(-1.016,-3.81,2.54));
#7185 = LINE('',#7186,#7187);
#7186 = CARTESIAN_POINT('',(-1.27,-3.556,2.54));
#7187 = VECTOR('',#7188,1.);
#7188 = DIRECTION('',(0.707106781187,-0.707106781187,0.));
#7189 = ORIENTED_EDGE('',*,*,#7190,.T.);
#7190 = EDGE_CURVE('',#7183,#7191,#7193,.T.);
#7191 = VERTEX_POINT('',#7192);
#7192 = CARTESIAN_POINT('',(1.016,-3.81,2.54));
#7193 = LINE('',#7194,#7195);
#7194 = CARTESIAN_POINT('',(-1.016,-3.81,2.54));
#7195 = VECTOR('',#7196,1.);
#7196 = DIRECTION('',(1.,0.,0.));
#7197 = ORIENTED_EDGE('',*,*,#7198,.T.);
#7198 = EDGE_CURVE('',#7191,#7199,#7201,.T.);
#7199 = VERTEX_POINT('',#7200);
#7200 = CARTESIAN_POINT('',(1.27,-3.556,2.54));
#7201 = LINE('',#7202,#7203);
#7202 = CARTESIAN_POINT('',(1.016,-3.81,2.54));
#7203 = VECTOR('',#7204,1.);
#7204 = DIRECTION('',(0.707106781187,0.707106781187,0.));
#7205 = ORIENTED_EDGE('',*,*,#7206,.T.);
#7206 = EDGE_CURVE('',#7199,#7207,#7209,.T.);
#7207 = VERTEX_POINT('',#7208);
#7208 = CARTESIAN_POINT('',(1.27,-1.524,2.54));
#7209 = LINE('',#7210,#7211);
#7210 = CARTESIAN_POINT('',(1.27,-3.556,2.54));
#7211 = VECTOR('',#7212,1.);
#7212 = DIRECTION('',(0.,1.,0.));
#7213 = ORIENTED_EDGE('',*,*,#7214,.T.);
#7214 = EDGE_CURVE('',#7207,#7215,#7217,.T.);
#7215 = VERTEX_POINT('',#7216);
#7216 = CARTESIAN_POINT('',(1.016,-1.27,2.54));
#7217 = LINE('',#7218,#7219);
#7218 = CARTESIAN_POINT('',(1.27,-1.524,2.54));
#7219 = VECTOR('',#7220,1.);
#7220 = DIRECTION('',(-0.707106781187,0.707106781187,0.));
#7221 = ORIENTED_EDGE('',*,*,#7222,.T.);
#7222 = EDGE_CURVE('',#7215,#7223,#7225,.T.);
#7223 = VERTEX_POINT('',#7224);
#7224 = CARTESIAN_POINT('',(1.27,-1.016,2.54));
#7225 = LINE('',#7226,#7227);
#7226 = CARTESIAN_POINT('',(1.016,-1.27,2.54));
#7227 = VECTOR('',#7228,1.);
#7228 = DIRECTION('',(0.707106781187,0.707106781187,0.));
#7229 = ORIENTED_EDGE('',*,*,#7230,.T.);
#7230 = EDGE_CURVE('',#7223,#7231,#7233,.T.);
#7231 = VERTEX_POINT('',#7232);
#7232 = CARTESIAN_POINT('',(1.27,1.016,2.54));
#7233 = LINE('',#7234,#7235);
#7234 = CARTESIAN_POINT('',(1.27,-1.016,2.54));
#7235 = VECTOR('',#7236,1.);
#7236 = DIRECTION('',(0.,1.,0.));
#7237 = ORIENTED_EDGE('',*,*,#7238,.T.);
#7238 = EDGE_CURVE('',#7231,#6932,#7239,.T.);
#7239 = LINE('',#7240,#7241);
#7240 = CARTESIAN_POINT('',(1.27,1.016,2.54));
#7241 = VECTOR('',#7242,1.);
#7242 = DIRECTION('',(-0.707106781187,0.707106781187,0.));
#7243 = ORIENTED_EDGE('',*,*,#6939,.T.);
#7244 = FACE_BOUND('',#7245,.T.);
#7245 = EDGE_LOOP('',(#7246,#7256,#7264,#7272));
#7246 = ORIENTED_EDGE('',*,*,#7247,.T.);
#7247 = EDGE_CURVE('',#7248,#7250,#7252,.T.);
#7248 = VERTEX_POINT('',#7249);
#7249 = CARTESIAN_POINT('',(0.32,-0.32,2.54));
#7250 = VERTEX_POINT('',#7251);
#7251 = CARTESIAN_POINT('',(-0.32,-0.32,2.54));
#7252 = LINE('',#7253,#7254);
#7253 = CARTESIAN_POINT('',(-0.16,-0.32,2.54));
#7254 = VECTOR('',#7255,1.);
#7255 = DIRECTION('',(-1.,0.,0.));
#7256 = ORIENTED_EDGE('',*,*,#7257,.T.);
#7257 = EDGE_CURVE('',#7250,#7258,#7260,.T.);
#7258 = VERTEX_POINT('',#7259);
#7259 = CARTESIAN_POINT('',(-0.32,0.32,2.54));
#7260 = LINE('',#7261,#7262);
#7261 = CARTESIAN_POINT('',(-0.32,-0.795,2.54));
#7262 = VECTOR('',#7263,1.);
#7263 = DIRECTION('',(0.,1.,0.));
#7264 = ORIENTED_EDGE('',*,*,#7265,.F.);
#7265 = EDGE_CURVE('',#7266,#7258,#7268,.T.);
#7266 = VERTEX_POINT('',#7267);
#7267 = CARTESIAN_POINT('',(0.32,0.32,2.54));
#7268 = LINE('',#7269,#7270);
#7269 = CARTESIAN_POINT('',(-0.16,0.32,2.54));
#7270 = VECTOR('',#7271,1.);
#7271 = DIRECTION('',(-1.,0.,0.));
#7272 = ORIENTED_EDGE('',*,*,#7273,.F.);
#7273 = EDGE_CURVE('',#7248,#7266,#7274,.T.);
#7274 = LINE('',#7275,#7276);
#7275 = CARTESIAN_POINT('',(0.32,-0.795,2.54));
#7276 = VECTOR('',#7277,1.);
#7277 = DIRECTION('',(0.,1.,0.));
#7278 = FACE_BOUND('',#7279,.T.);
#7279 = EDGE_LOOP('',(#7280,#7290,#7298,#7306));
#7280 = ORIENTED_EDGE('',*,*,#7281,.T.);
#7281 = EDGE_CURVE('',#7282,#7284,#7286,.T.);
#7282 = VERTEX_POINT('',#7283);
#7283 = CARTESIAN_POINT('',(0.32,-2.86,2.54));
#7284 = VERTEX_POINT('',#7285);
#7285 = CARTESIAN_POINT('',(-0.32,-2.86,2.54));
#7286 = LINE('',#7287,#7288);
#7287 = CARTESIAN_POINT('',(-0.16,-2.86,2.54));
#7288 = VECTOR('',#7289,1.);
#7289 = DIRECTION('',(-1.,0.,0.));
#7290 = ORIENTED_EDGE('',*,*,#7291,.T.);
#7291 = EDGE_CURVE('',#7284,#7292,#7294,.T.);
#7292 = VERTEX_POINT('',#7293);
#7293 = CARTESIAN_POINT('',(-0.32,-2.22,2.54));
#7294 = LINE('',#7295,#7296);
#7295 = CARTESIAN_POINT('',(-0.32,-2.065,2.54));
#7296 = VECTOR('',#7297,1.);
#7297 = DIRECTION('',(0.,1.,0.));
#7298 = ORIENTED_EDGE('',*,*,#7299,.F.);
#7299 = EDGE_CURVE('',#7300,#7292,#7302,.T.);
#7300 = VERTEX_POINT('',#7301);
#7301 = CARTESIAN_POINT('',(0.32,-2.22,2.54));
#7302 = LINE('',#7303,#7304);
#7303 = CARTESIAN_POINT('',(-0.16,-2.22,2.54));
#7304 = VECTOR('',#7305,1.);
#7305 = DIRECTION('',(-1.,0.,0.));
#7306 = ORIENTED_EDGE('',*,*,#7307,.F.);
#7307 = EDGE_CURVE('',#7282,#7300,#7308,.T.);
#7308 = LINE('',#7309,#7310);
#7309 = CARTESIAN_POINT('',(0.32,-2.065,2.54));
#7310 = VECTOR('',#7311,1.);
#7311 = DIRECTION('',(0.,1.,0.));
#7312 = PLANE('',#7313);
#7313 = AXIS2_PLACEMENT_3D('',#7314,#7315,#7316);
#7314 = CARTESIAN_POINT('',(1.473843703412E-17,-1.27,2.54));
#7315 = DIRECTION('',(0.,0.,1.));
#7316 = DIRECTION('',(1.,0.,-0.));
#7317 = ADVANCED_FACE('',(#7318),#7329,.F.);
#7318 = FACE_BOUND('',#7319,.F.);
#7319 = EDGE_LOOP('',(#7320,#7326,#7327,#7328));
#7320 = ORIENTED_EDGE('',*,*,#7321,.T.);
#7321 = EDGE_CURVE('',#7066,#7231,#7322,.T.);
#7322 = LINE('',#7323,#7324);
#7323 = CARTESIAN_POINT('',(1.27,1.016,0.));
#7324 = VECTOR('',#7325,1.);
#7325 = DIRECTION('',(0.,0.,1.));
#7326 = ORIENTED_EDGE('',*,*,#7238,.T.);
#7327 = ORIENTED_EDGE('',*,*,#6929,.F.);
#7328 = ORIENTED_EDGE('',*,*,#7073,.F.);
#7329 = PLANE('',#7330);
#7330 = AXIS2_PLACEMENT_3D('',#7331,#7332,#7333);
#7331 = CARTESIAN_POINT('',(1.27,1.016,0.));
#7332 = DIRECTION('',(-0.707106781187,-0.707106781187,0.));
#7333 = DIRECTION('',(-0.707106781187,0.707106781187,0.));
#7334 = ADVANCED_FACE('',(#7335),#7346,.F.);
#7335 = FACE_BOUND('',#7336,.F.);
#7336 = EDGE_LOOP('',(#7337,#7338,#7339,#7345));
#7337 = ORIENTED_EDGE('',*,*,#6969,.T.);
#7338 = ORIENTED_EDGE('',*,*,#7158,.T.);
#7339 = ORIENTED_EDGE('',*,*,#7340,.F.);
#7340 = EDGE_CURVE('',#6994,#7159,#7341,.T.);
#7341 = LINE('',#7342,#7343);
#7342 = CARTESIAN_POINT('',(-1.016,-1.27,0.));
#7343 = VECTOR('',#7344,1.);
#7344 = DIRECTION('',(0.,0.,1.));
#7345 = ORIENTED_EDGE('',*,*,#6993,.F.);
#7346 = PLANE('',#7347);
#7347 = AXIS2_PLACEMENT_3D('',#7348,#7349,#7350);
#7348 = CARTESIAN_POINT('',(-1.27,-1.016,0.));
#7349 = DIRECTION('',(0.707106781187,0.707106781187,0.));
#7350 = DIRECTION('',(0.707106781187,-0.707106781187,0.));
#7351 = ADVANCED_FACE('',(#7352),#7363,.F.);
#7352 = FACE_BOUND('',#7353,.F.);
#7353 = EDGE_LOOP('',(#7354,#7360,#7361,#7362));
#7354 = ORIENTED_EDGE('',*,*,#7355,.T.);
#7355 = EDGE_CURVE('',#7058,#7223,#7356,.T.);
#7356 = LINE('',#7357,#7358);
#7357 = CARTESIAN_POINT('',(1.27,-1.016,0.));
#7358 = VECTOR('',#7359,1.);
#7359 = DIRECTION('',(0.,0.,1.));
#7360 = ORIENTED_EDGE('',*,*,#7230,.T.);
#7361 = ORIENTED_EDGE('',*,*,#7321,.F.);
#7362 = ORIENTED_EDGE('',*,*,#7065,.F.);
#7363 = PLANE('',#7364);
#7364 = AXIS2_PLACEMENT_3D('',#7365,#7366,#7367);
#7365 = CARTESIAN_POINT('',(1.27,-1.016,0.));
#7366 = DIRECTION('',(-1.,0.,0.));
#7367 = DIRECTION('',(0.,1.,0.));
#7368 = ADVANCED_FACE('',(#7369),#7380,.F.);
#7369 = FACE_BOUND('',#7370,.F.);
#7370 = EDGE_LOOP('',(#7371,#7372,#7373,#7379));
#7371 = ORIENTED_EDGE('',*,*,#7340,.T.);
#7372 = ORIENTED_EDGE('',*,*,#7166,.T.);
#7373 = ORIENTED_EDGE('',*,*,#7374,.F.);
#7374 = EDGE_CURVE('',#7002,#7167,#7375,.T.);
#7375 = LINE('',#7376,#7377);
#7376 = CARTESIAN_POINT('',(-1.27,-1.524,0.));
#7377 = VECTOR('',#7378,1.);
#7378 = DIRECTION('',(0.,0.,1.));
#7379 = ORIENTED_EDGE('',*,*,#7001,.F.);
#7380 = PLANE('',#7381);
#7381 = AXIS2_PLACEMENT_3D('',#7382,#7383,#7384);
#7382 = CARTESIAN_POINT('',(-1.016,-1.27,0.));
#7383 = DIRECTION('',(0.707106781187,-0.707106781187,0.));
#7384 = DIRECTION('',(-0.707106781187,-0.707106781187,0.));
#7385 = ADVANCED_FACE('',(#7386),#7397,.F.);
#7386 = FACE_BOUND('',#7387,.F.);
#7387 = EDGE_LOOP('',(#7388,#7394,#7395,#7396));
#7388 = ORIENTED_EDGE('',*,*,#7389,.T.);
#7389 = EDGE_CURVE('',#7050,#7215,#7390,.T.);
#7390 = LINE('',#7391,#7392);
#7391 = CARTESIAN_POINT('',(1.016,-1.27,0.));
#7392 = VECTOR('',#7393,1.);
#7393 = DIRECTION('',(0.,0.,1.));
#7394 = ORIENTED_EDGE('',*,*,#7222,.T.);
#7395 = ORIENTED_EDGE('',*,*,#7355,.F.);
#7396 = ORIENTED_EDGE('',*,*,#7057,.F.);
#7397 = PLANE('',#7398);
#7398 = AXIS2_PLACEMENT_3D('',#7399,#7400,#7401);
#7399 = CARTESIAN_POINT('',(1.016,-1.27,0.));
#7400 = DIRECTION('',(-0.707106781187,0.707106781187,0.));
#7401 = DIRECTION('',(0.707106781187,0.707106781187,0.));
#7402 = ADVANCED_FACE('',(#7403),#7414,.F.);
#7403 = FACE_BOUND('',#7404,.F.);
#7404 = EDGE_LOOP('',(#7405,#7406,#7407,#7413));
#7405 = ORIENTED_EDGE('',*,*,#7374,.T.);
#7406 = ORIENTED_EDGE('',*,*,#7174,.T.);
#7407 = ORIENTED_EDGE('',*,*,#7408,.F.);
#7408 = EDGE_CURVE('',#7010,#7175,#7409,.T.);
#7409 = LINE('',#7410,#7411);
#7410 = CARTESIAN_POINT('',(-1.27,-3.556,0.));
#7411 = VECTOR('',#7412,1.);
#7412 = DIRECTION('',(0.,0.,1.));
#7413 = ORIENTED_EDGE('',*,*,#7009,.F.);
#7414 = PLANE('',#7415);
#7415 = AXIS2_PLACEMENT_3D('',#7416,#7417,#7418);
#7416 = CARTESIAN_POINT('',(-1.27,-1.524,0.));
#7417 = DIRECTION('',(1.,0.,0.));
#7418 = DIRECTION('',(0.,-1.,0.));
#7419 = ADVANCED_FACE('',(#7420),#7431,.F.);
#7420 = FACE_BOUND('',#7421,.F.);
#7421 = EDGE_LOOP('',(#7422,#7428,#7429,#7430));
#7422 = ORIENTED_EDGE('',*,*,#7423,.T.);
#7423 = EDGE_CURVE('',#7042,#7207,#7424,.T.);
#7424 = LINE('',#7425,#7426);
#7425 = CARTESIAN_POINT('',(1.27,-1.524,0.));
#7426 = VECTOR('',#7427,1.);
#7427 = DIRECTION('',(0.,0.,1.));
#7428 = ORIENTED_EDGE('',*,*,#7214,.T.);
#7429 = ORIENTED_EDGE('',*,*,#7389,.F.);
#7430 = ORIENTED_EDGE('',*,*,#7049,.F.);
#7431 = PLANE('',#7432);
#7432 = AXIS2_PLACEMENT_3D('',#7433,#7434,#7435);
#7433 = CARTESIAN_POINT('',(1.27,-1.524,0.));
#7434 = DIRECTION('',(-0.707106781187,-0.707106781187,0.));
#7435 = DIRECTION('',(-0.707106781187,0.707106781187,0.));
#7436 = ADVANCED_FACE('',(#7437),#7448,.F.);
#7437 = FACE_BOUND('',#7438,.F.);
#7438 = EDGE_LOOP('',(#7439,#7440,#7441,#7447));
#7439 = ORIENTED_EDGE('',*,*,#7408,.T.);
#7440 = ORIENTED_EDGE('',*,*,#7182,.T.);
#7441 = ORIENTED_EDGE('',*,*,#7442,.F.);
#7442 = EDGE_CURVE('',#7018,#7183,#7443,.T.);
#7443 = LINE('',#7444,#7445);
#7444 = CARTESIAN_POINT('',(-1.016,-3.81,0.));
#7445 = VECTOR('',#7446,1.);
#7446 = DIRECTION('',(0.,0.,1.));
#7447 = ORIENTED_EDGE('',*,*,#7017,.F.);
#7448 = PLANE('',#7449);
#7449 = AXIS2_PLACEMENT_3D('',#7450,#7451,#7452);
#7450 = CARTESIAN_POINT('',(-1.27,-3.556,0.));
#7451 = DIRECTION('',(0.707106781187,0.707106781187,0.));
#7452 = DIRECTION('',(0.707106781187,-0.707106781187,0.));
#7453 = ADVANCED_FACE('',(#7454),#7465,.F.);
#7454 = FACE_BOUND('',#7455,.F.);
#7455 = EDGE_LOOP('',(#7456,#7462,#7463,#7464));
#7456 = ORIENTED_EDGE('',*,*,#7457,.T.);
#7457 = EDGE_CURVE('',#7034,#7199,#7458,.T.);
#7458 = LINE('',#7459,#7460);
#7459 = CARTESIAN_POINT('',(1.27,-3.556,0.));
#7460 = VECTOR('',#7461,1.);
#7461 = DIRECTION('',(0.,0.,1.));
#7462 = ORIENTED_EDGE('',*,*,#7206,.T.);
#7463 = ORIENTED_EDGE('',*,*,#7423,.F.);
#7464 = ORIENTED_EDGE('',*,*,#7041,.F.);
#7465 = PLANE('',#7466);
#7466 = AXIS2_PLACEMENT_3D('',#7467,#7468,#7469);
#7467 = CARTESIAN_POINT('',(1.27,-3.556,0.));
#7468 = DIRECTION('',(-1.,0.,0.));
#7469 = DIRECTION('',(0.,1.,0.));
#7470 = ADVANCED_FACE('',(#7471),#7482,.F.);
#7471 = FACE_BOUND('',#7472,.F.);
#7472 = EDGE_LOOP('',(#7473,#7474,#7475,#7481));
#7473 = ORIENTED_EDGE('',*,*,#7442,.T.);
#7474 = ORIENTED_EDGE('',*,*,#7190,.T.);
#7475 = ORIENTED_EDGE('',*,*,#7476,.F.);
#7476 = EDGE_CURVE('',#7026,#7191,#7477,.T.);
#7477 = LINE('',#7478,#7479);
#7478 = CARTESIAN_POINT('',(1.016,-3.81,0.));
#7479 = VECTOR('',#7480,1.);
#7480 = DIRECTION('',(0.,0.,1.));
#7481 = ORIENTED_EDGE('',*,*,#7025,.F.);
#7482 = PLANE('',#7483);
#7483 = AXIS2_PLACEMENT_3D('',#7484,#7485,#7486);
#7484 = CARTESIAN_POINT('',(-1.016,-3.81,0.));
#7485 = DIRECTION('',(0.,1.,0.));
#7486 = DIRECTION('',(1.,0.,0.));
#7487 = ADVANCED_FACE('',(#7488),#7494,.F.);
#7488 = FACE_BOUND('',#7489,.F.);
#7489 = EDGE_LOOP('',(#7490,#7491,#7492,#7493));
#7490 = ORIENTED_EDGE('',*,*,#7476,.T.);
#7491 = ORIENTED_EDGE('',*,*,#7198,.T.);
#7492 = ORIENTED_EDGE('',*,*,#7457,.F.);
#7493 = ORIENTED_EDGE('',*,*,#7033,.F.);
#7494 = PLANE('',#7495);
#7495 = AXIS2_PLACEMENT_3D('',#7496,#7497,#7498);
#7496 = CARTESIAN_POINT('',(1.016,-3.81,0.));
#7497 = DIRECTION('',(-0.707106781187,0.707106781187,0.));
#7498 = DIRECTION('',(0.707106781187,0.707106781187,0.));
#7499 = ADVANCED_FACE('',(#7500),#7525,.F.);
#7500 = FACE_BOUND('',#7501,.F.);
#7501 = EDGE_LOOP('',(#7502,#7510,#7518,#7524));
#7502 = ORIENTED_EDGE('',*,*,#7503,.F.);
#7503 = EDGE_CURVE('',#7504,#7083,#7506,.T.);
#7504 = VERTEX_POINT('',#7505);
#7505 = CARTESIAN_POINT('',(0.32,-0.32,-2.84));
#7506 = LINE('',#7507,#7508);
#7507 = CARTESIAN_POINT('',(0.32,-0.32,-3.));
#7508 = VECTOR('',#7509,1.);
#7509 = DIRECTION('',(0.,0.,1.));
#7510 = ORIENTED_EDGE('',*,*,#7511,.F.);
#7511 = EDGE_CURVE('',#7512,#7504,#7514,.T.);
#7512 = VERTEX_POINT('',#7513);
#7513 = CARTESIAN_POINT('',(-0.32,-0.32,-2.84));
#7514 = LINE('',#7515,#7516);
#7515 = CARTESIAN_POINT('',(-0.32,-0.32,-2.84));
#7516 = VECTOR('',#7517,1.);
#7517 = DIRECTION('',(1.,0.,0.));
#7518 = ORIENTED_EDGE('',*,*,#7519,.T.);
#7519 = EDGE_CURVE('',#7512,#7085,#7520,.T.);
#7520 = LINE('',#7521,#7522);
#7521 = CARTESIAN_POINT('',(-0.32,-0.32,-3.));
#7522 = VECTOR('',#7523,1.);
#7523 = DIRECTION('',(0.,0.,1.));
#7524 = ORIENTED_EDGE('',*,*,#7082,.F.);
#7525 = PLANE('',#7526);
#7526 = AXIS2_PLACEMENT_3D('',#7527,#7528,#7529);
#7527 = CARTESIAN_POINT('',(-0.32,-0.32,-3.));
#7528 = DIRECTION('',(0.,1.,0.));
#7529 = DIRECTION('',(0.,-0.,1.));
#7530 = ADVANCED_FACE('',(#7531),#7549,.T.);
#7531 = FACE_BOUND('',#7532,.T.);
#7532 = EDGE_LOOP('',(#7533,#7534,#7542,#7548));
#7533 = ORIENTED_EDGE('',*,*,#7503,.F.);
#7534 = ORIENTED_EDGE('',*,*,#7535,.T.);
#7535 = EDGE_CURVE('',#7504,#7536,#7538,.T.);
#7536 = VERTEX_POINT('',#7537);
#7537 = CARTESIAN_POINT('',(0.32,0.32,-2.84));
#7538 = LINE('',#7539,#7540);
#7539 = CARTESIAN_POINT('',(0.32,-0.32,-2.84));
#7540 = VECTOR('',#7541,1.);
#7541 = DIRECTION('',(0.,1.,0.));
#7542 = ORIENTED_EDGE('',*,*,#7543,.T.);
#7543 = EDGE_CURVE('',#7536,#7101,#7544,.T.);
#7544 = LINE('',#7545,#7546);
#7545 = CARTESIAN_POINT('',(0.32,0.32,-3.));
#7546 = VECTOR('',#7547,1.);
#7547 = DIRECTION('',(0.,0.,1.));
#7548 = ORIENTED_EDGE('',*,*,#7108,.F.);
#7549 = PLANE('',#7550);
#7550 = AXIS2_PLACEMENT_3D('',#7551,#7552,#7553);
#7551 = CARTESIAN_POINT('',(0.32,-0.32,-3.));
#7552 = DIRECTION('',(1.,0.,0.));
#7553 = DIRECTION('',(0.,0.,1.));
#7554 = ADVANCED_FACE('',(#7555),#7573,.T.);
#7555 = FACE_BOUND('',#7556,.T.);
#7556 = EDGE_LOOP('',(#7557,#7558,#7566,#7572));
#7557 = ORIENTED_EDGE('',*,*,#7543,.F.);
#7558 = ORIENTED_EDGE('',*,*,#7559,.F.);
#7559 = EDGE_CURVE('',#7560,#7536,#7562,.T.);
#7560 = VERTEX_POINT('',#7561);
#7561 = CARTESIAN_POINT('',(-0.32,0.32,-2.84));
#7562 = LINE('',#7563,#7564);
#7563 = CARTESIAN_POINT('',(-0.32,0.32,-2.84));
#7564 = VECTOR('',#7565,1.);
#7565 = DIRECTION('',(1.,0.,0.));
#7566 = ORIENTED_EDGE('',*,*,#7567,.T.);
#7567 = EDGE_CURVE('',#7560,#7093,#7568,.T.);
#7568 = LINE('',#7569,#7570);
#7569 = CARTESIAN_POINT('',(-0.32,0.32,-3.));
#7570 = VECTOR('',#7571,1.);
#7571 = DIRECTION('',(0.,0.,1.));
#7572 = ORIENTED_EDGE('',*,*,#7100,.F.);
#7573 = PLANE('',#7574);
#7574 = AXIS2_PLACEMENT_3D('',#7575,#7576,#7577);
#7575 = CARTESIAN_POINT('',(-0.32,0.32,-3.));
#7576 = DIRECTION('',(0.,1.,0.));
#7577 = DIRECTION('',(0.,-0.,1.));
#7578 = ADVANCED_FACE('',(#7579),#7590,.F.);
#7579 = FACE_BOUND('',#7580,.F.);
#7580 = EDGE_LOOP('',(#7581,#7582,#7588,#7589));
#7581 = ORIENTED_EDGE('',*,*,#7519,.F.);
#7582 = ORIENTED_EDGE('',*,*,#7583,.T.);
#7583 = EDGE_CURVE('',#7512,#7560,#7584,.T.);
#7584 = LINE('',#7585,#7586);
#7585 = CARTESIAN_POINT('',(-0.32,-0.32,-2.84));
#7586 = VECTOR('',#7587,1.);
#7587 = DIRECTION('',(0.,1.,0.));
#7588 = ORIENTED_EDGE('',*,*,#7567,.T.);
#7589 = ORIENTED_EDGE('',*,*,#7092,.F.);
#7590 = PLANE('',#7591);
#7591 = AXIS2_PLACEMENT_3D('',#7592,#7593,#7594);
#7592 = CARTESIAN_POINT('',(-0.32,-0.32,-3.));
#7593 = DIRECTION('',(1.,0.,0.));
#7594 = DIRECTION('',(0.,0.,1.));
#7595 = ADVANCED_FACE('',(#7596),#7621,.F.);
#7596 = FACE_BOUND('',#7597,.F.);
#7597 = EDGE_LOOP('',(#7598,#7606,#7614,#7620));
#7598 = ORIENTED_EDGE('',*,*,#7599,.F.);
#7599 = EDGE_CURVE('',#7600,#7117,#7602,.T.);
#7600 = VERTEX_POINT('',#7601);
#7601 = CARTESIAN_POINT('',(0.32,-2.86,-2.84));
#7602 = LINE('',#7603,#7604);
#7603 = CARTESIAN_POINT('',(0.32,-2.86,-3.));
#7604 = VECTOR('',#7605,1.);
#7605 = DIRECTION('',(0.,0.,1.));
#7606 = ORIENTED_EDGE('',*,*,#7607,.F.);
#7607 = EDGE_CURVE('',#7608,#7600,#7610,.T.);
#7608 = VERTEX_POINT('',#7609);
#7609 = CARTESIAN_POINT('',(-0.32,-2.86,-2.84));
#7610 = LINE('',#7611,#7612);
#7611 = CARTESIAN_POINT('',(-0.32,-2.86,-2.84));
#7612 = VECTOR('',#7613,1.);
#7613 = DIRECTION('',(1.,0.,0.));
#7614 = ORIENTED_EDGE('',*,*,#7615,.T.);
#7615 = EDGE_CURVE('',#7608,#7119,#7616,.T.);
#7616 = LINE('',#7617,#7618);
#7617 = CARTESIAN_POINT('',(-0.32,-2.86,-3.));
#7618 = VECTOR('',#7619,1.);
#7619 = DIRECTION('',(0.,0.,1.));
#7620 = ORIENTED_EDGE('',*,*,#7116,.F.);
#7621 = PLANE('',#7622);
#7622 = AXIS2_PLACEMENT_3D('',#7623,#7624,#7625);
#7623 = CARTESIAN_POINT('',(-0.32,-2.86,-3.));
#7624 = DIRECTION('',(0.,1.,0.));
#7625 = DIRECTION('',(0.,-0.,1.));
#7626 = ADVANCED_FACE('',(#7627),#7645,.T.);
#7627 = FACE_BOUND('',#7628,.T.);
#7628 = EDGE_LOOP('',(#7629,#7630,#7638,#7644));
#7629 = ORIENTED_EDGE('',*,*,#7599,.F.);
#7630 = ORIENTED_EDGE('',*,*,#7631,.T.);
#7631 = EDGE_CURVE('',#7600,#7632,#7634,.T.);
#7632 = VERTEX_POINT('',#7633);
#7633 = CARTESIAN_POINT('',(0.32,-2.22,-2.84));
#7634 = LINE('',#7635,#7636);
#7635 = CARTESIAN_POINT('',(0.32,-2.86,-2.84));
#7636 = VECTOR('',#7637,1.);
#7637 = DIRECTION('',(0.,1.,0.));
#7638 = ORIENTED_EDGE('',*,*,#7639,.T.);
#7639 = EDGE_CURVE('',#7632,#7135,#7640,.T.);
#7640 = LINE('',#7641,#7642);
#7641 = CARTESIAN_POINT('',(0.32,-2.22,-3.));
#7642 = VECTOR('',#7643,1.);
#7643 = DIRECTION('',(0.,0.,1.));
#7644 = ORIENTED_EDGE('',*,*,#7142,.F.);
#7645 = PLANE('',#7646);
#7646 = AXIS2_PLACEMENT_3D('',#7647,#7648,#7649);
#7647 = CARTESIAN_POINT('',(0.32,-2.86,-3.));
#7648 = DIRECTION('',(1.,0.,0.));
#7649 = DIRECTION('',(0.,0.,1.));
#7650 = ADVANCED_FACE('',(#7651),#7669,.T.);
#7651 = FACE_BOUND('',#7652,.T.);
#7652 = EDGE_LOOP('',(#7653,#7654,#7662,#7668));
#7653 = ORIENTED_EDGE('',*,*,#7639,.F.);
#7654 = ORIENTED_EDGE('',*,*,#7655,.F.);
#7655 = EDGE_CURVE('',#7656,#7632,#7658,.T.);
#7656 = VERTEX_POINT('',#7657);
#7657 = CARTESIAN_POINT('',(-0.32,-2.22,-2.84));
#7658 = LINE('',#7659,#7660);
#7659 = CARTESIAN_POINT('',(-0.32,-2.22,-2.84));
#7660 = VECTOR('',#7661,1.);
#7661 = DIRECTION('',(1.,0.,0.));
#7662 = ORIENTED_EDGE('',*,*,#7663,.T.);
#7663 = EDGE_CURVE('',#7656,#7127,#7664,.T.);
#7664 = LINE('',#7665,#7666);
#7665 = CARTESIAN_POINT('',(-0.32,-2.22,-3.));
#7666 = VECTOR('',#7667,1.);
#7667 = DIRECTION('',(0.,0.,1.));
#7668 = ORIENTED_EDGE('',*,*,#7134,.F.);
#7669 = PLANE('',#7670);
#7670 = AXIS2_PLACEMENT_3D('',#7671,#7672,#7673);
#7671 = CARTESIAN_POINT('',(-0.32,-2.22,-3.));
#7672 = DIRECTION('',(0.,1.,0.));
#7673 = DIRECTION('',(0.,-0.,1.));
#7674 = ADVANCED_FACE('',(#7675),#7686,.F.);
#7675 = FACE_BOUND('',#7676,.F.);
#7676 = EDGE_LOOP('',(#7677,#7678,#7684,#7685));
#7677 = ORIENTED_EDGE('',*,*,#7615,.F.);
#7678 = ORIENTED_EDGE('',*,*,#7679,.T.);
#7679 = EDGE_CURVE('',#7608,#7656,#7680,.T.);
#7680 = LINE('',#7681,#7682);
#7681 = CARTESIAN_POINT('',(-0.32,-2.86,-2.84));
#7682 = VECTOR('',#7683,1.);
#7683 = DIRECTION('',(0.,1.,0.));
#7684 = ORIENTED_EDGE('',*,*,#7663,.T.);
#7685 = ORIENTED_EDGE('',*,*,#7126,.F.);
#7686 = PLANE('',#7687);
#7687 = AXIS2_PLACEMENT_3D('',#7688,#7689,#7690);
#7688 = CARTESIAN_POINT('',(-0.32,-2.86,-3.));
#7689 = DIRECTION('',(1.,0.,0.));
#7690 = DIRECTION('',(0.,0.,1.));
#7691 = ADVANCED_FACE('',(#7692),#7717,.F.);
#7692 = FACE_BOUND('',#7693,.F.);
#7693 = EDGE_LOOP('',(#7694,#7702,#7703,#7711));
#7694 = ORIENTED_EDGE('',*,*,#7695,.F.);
#7695 = EDGE_CURVE('',#7248,#7696,#7698,.T.);
#7696 = VERTEX_POINT('',#7697);
#7697 = CARTESIAN_POINT('',(0.32,-0.32,8.38));
#7698 = LINE('',#7699,#7700);
#7699 = CARTESIAN_POINT('',(0.32,-0.32,-3.));
#7700 = VECTOR('',#7701,1.);
#7701 = DIRECTION('',(0.,0.,1.));
#7702 = ORIENTED_EDGE('',*,*,#7247,.T.);
#7703 = ORIENTED_EDGE('',*,*,#7704,.T.);
#7704 = EDGE_CURVE('',#7250,#7705,#7707,.T.);
#7705 = VERTEX_POINT('',#7706);
#7706 = CARTESIAN_POINT('',(-0.32,-0.32,8.38));
#7707 = LINE('',#7708,#7709);
#7708 = CARTESIAN_POINT('',(-0.32,-0.32,-3.));
#7709 = VECTOR('',#7710,1.);
#7710 = DIRECTION('',(0.,0.,1.));
#7711 = ORIENTED_EDGE('',*,*,#7712,.T.);
#7712 = EDGE_CURVE('',#7705,#7696,#7713,.T.);
#7713 = LINE('',#7714,#7715);
#7714 = CARTESIAN_POINT('',(-0.32,-0.32,8.38));
#7715 = VECTOR('',#7716,1.);
#7716 = DIRECTION('',(1.,0.,0.));
#7717 = PLANE('',#7718);
#7718 = AXIS2_PLACEMENT_3D('',#7719,#7720,#7721);
#7719 = CARTESIAN_POINT('',(-0.32,-0.32,-3.));
#7720 = DIRECTION('',(0.,1.,0.));
#7721 = DIRECTION('',(0.,-0.,1.));
#7722 = ADVANCED_FACE('',(#7723),#7741,.T.);
#7723 = FACE_BOUND('',#7724,.T.);
#7724 = EDGE_LOOP('',(#7725,#7726,#7727,#7735));
#7725 = ORIENTED_EDGE('',*,*,#7695,.F.);
#7726 = ORIENTED_EDGE('',*,*,#7273,.T.);
#7727 = ORIENTED_EDGE('',*,*,#7728,.T.);
#7728 = EDGE_CURVE('',#7266,#7729,#7731,.T.);
#7729 = VERTEX_POINT('',#7730);
#7730 = CARTESIAN_POINT('',(0.32,0.32,8.38));
#7731 = LINE('',#7732,#7733);
#7732 = CARTESIAN_POINT('',(0.32,0.32,-3.));
#7733 = VECTOR('',#7734,1.);
#7734 = DIRECTION('',(0.,0.,1.));
#7735 = ORIENTED_EDGE('',*,*,#7736,.F.);
#7736 = EDGE_CURVE('',#7696,#7729,#7737,.T.);
#7737 = LINE('',#7738,#7739);
#7738 = CARTESIAN_POINT('',(0.32,-0.32,8.38));
#7739 = VECTOR('',#7740,1.);
#7740 = DIRECTION('',(0.,1.,0.));
#7741 = PLANE('',#7742);
#7742 = AXIS2_PLACEMENT_3D('',#7743,#7744,#7745);
#7743 = CARTESIAN_POINT('',(0.32,-0.32,-3.));
#7744 = DIRECTION('',(1.,0.,0.));
#7745 = DIRECTION('',(0.,0.,1.));
#7746 = ADVANCED_FACE('',(#7747),#7765,.T.);
#7747 = FACE_BOUND('',#7748,.T.);
#7748 = EDGE_LOOP('',(#7749,#7750,#7751,#7759));
#7749 = ORIENTED_EDGE('',*,*,#7728,.F.);
#7750 = ORIENTED_EDGE('',*,*,#7265,.T.);
#7751 = ORIENTED_EDGE('',*,*,#7752,.T.);
#7752 = EDGE_CURVE('',#7258,#7753,#7755,.T.);
#7753 = VERTEX_POINT('',#7754);
#7754 = CARTESIAN_POINT('',(-0.32,0.32,8.38));
#7755 = LINE('',#7756,#7757);
#7756 = CARTESIAN_POINT('',(-0.32,0.32,-3.));
#7757 = VECTOR('',#7758,1.);
#7758 = DIRECTION('',(0.,0.,1.));
#7759 = ORIENTED_EDGE('',*,*,#7760,.T.);
#7760 = EDGE_CURVE('',#7753,#7729,#7761,.T.);
#7761 = LINE('',#7762,#7763);
#7762 = CARTESIAN_POINT('',(-0.32,0.32,8.38));
#7763 = VECTOR('',#7764,1.);
#7764 = DIRECTION('',(1.,0.,0.));
#7765 = PLANE('',#7766);
#7766 = AXIS2_PLACEMENT_3D('',#7767,#7768,#7769);
#7767 = CARTESIAN_POINT('',(-0.32,0.32,-3.));
#7768 = DIRECTION('',(0.,1.,0.));
#7769 = DIRECTION('',(0.,-0.,1.));
#7770 = ADVANCED_FACE('',(#7771),#7782,.F.);
#7771 = FACE_BOUND('',#7772,.F.);
#7772 = EDGE_LOOP('',(#7773,#7774,#7775,#7776));
#7773 = ORIENTED_EDGE('',*,*,#7704,.F.);
#7774 = ORIENTED_EDGE('',*,*,#7257,.T.);
#7775 = ORIENTED_EDGE('',*,*,#7752,.T.);
#7776 = ORIENTED_EDGE('',*,*,#7777,.F.);
#7777 = EDGE_CURVE('',#7705,#7753,#7778,.T.);
#7778 = LINE('',#7779,#7780);
#7779 = CARTESIAN_POINT('',(-0.32,-0.32,8.38));
#7780 = VECTOR('',#7781,1.);
#7781 = DIRECTION('',(0.,1.,0.));
#7782 = PLANE('',#7783);
#7783 = AXIS2_PLACEMENT_3D('',#7784,#7785,#7786);
#7784 = CARTESIAN_POINT('',(-0.32,-0.32,-3.));
#7785 = DIRECTION('',(1.,0.,0.));
#7786 = DIRECTION('',(0.,0.,1.));
#7787 = ADVANCED_FACE('',(#7788),#7813,.F.);
#7788 = FACE_BOUND('',#7789,.F.);
#7789 = EDGE_LOOP('',(#7790,#7798,#7799,#7807));
#7790 = ORIENTED_EDGE('',*,*,#7791,.F.);
#7791 = EDGE_CURVE('',#7282,#7792,#7794,.T.);
#7792 = VERTEX_POINT('',#7793);
#7793 = CARTESIAN_POINT('',(0.32,-2.86,8.38));
#7794 = LINE('',#7795,#7796);
#7795 = CARTESIAN_POINT('',(0.32,-2.86,-3.));
#7796 = VECTOR('',#7797,1.);
#7797 = DIRECTION('',(0.,0.,1.));
#7798 = ORIENTED_EDGE('',*,*,#7281,.T.);
#7799 = ORIENTED_EDGE('',*,*,#7800,.T.);
#7800 = EDGE_CURVE('',#7284,#7801,#7803,.T.);
#7801 = VERTEX_POINT('',#7802);
#7802 = CARTESIAN_POINT('',(-0.32,-2.86,8.38));
#7803 = LINE('',#7804,#7805);
#7804 = CARTESIAN_POINT('',(-0.32,-2.86,-3.));
#7805 = VECTOR('',#7806,1.);
#7806 = DIRECTION('',(0.,0.,1.));
#7807 = ORIENTED_EDGE('',*,*,#7808,.T.);
#7808 = EDGE_CURVE('',#7801,#7792,#7809,.T.);
#7809 = LINE('',#7810,#7811);
#7810 = CARTESIAN_POINT('',(-0.32,-2.86,8.38));
#7811 = VECTOR('',#7812,1.);
#7812 = DIRECTION('',(1.,0.,0.));
#7813 = PLANE('',#7814);
#7814 = AXIS2_PLACEMENT_3D('',#7815,#7816,#7817);
#7815 = CARTESIAN_POINT('',(-0.32,-2.86,-3.));
#7816 = DIRECTION('',(0.,1.,0.));
#7817 = DIRECTION('',(0.,-0.,1.));
#7818 = ADVANCED_FACE('',(#7819),#7837,.T.);
#7819 = FACE_BOUND('',#7820,.T.);
#7820 = EDGE_LOOP('',(#7821,#7822,#7823,#7831));
#7821 = ORIENTED_EDGE('',*,*,#7791,.F.);
#7822 = ORIENTED_EDGE('',*,*,#7307,.T.);
#7823 = ORIENTED_EDGE('',*,*,#7824,.T.);
#7824 = EDGE_CURVE('',#7300,#7825,#7827,.T.);
#7825 = VERTEX_POINT('',#7826);
#7826 = CARTESIAN_POINT('',(0.32,-2.22,8.38));
#7827 = LINE('',#7828,#7829);
#7828 = CARTESIAN_POINT('',(0.32,-2.22,-3.));
#7829 = VECTOR('',#7830,1.);
#7830 = DIRECTION('',(0.,0.,1.));
#7831 = ORIENTED_EDGE('',*,*,#7832,.F.);
#7832 = EDGE_CURVE('',#7792,#7825,#7833,.T.);
#7833 = LINE('',#7834,#7835);
#7834 = CARTESIAN_POINT('',(0.32,-2.86,8.38));
#7835 = VECTOR('',#7836,1.);
#7836 = DIRECTION('',(0.,1.,0.));
#7837 = PLANE('',#7838);
#7838 = AXIS2_PLACEMENT_3D('',#7839,#7840,#7841);
#7839 = CARTESIAN_POINT('',(0.32,-2.86,-3.));
#7840 = DIRECTION('',(1.,0.,0.));
#7841 = DIRECTION('',(0.,0.,1.));
#7842 = ADVANCED_FACE('',(#7843),#7861,.T.);
#7843 = FACE_BOUND('',#7844,.T.);
#7844 = EDGE_LOOP('',(#7845,#7846,#7847,#7855));
#7845 = ORIENTED_EDGE('',*,*,#7824,.F.);
#7846 = ORIENTED_EDGE('',*,*,#7299,.T.);
#7847 = ORIENTED_EDGE('',*,*,#7848,.T.);
#7848 = EDGE_CURVE('',#7292,#7849,#7851,.T.);
#7849 = VERTEX_POINT('',#7850);
#7850 = CARTESIAN_POINT('',(-0.32,-2.22,8.38));
#7851 = LINE('',#7852,#7853);
#7852 = CARTESIAN_POINT('',(-0.32,-2.22,-3.));
#7853 = VECTOR('',#7854,1.);
#7854 = DIRECTION('',(0.,0.,1.));
#7855 = ORIENTED_EDGE('',*,*,#7856,.T.);
#7856 = EDGE_CURVE('',#7849,#7825,#7857,.T.);
#7857 = LINE('',#7858,#7859);
#7858 = CARTESIAN_POINT('',(-0.32,-2.22,8.38));
#7859 = VECTOR('',#7860,1.);
#7860 = DIRECTION('',(1.,0.,0.));
#7861 = PLANE('',#7862);
#7862 = AXIS2_PLACEMENT_3D('',#7863,#7864,#7865);
#7863 = CARTESIAN_POINT('',(-0.32,-2.22,-3.));
#7864 = DIRECTION('',(0.,1.,0.));
#7865 = DIRECTION('',(0.,-0.,1.));
#7866 = ADVANCED_FACE('',(#7867),#7878,.F.);
#7867 = FACE_BOUND('',#7868,.F.);
#7868 = EDGE_LOOP('',(#7869,#7870,#7871,#7872));
#7869 = ORIENTED_EDGE('',*,*,#7800,.F.);
#7870 = ORIENTED_EDGE('',*,*,#7291,.T.);
#7871 = ORIENTED_EDGE('',*,*,#7848,.T.);
#7872 = ORIENTED_EDGE('',*,*,#7873,.F.);
#7873 = EDGE_CURVE('',#7801,#7849,#7874,.T.);
#7874 = LINE('',#7875,#7876);
#7875 = CARTESIAN_POINT('',(-0.32,-2.86,8.38));
#7876 = VECTOR('',#7877,1.);
#7877 = DIRECTION('',(0.,1.,0.));
#7878 = PLANE('',#7879);
#7879 = AXIS2_PLACEMENT_3D('',#7880,#7881,#7882);
#7880 = CARTESIAN_POINT('',(-0.32,-2.86,-3.));
#7881 = DIRECTION('',(1.,0.,0.));
#7882 = DIRECTION('',(0.,0.,1.));
#7883 = ADVANCED_FACE('',(#7884),#7909,.T.);
#7884 = FACE_BOUND('',#7885,.F.);
#7885 = EDGE_LOOP('',(#7886,#7894,#7895,#7903));
#7886 = ORIENTED_EDGE('',*,*,#7887,.F.);
#7887 = EDGE_CURVE('',#7512,#7888,#7890,.T.);
#7888 = VERTEX_POINT('',#7889);
#7889 = CARTESIAN_POINT('',(-0.16,-0.16,-3.));
#7890 = LINE('',#7891,#7892);
#7891 = CARTESIAN_POINT('',(-0.266666666667,-0.266666666667,
    -2.893333333333));
#7892 = VECTOR('',#7893,1.);
#7893 = DIRECTION('',(0.57735026919,0.57735026919,-0.57735026919));
#7894 = ORIENTED_EDGE('',*,*,#7511,.T.);
#7895 = ORIENTED_EDGE('',*,*,#7896,.T.);
#7896 = EDGE_CURVE('',#7504,#7897,#7899,.T.);
#7897 = VERTEX_POINT('',#7898);
#7898 = CARTESIAN_POINT('',(0.16,-0.16,-3.));
#7899 = LINE('',#7900,#7901);
#7900 = CARTESIAN_POINT('',(0.16,-0.16,-3.));
#7901 = VECTOR('',#7902,1.);
#7902 = DIRECTION('',(-0.57735026919,0.57735026919,-0.57735026919));
#7903 = ORIENTED_EDGE('',*,*,#7904,.F.);
#7904 = EDGE_CURVE('',#7888,#7897,#7905,.T.);
#7905 = LINE('',#7906,#7907);
#7906 = CARTESIAN_POINT('',(-0.32,-0.16,-3.));
#7907 = VECTOR('',#7908,1.);
#7908 = DIRECTION('',(1.,0.,0.));
#7909 = PLANE('',#7910);
#7910 = AXIS2_PLACEMENT_3D('',#7911,#7912,#7913);
#7911 = CARTESIAN_POINT('',(-0.32,-0.24,-2.92));
#7912 = DIRECTION('',(1.735167508357E-18,-0.707106781187,-0.707106781187
    ));
#7913 = DIRECTION('',(-1.,-1.226948711654E-18,-1.226948711654E-18));
#7914 = ADVANCED_FACE('',(#7915),#7933,.F.);
#7915 = FACE_BOUND('',#7916,.F.);
#7916 = EDGE_LOOP('',(#7917,#7918,#7919,#7927));
#7917 = ORIENTED_EDGE('',*,*,#7896,.F.);
#7918 = ORIENTED_EDGE('',*,*,#7535,.T.);
#7919 = ORIENTED_EDGE('',*,*,#7920,.T.);
#7920 = EDGE_CURVE('',#7536,#7921,#7923,.T.);
#7921 = VERTEX_POINT('',#7922);
#7922 = CARTESIAN_POINT('',(0.16,0.16,-3.));
#7923 = LINE('',#7924,#7925);
#7924 = CARTESIAN_POINT('',(5.333333333333E-02,5.333333333333E-02,
    -3.106666666667));
#7925 = VECTOR('',#7926,1.);
#7926 = DIRECTION('',(-0.57735026919,-0.57735026919,-0.57735026919));
#7927 = ORIENTED_EDGE('',*,*,#7928,.F.);
#7928 = EDGE_CURVE('',#7897,#7921,#7929,.T.);
#7929 = LINE('',#7930,#7931);
#7930 = CARTESIAN_POINT('',(0.16,-0.32,-3.));
#7931 = VECTOR('',#7932,1.);
#7932 = DIRECTION('',(0.,1.,0.));
#7933 = PLANE('',#7934);
#7934 = AXIS2_PLACEMENT_3D('',#7935,#7936,#7937);
#7935 = CARTESIAN_POINT('',(0.24,-0.32,-2.92));
#7936 = DIRECTION('',(-0.707106781187,1.735167508357E-18,0.707106781187)
  );
#7937 = DIRECTION('',(1.226948711654E-18,1.,-1.226948711654E-18));
#7938 = ADVANCED_FACE('',(#7939),#7957,.F.);
#7939 = FACE_BOUND('',#7940,.T.);
#7940 = EDGE_LOOP('',(#7941,#7949,#7950,#7951));
#7941 = ORIENTED_EDGE('',*,*,#7942,.F.);
#7942 = EDGE_CURVE('',#7560,#7943,#7945,.T.);
#7943 = VERTEX_POINT('',#7944);
#7944 = CARTESIAN_POINT('',(-0.16,0.16,-3.));
#7945 = LINE('',#7946,#7947);
#7946 = CARTESIAN_POINT('',(-0.16,0.16,-3.));
#7947 = VECTOR('',#7948,1.);
#7948 = DIRECTION('',(0.57735026919,-0.57735026919,-0.57735026919));
#7949 = ORIENTED_EDGE('',*,*,#7559,.T.);
#7950 = ORIENTED_EDGE('',*,*,#7920,.T.);
#7951 = ORIENTED_EDGE('',*,*,#7952,.F.);
#7952 = EDGE_CURVE('',#7943,#7921,#7953,.T.);
#7953 = LINE('',#7954,#7955);
#7954 = CARTESIAN_POINT('',(-0.32,0.16,-3.));
#7955 = VECTOR('',#7956,1.);
#7956 = DIRECTION('',(1.,0.,0.));
#7957 = PLANE('',#7958);
#7958 = AXIS2_PLACEMENT_3D('',#7959,#7960,#7961);
#7959 = CARTESIAN_POINT('',(-0.32,0.24,-2.92));
#7960 = DIRECTION('',(-1.735167508357E-18,-0.707106781187,0.707106781187
    ));
#7961 = DIRECTION('',(-1.,1.226948711654E-18,-1.226948711654E-18));
#7962 = ADVANCED_FACE('',(#7963),#7974,.T.);
#7963 = FACE_BOUND('',#7964,.T.);
#7964 = EDGE_LOOP('',(#7965,#7966,#7967,#7968));
#7965 = ORIENTED_EDGE('',*,*,#7887,.F.);
#7966 = ORIENTED_EDGE('',*,*,#7583,.T.);
#7967 = ORIENTED_EDGE('',*,*,#7942,.T.);
#7968 = ORIENTED_EDGE('',*,*,#7969,.F.);
#7969 = EDGE_CURVE('',#7888,#7943,#7970,.T.);
#7970 = LINE('',#7971,#7972);
#7971 = CARTESIAN_POINT('',(-0.16,-0.32,-3.));
#7972 = VECTOR('',#7973,1.);
#7973 = DIRECTION('',(0.,1.,0.));
#7974 = PLANE('',#7975);
#7975 = AXIS2_PLACEMENT_3D('',#7976,#7977,#7978);
#7976 = CARTESIAN_POINT('',(-0.24,-0.32,-2.92));
#7977 = DIRECTION('',(-0.707106781187,-1.735167508357E-18,
    -0.707106781187));
#7978 = DIRECTION('',(-1.226948711654E-18,1.,-1.226948711654E-18));
#7979 = ADVANCED_FACE('',(#7980),#8005,.T.);
#7980 = FACE_BOUND('',#7981,.F.);
#7981 = EDGE_LOOP('',(#7982,#7990,#7991,#7999));
#7982 = ORIENTED_EDGE('',*,*,#7983,.F.);
#7983 = EDGE_CURVE('',#7608,#7984,#7986,.T.);
#7984 = VERTEX_POINT('',#7985);
#7985 = CARTESIAN_POINT('',(-0.16,-2.7,-3.));
#7986 = LINE('',#7987,#7988);
#7987 = CARTESIAN_POINT('',(-0.266666666667,-2.806666666667,
    -2.893333333333));
#7988 = VECTOR('',#7989,1.);
#7989 = DIRECTION('',(0.57735026919,0.57735026919,-0.57735026919));
#7990 = ORIENTED_EDGE('',*,*,#7607,.T.);
#7991 = ORIENTED_EDGE('',*,*,#7992,.T.);
#7992 = EDGE_CURVE('',#7600,#7993,#7995,.T.);
#7993 = VERTEX_POINT('',#7994);
#7994 = CARTESIAN_POINT('',(0.16,-2.7,-3.));
#7995 = LINE('',#7996,#7997);
#7996 = CARTESIAN_POINT('',(0.16,-2.7,-3.));
#7997 = VECTOR('',#7998,1.);
#7998 = DIRECTION('',(-0.57735026919,0.57735026919,-0.57735026919));
#7999 = ORIENTED_EDGE('',*,*,#8000,.F.);
#8000 = EDGE_CURVE('',#7984,#7993,#8001,.T.);
#8001 = LINE('',#8002,#8003);
#8002 = CARTESIAN_POINT('',(-0.32,-2.7,-3.));
#8003 = VECTOR('',#8004,1.);
#8004 = DIRECTION('',(1.,0.,0.));
#8005 = PLANE('',#8006);
#8006 = AXIS2_PLACEMENT_3D('',#8007,#8008,#8009);
#8007 = CARTESIAN_POINT('',(-0.32,-2.78,-2.92));
#8008 = DIRECTION('',(1.735167508357E-18,-0.707106781187,-0.707106781187
    ));
#8009 = DIRECTION('',(-1.,-1.226948711654E-18,-1.226948711654E-18));
#8010 = ADVANCED_FACE('',(#8011),#8029,.F.);
#8011 = FACE_BOUND('',#8012,.F.);
#8012 = EDGE_LOOP('',(#8013,#8014,#8015,#8023));
#8013 = ORIENTED_EDGE('',*,*,#7992,.F.);
#8014 = ORIENTED_EDGE('',*,*,#7631,.T.);
#8015 = ORIENTED_EDGE('',*,*,#8016,.T.);
#8016 = EDGE_CURVE('',#7632,#8017,#8019,.T.);
#8017 = VERTEX_POINT('',#8018);
#8018 = CARTESIAN_POINT('',(0.16,-2.38,-3.));
#8019 = LINE('',#8020,#8021);
#8020 = CARTESIAN_POINT('',(5.333333333333E-02,-2.486666666667,
    -3.106666666667));
#8021 = VECTOR('',#8022,1.);
#8022 = DIRECTION('',(-0.57735026919,-0.57735026919,-0.57735026919));
#8023 = ORIENTED_EDGE('',*,*,#8024,.F.);
#8024 = EDGE_CURVE('',#7993,#8017,#8025,.T.);
#8025 = LINE('',#8026,#8027);
#8026 = CARTESIAN_POINT('',(0.16,-2.86,-3.));
#8027 = VECTOR('',#8028,1.);
#8028 = DIRECTION('',(0.,1.,0.));
#8029 = PLANE('',#8030);
#8030 = AXIS2_PLACEMENT_3D('',#8031,#8032,#8033);
#8031 = CARTESIAN_POINT('',(0.24,-2.86,-2.92));
#8032 = DIRECTION('',(-0.707106781187,1.735167508357E-18,0.707106781187)
  );
#8033 = DIRECTION('',(1.226948711654E-18,1.,-1.226948711654E-18));
#8034 = ADVANCED_FACE('',(#8035),#8053,.F.);
#8035 = FACE_BOUND('',#8036,.T.);
#8036 = EDGE_LOOP('',(#8037,#8045,#8046,#8047));
#8037 = ORIENTED_EDGE('',*,*,#8038,.F.);
#8038 = EDGE_CURVE('',#7656,#8039,#8041,.T.);
#8039 = VERTEX_POINT('',#8040);
#8040 = CARTESIAN_POINT('',(-0.16,-2.38,-3.));
#8041 = LINE('',#8042,#8043);
#8042 = CARTESIAN_POINT('',(-0.16,-2.38,-3.));
#8043 = VECTOR('',#8044,1.);
#8044 = DIRECTION('',(0.57735026919,-0.57735026919,-0.57735026919));
#8045 = ORIENTED_EDGE('',*,*,#7655,.T.);
#8046 = ORIENTED_EDGE('',*,*,#8016,.T.);
#8047 = ORIENTED_EDGE('',*,*,#8048,.F.);
#8048 = EDGE_CURVE('',#8039,#8017,#8049,.T.);
#8049 = LINE('',#8050,#8051);
#8050 = CARTESIAN_POINT('',(-0.32,-2.38,-3.));
#8051 = VECTOR('',#8052,1.);
#8052 = DIRECTION('',(1.,0.,0.));
#8053 = PLANE('',#8054);
#8054 = AXIS2_PLACEMENT_3D('',#8055,#8056,#8057);
#8055 = CARTESIAN_POINT('',(-0.32,-2.3,-2.92));
#8056 = DIRECTION('',(-1.735167508357E-18,-0.707106781187,0.707106781187
    ));
#8057 = DIRECTION('',(-1.,1.226948711654E-18,-1.226948711654E-18));
#8058 = ADVANCED_FACE('',(#8059),#8070,.T.);
#8059 = FACE_BOUND('',#8060,.T.);
#8060 = EDGE_LOOP('',(#8061,#8062,#8063,#8064));
#8061 = ORIENTED_EDGE('',*,*,#7983,.F.);
#8062 = ORIENTED_EDGE('',*,*,#7679,.T.);
#8063 = ORIENTED_EDGE('',*,*,#8038,.T.);
#8064 = ORIENTED_EDGE('',*,*,#8065,.F.);
#8065 = EDGE_CURVE('',#7984,#8039,#8066,.T.);
#8066 = LINE('',#8067,#8068);
#8067 = CARTESIAN_POINT('',(-0.16,-2.86,-3.));
#8068 = VECTOR('',#8069,1.);
#8069 = DIRECTION('',(0.,1.,0.));
#8070 = PLANE('',#8071);
#8071 = AXIS2_PLACEMENT_3D('',#8072,#8073,#8074);
#8072 = CARTESIAN_POINT('',(-0.24,-2.86,-2.92));
#8073 = DIRECTION('',(-0.707106781187,-1.735167508357E-18,
    -0.707106781187));
#8074 = DIRECTION('',(-1.226948711654E-18,1.,-1.226948711654E-18));
#8075 = ADVANCED_FACE('',(#8076),#8101,.F.);
#8076 = FACE_BOUND('',#8077,.T.);
#8077 = EDGE_LOOP('',(#8078,#8086,#8087,#8095));
#8078 = ORIENTED_EDGE('',*,*,#8079,.F.);
#8079 = EDGE_CURVE('',#7705,#8080,#8082,.T.);
#8080 = VERTEX_POINT('',#8081);
#8081 = CARTESIAN_POINT('',(-0.16,-0.16,8.54));
#8082 = LINE('',#8083,#8084);
#8083 = CARTESIAN_POINT('',(-0.266666666667,-0.266666666667,
    8.433333333333));
#8084 = VECTOR('',#8085,1.);
#8085 = DIRECTION('',(0.57735026919,0.57735026919,0.57735026919));
#8086 = ORIENTED_EDGE('',*,*,#7712,.T.);
#8087 = ORIENTED_EDGE('',*,*,#8088,.T.);
#8088 = EDGE_CURVE('',#7696,#8089,#8091,.T.);
#8089 = VERTEX_POINT('',#8090);
#8090 = CARTESIAN_POINT('',(0.16,-0.16,8.54));
#8091 = LINE('',#8092,#8093);
#8092 = CARTESIAN_POINT('',(0.16,-0.16,8.54));
#8093 = VECTOR('',#8094,1.);
#8094 = DIRECTION('',(-0.57735026919,0.57735026919,0.57735026919));
#8095 = ORIENTED_EDGE('',*,*,#8096,.F.);
#8096 = EDGE_CURVE('',#8080,#8089,#8097,.T.);
#8097 = LINE('',#8098,#8099);
#8098 = CARTESIAN_POINT('',(-0.32,-0.16,8.54));
#8099 = VECTOR('',#8100,1.);
#8100 = DIRECTION('',(1.,0.,0.));
#8101 = PLANE('',#8102);
#8102 = AXIS2_PLACEMENT_3D('',#8103,#8104,#8105);
#8103 = CARTESIAN_POINT('',(-0.32,-0.24,8.46));
#8104 = DIRECTION('',(-1.735167508357E-18,0.707106781187,-0.707106781187
    ));
#8105 = DIRECTION('',(-1.,-1.226948711654E-18,1.226948711654E-18));
#8106 = ADVANCED_FACE('',(#8107),#8125,.T.);
#8107 = FACE_BOUND('',#8108,.T.);
#8108 = EDGE_LOOP('',(#8109,#8110,#8111,#8119));
#8109 = ORIENTED_EDGE('',*,*,#8088,.F.);
#8110 = ORIENTED_EDGE('',*,*,#7736,.T.);
#8111 = ORIENTED_EDGE('',*,*,#8112,.T.);
#8112 = EDGE_CURVE('',#7729,#8113,#8115,.T.);
#8113 = VERTEX_POINT('',#8114);
#8114 = CARTESIAN_POINT('',(0.16,0.16,8.54));
#8115 = LINE('',#8116,#8117);
#8116 = CARTESIAN_POINT('',(5.333333333333E-02,5.333333333333E-02,
    8.646666666667));
#8117 = VECTOR('',#8118,1.);
#8118 = DIRECTION('',(-0.57735026919,-0.57735026919,0.57735026919));
#8119 = ORIENTED_EDGE('',*,*,#8120,.F.);
#8120 = EDGE_CURVE('',#8089,#8113,#8121,.T.);
#8121 = LINE('',#8122,#8123);
#8122 = CARTESIAN_POINT('',(0.16,-0.32,8.54));
#8123 = VECTOR('',#8124,1.);
#8124 = DIRECTION('',(0.,1.,0.));
#8125 = PLANE('',#8126);
#8126 = AXIS2_PLACEMENT_3D('',#8127,#8128,#8129);
#8127 = CARTESIAN_POINT('',(0.24,-0.32,8.46));
#8128 = DIRECTION('',(0.707106781187,-1.735167508357E-18,0.707106781187)
  );
#8129 = DIRECTION('',(1.226948711654E-18,1.,1.226948711654E-18));
#8130 = ADVANCED_FACE('',(#8131),#8149,.T.);
#8131 = FACE_BOUND('',#8132,.F.);
#8132 = EDGE_LOOP('',(#8133,#8141,#8142,#8143));
#8133 = ORIENTED_EDGE('',*,*,#8134,.F.);
#8134 = EDGE_CURVE('',#7753,#8135,#8137,.T.);
#8135 = VERTEX_POINT('',#8136);
#8136 = CARTESIAN_POINT('',(-0.16,0.16,8.54));
#8137 = LINE('',#8138,#8139);
#8138 = CARTESIAN_POINT('',(-0.16,0.16,8.54));
#8139 = VECTOR('',#8140,1.);
#8140 = DIRECTION('',(0.57735026919,-0.57735026919,0.57735026919));
#8141 = ORIENTED_EDGE('',*,*,#7760,.T.);
#8142 = ORIENTED_EDGE('',*,*,#8112,.T.);
#8143 = ORIENTED_EDGE('',*,*,#8144,.F.);
#8144 = EDGE_CURVE('',#8135,#8113,#8145,.T.);
#8145 = LINE('',#8146,#8147);
#8146 = CARTESIAN_POINT('',(-0.32,0.16,8.54));
#8147 = VECTOR('',#8148,1.);
#8148 = DIRECTION('',(1.,0.,0.));
#8149 = PLANE('',#8150);
#8150 = AXIS2_PLACEMENT_3D('',#8151,#8152,#8153);
#8151 = CARTESIAN_POINT('',(-0.32,0.24,8.46));
#8152 = DIRECTION('',(1.735167508357E-18,0.707106781187,0.707106781187)
  );
#8153 = DIRECTION('',(-1.,1.226948711654E-18,1.226948711654E-18));
#8154 = ADVANCED_FACE('',(#8155),#8166,.F.);
#8155 = FACE_BOUND('',#8156,.F.);
#8156 = EDGE_LOOP('',(#8157,#8158,#8159,#8160));
#8157 = ORIENTED_EDGE('',*,*,#8079,.F.);
#8158 = ORIENTED_EDGE('',*,*,#7777,.T.);
#8159 = ORIENTED_EDGE('',*,*,#8134,.T.);
#8160 = ORIENTED_EDGE('',*,*,#8161,.F.);
#8161 = EDGE_CURVE('',#8080,#8135,#8162,.T.);
#8162 = LINE('',#8163,#8164);
#8163 = CARTESIAN_POINT('',(-0.16,-0.32,8.54));
#8164 = VECTOR('',#8165,1.);
#8165 = DIRECTION('',(0.,1.,0.));
#8166 = PLANE('',#8167);
#8167 = AXIS2_PLACEMENT_3D('',#8168,#8169,#8170);
#8168 = CARTESIAN_POINT('',(-0.24,-0.32,8.46));
#8169 = DIRECTION('',(0.707106781187,1.735167508357E-18,-0.707106781187)
  );
#8170 = DIRECTION('',(-1.226948711654E-18,1.,1.226948711654E-18));
#8171 = ADVANCED_FACE('',(#8172),#8197,.F.);
#8172 = FACE_BOUND('',#8173,.T.);
#8173 = EDGE_LOOP('',(#8174,#8182,#8183,#8191));
#8174 = ORIENTED_EDGE('',*,*,#8175,.F.);
#8175 = EDGE_CURVE('',#7801,#8176,#8178,.T.);
#8176 = VERTEX_POINT('',#8177);
#8177 = CARTESIAN_POINT('',(-0.16,-2.7,8.54));
#8178 = LINE('',#8179,#8180);
#8179 = CARTESIAN_POINT('',(-0.266666666667,-2.806666666667,
    8.433333333333));
#8180 = VECTOR('',#8181,1.);
#8181 = DIRECTION('',(0.57735026919,0.57735026919,0.57735026919));
#8182 = ORIENTED_EDGE('',*,*,#7808,.T.);
#8183 = ORIENTED_EDGE('',*,*,#8184,.T.);
#8184 = EDGE_CURVE('',#7792,#8185,#8187,.T.);
#8185 = VERTEX_POINT('',#8186);
#8186 = CARTESIAN_POINT('',(0.16,-2.7,8.54));
#8187 = LINE('',#8188,#8189);
#8188 = CARTESIAN_POINT('',(0.16,-2.7,8.54));
#8189 = VECTOR('',#8190,1.);
#8190 = DIRECTION('',(-0.57735026919,0.57735026919,0.57735026919));
#8191 = ORIENTED_EDGE('',*,*,#8192,.F.);
#8192 = EDGE_CURVE('',#8176,#8185,#8193,.T.);
#8193 = LINE('',#8194,#8195);
#8194 = CARTESIAN_POINT('',(-0.32,-2.7,8.54));
#8195 = VECTOR('',#8196,1.);
#8196 = DIRECTION('',(1.,0.,0.));
#8197 = PLANE('',#8198);
#8198 = AXIS2_PLACEMENT_3D('',#8199,#8200,#8201);
#8199 = CARTESIAN_POINT('',(-0.32,-2.78,8.46));
#8200 = DIRECTION('',(-1.735167508357E-18,0.707106781187,-0.707106781187
    ));
#8201 = DIRECTION('',(-1.,-1.226948711654E-18,1.226948711654E-18));
#8202 = ADVANCED_FACE('',(#8203),#8221,.T.);
#8203 = FACE_BOUND('',#8204,.T.);
#8204 = EDGE_LOOP('',(#8205,#8206,#8207,#8215));
#8205 = ORIENTED_EDGE('',*,*,#8184,.F.);
#8206 = ORIENTED_EDGE('',*,*,#7832,.T.);
#8207 = ORIENTED_EDGE('',*,*,#8208,.T.);
#8208 = EDGE_CURVE('',#7825,#8209,#8211,.T.);
#8209 = VERTEX_POINT('',#8210);
#8210 = CARTESIAN_POINT('',(0.16,-2.38,8.54));
#8211 = LINE('',#8212,#8213);
#8212 = CARTESIAN_POINT('',(5.333333333333E-02,-2.486666666667,
    8.646666666667));
#8213 = VECTOR('',#8214,1.);
#8214 = DIRECTION('',(-0.57735026919,-0.57735026919,0.57735026919));
#8215 = ORIENTED_EDGE('',*,*,#8216,.F.);
#8216 = EDGE_CURVE('',#8185,#8209,#8217,.T.);
#8217 = LINE('',#8218,#8219);
#8218 = CARTESIAN_POINT('',(0.16,-2.86,8.54));
#8219 = VECTOR('',#8220,1.);
#8220 = DIRECTION('',(0.,1.,0.));
#8221 = PLANE('',#8222);
#8222 = AXIS2_PLACEMENT_3D('',#8223,#8224,#8225);
#8223 = CARTESIAN_POINT('',(0.24,-2.86,8.46));
#8224 = DIRECTION('',(0.707106781187,-1.735167508357E-18,0.707106781187)
  );
#8225 = DIRECTION('',(1.226948711654E-18,1.,1.226948711654E-18));
#8226 = ADVANCED_FACE('',(#8227),#8245,.T.);
#8227 = FACE_BOUND('',#8228,.F.);
#8228 = EDGE_LOOP('',(#8229,#8237,#8238,#8239));
#8229 = ORIENTED_EDGE('',*,*,#8230,.F.);
#8230 = EDGE_CURVE('',#7849,#8231,#8233,.T.);
#8231 = VERTEX_POINT('',#8232);
#8232 = CARTESIAN_POINT('',(-0.16,-2.38,8.54));
#8233 = LINE('',#8234,#8235);
#8234 = CARTESIAN_POINT('',(-0.16,-2.38,8.54));
#8235 = VECTOR('',#8236,1.);
#8236 = DIRECTION('',(0.57735026919,-0.57735026919,0.57735026919));
#8237 = ORIENTED_EDGE('',*,*,#7856,.T.);
#8238 = ORIENTED_EDGE('',*,*,#8208,.T.);
#8239 = ORIENTED_EDGE('',*,*,#8240,.F.);
#8240 = EDGE_CURVE('',#8231,#8209,#8241,.T.);
#8241 = LINE('',#8242,#8243);
#8242 = CARTESIAN_POINT('',(-0.32,-2.38,8.54));
#8243 = VECTOR('',#8244,1.);
#8244 = DIRECTION('',(1.,0.,0.));
#8245 = PLANE('',#8246);
#8246 = AXIS2_PLACEMENT_3D('',#8247,#8248,#8249);
#8247 = CARTESIAN_POINT('',(-0.32,-2.3,8.46));
#8248 = DIRECTION('',(1.735167508357E-18,0.707106781187,0.707106781187)
  );
#8249 = DIRECTION('',(-1.,1.226948711654E-18,1.226948711654E-18));
#8250 = ADVANCED_FACE('',(#8251),#8262,.F.);
#8251 = FACE_BOUND('',#8252,.F.);
#8252 = EDGE_LOOP('',(#8253,#8254,#8255,#8256));
#8253 = ORIENTED_EDGE('',*,*,#8175,.F.);
#8254 = ORIENTED_EDGE('',*,*,#7873,.T.);
#8255 = ORIENTED_EDGE('',*,*,#8230,.T.);
#8256 = ORIENTED_EDGE('',*,*,#8257,.F.);
#8257 = EDGE_CURVE('',#8176,#8231,#8258,.T.);
#8258 = LINE('',#8259,#8260);
#8259 = CARTESIAN_POINT('',(-0.16,-2.86,8.54));
#8260 = VECTOR('',#8261,1.);
#8261 = DIRECTION('',(0.,1.,0.));
#8262 = PLANE('',#8263);
#8263 = AXIS2_PLACEMENT_3D('',#8264,#8265,#8266);
#8264 = CARTESIAN_POINT('',(-0.24,-2.86,8.46));
#8265 = DIRECTION('',(0.707106781187,1.735167508357E-18,-0.707106781187)
  );
#8266 = DIRECTION('',(-1.226948711654E-18,1.,1.226948711654E-18));
#8267 = ADVANCED_FACE('',(#8268),#8274,.F.);
#8268 = FACE_BOUND('',#8269,.F.);
#8269 = EDGE_LOOP('',(#8270,#8271,#8272,#8273));
#8270 = ORIENTED_EDGE('',*,*,#7969,.F.);
#8271 = ORIENTED_EDGE('',*,*,#7904,.T.);
#8272 = ORIENTED_EDGE('',*,*,#7928,.T.);
#8273 = ORIENTED_EDGE('',*,*,#7952,.F.);
#8274 = PLANE('',#8275);
#8275 = AXIS2_PLACEMENT_3D('',#8276,#8277,#8278);
#8276 = CARTESIAN_POINT('',(-0.32,-0.32,-3.));
#8277 = DIRECTION('',(0.,0.,1.));
#8278 = DIRECTION('',(1.,0.,-0.));
#8279 = ADVANCED_FACE('',(#8280),#8286,.F.);
#8280 = FACE_BOUND('',#8281,.F.);
#8281 = EDGE_LOOP('',(#8282,#8283,#8284,#8285));
#8282 = ORIENTED_EDGE('',*,*,#8065,.F.);
#8283 = ORIENTED_EDGE('',*,*,#8000,.T.);
#8284 = ORIENTED_EDGE('',*,*,#8024,.T.);
#8285 = ORIENTED_EDGE('',*,*,#8048,.F.);
#8286 = PLANE('',#8287);
#8287 = AXIS2_PLACEMENT_3D('',#8288,#8289,#8290);
#8288 = CARTESIAN_POINT('',(-0.32,-2.86,-3.));
#8289 = DIRECTION('',(0.,0.,1.));
#8290 = DIRECTION('',(1.,0.,-0.));
#8291 = ADVANCED_FACE('',(#8292),#8298,.T.);
#8292 = FACE_BOUND('',#8293,.T.);
#8293 = EDGE_LOOP('',(#8294,#8295,#8296,#8297));
#8294 = ORIENTED_EDGE('',*,*,#8144,.F.);
#8295 = ORIENTED_EDGE('',*,*,#8161,.F.);
#8296 = ORIENTED_EDGE('',*,*,#8096,.T.);
#8297 = ORIENTED_EDGE('',*,*,#8120,.T.);
#8298 = PLANE('',#8299);
#8299 = AXIS2_PLACEMENT_3D('',#8300,#8301,#8302);
#8300 = CARTESIAN_POINT('',(-0.32,-0.32,8.54));
#8301 = DIRECTION('',(0.,0.,1.));
#8302 = DIRECTION('',(1.,0.,-0.));
#8303 = ADVANCED_FACE('',(#8304),#8310,.T.);
#8304 = FACE_BOUND('',#8305,.T.);
#8305 = EDGE_LOOP('',(#8306,#8307,#8308,#8309));
#8306 = ORIENTED_EDGE('',*,*,#8240,.F.);
#8307 = ORIENTED_EDGE('',*,*,#8257,.F.);
#8308 = ORIENTED_EDGE('',*,*,#8192,.T.);
#8309 = ORIENTED_EDGE('',*,*,#8216,.T.);
#8310 = PLANE('',#8311);
#8311 = AXIS2_PLACEMENT_3D('',#8312,#8313,#8314);
#8312 = CARTESIAN_POINT('',(-0.32,-2.86,8.54));
#8313 = DIRECTION('',(0.,0.,1.));
#8314 = DIRECTION('',(1.,0.,-0.));
#8315 = ( GEOMETRIC_REPRESENTATION_CONTEXT(3) 
GLOBAL_UNCERTAINTY_ASSIGNED_CONTEXT((#8319)) 
GLOBAL_UNIT_ASSIGNED_CONTEXT((#8316,#8317,#8318)) REPRESENTATION_CONTEXT
('Context #1','3D Context with UNIT and UNCERTAINTY') );
#8316 = ( LENGTH_UNIT() NAMED_UNIT(*) SI_UNIT(.MILLI.,.METRE.) );
#8317 = ( NAMED_UNIT(*) PLANE_ANGLE_UNIT() SI_UNIT($,.RADIAN.) );
#8318 = ( NAMED_UNIT(*) SI_UNIT($,.STERADIAN.) SOLID_ANGLE_UNIT() );
#8319 = UNCERTAINTY_MEASURE_WITH_UNIT(LENGTH_MEASURE(1.E-07),#8316,
  'distance_accuracy_value','confusion accuracy');
#8320 = CONTEXT_DEPENDENT_SHAPE_REPRESENTATION(#8321,#8323);
#8321 = ( REPRESENTATION_RELATIONSHIP('','',#6882,#10) 
REPRESENTATION_RELATIONSHIP_WITH_TRANSFORMATION(#8322) 
SHAPE_REPRESENTATION_RELATIONSHIP() );
#8322 = ITEM_DEFINED_TRANSFORMATION('','',#11,#35);
#8323 = PRODUCT_DEFINITION_SHAPE('Placement','Placement of an item',
  #8324);
#8324 = NEXT_ASSEMBLY_USAGE_OCCURRENCE('6','J3','',#5,#6877,$);
#8325 = PRODUCT_RELATED_PRODUCT_CATEGORY('part',$,(#6879));
#8326 = SHAPE_DEFINITION_REPRESENTATION(#8327,#8333);
#8327 = PRODUCT_DEFINITION_SHAPE('','',#8328);
#8328 = PRODUCT_DEFINITION('design','',#8329,#8332);
#8329 = PRODUCT_DEFINITION_FORMATION('','',#8330);
#8330 = PRODUCT('R_1206_3216Metric','R_1206_3216Metric','',(#8331));
#8331 = PRODUCT_CONTEXT('',#2,'mechanical');
#8332 = PRODUCT_DEFINITION_CONTEXT('part definition',#2,'design');
#8333 = ADVANCED_BREP_SHAPE_REPRESENTATION('',(#11,#8334),#9124);
#8334 = MANIFOLD_SOLID_BREP('',#8335);
#8335 = CLOSED_SHELL('',(#8336,#8376,#8459,#8484,#8509,#8576,#8593,#8610
    ,#8659,#8676,#8693,#8742,#8759,#8828,#8859,#8883,#8952,#8976,#8993,
    #9010,#9027,#9044,#9061,#9078,#9095,#9112));
#8336 = ADVANCED_FACE('',(#8337),#8371,.F.);
#8337 = FACE_BOUND('',#8338,.F.);
#8338 = EDGE_LOOP('',(#8339,#8349,#8357,#8365));
#8339 = ORIENTED_EDGE('',*,*,#8340,.F.);
#8340 = EDGE_CURVE('',#8341,#8343,#8345,.T.);
#8341 = VERTEX_POINT('',#8342);
#8342 = CARTESIAN_POINT('',(-1.6,-0.8,5.5E-02));
#8343 = VERTEX_POINT('',#8344);
#8344 = CARTESIAN_POINT('',(-1.6,-0.8,0.495));
#8345 = LINE('',#8346,#8347);
#8346 = CARTESIAN_POINT('',(-1.6,-0.8,0.));
#8347 = VECTOR('',#8348,1.);
#8348 = DIRECTION('',(0.,0.,1.));
#8349 = ORIENTED_EDGE('',*,*,#8350,.T.);
#8350 = EDGE_CURVE('',#8341,#8351,#8353,.T.);
#8351 = VERTEX_POINT('',#8352);
#8352 = CARTESIAN_POINT('',(-1.6,0.8,5.5E-02));
#8353 = LINE('',#8354,#8355);
#8354 = CARTESIAN_POINT('',(-1.6,-0.8,5.5E-02));
#8355 = VECTOR('',#8356,1.);
#8356 = DIRECTION('',(0.,1.,0.));
#8357 = ORIENTED_EDGE('',*,*,#8358,.T.);
#8358 = EDGE_CURVE('',#8351,#8359,#8361,.T.);
#8359 = VERTEX_POINT('',#8360);
#8360 = CARTESIAN_POINT('',(-1.6,0.8,0.495));
#8361 = LINE('',#8362,#8363);
#8362 = CARTESIAN_POINT('',(-1.6,0.8,0.));
#8363 = VECTOR('',#8364,1.);
#8364 = DIRECTION('',(0.,0.,1.));
#8365 = ORIENTED_EDGE('',*,*,#8366,.F.);
#8366 = EDGE_CURVE('',#8343,#8359,#8367,.T.);
#8367 = LINE('',#8368,#8369);
#8368 = CARTESIAN_POINT('',(-1.6,-0.8,0.495));
#8369 = VECTOR('',#8370,1.);
#8370 = DIRECTION('',(0.,1.,0.));
#8371 = PLANE('',#8372);
#8372 = AXIS2_PLACEMENT_3D('',#8373,#8374,#8375);
#8373 = CARTESIAN_POINT('',(-1.6,-0.8,0.));
#8374 = DIRECTION('',(1.,0.,0.));
#8375 = DIRECTION('',(0.,0.,1.));
#8376 = ADVANCED_FACE('',(#8377),#8454,.F.);
#8377 = FACE_BOUND('',#8378,.F.);
#8378 = EDGE_LOOP('',(#8379,#8389,#8396,#8397,#8406,#8414,#8423,#8431,
    #8439,#8447));
#8379 = ORIENTED_EDGE('',*,*,#8380,.F.);
#8380 = EDGE_CURVE('',#8381,#8383,#8385,.T.);
#8381 = VERTEX_POINT('',#8382);
#8382 = CARTESIAN_POINT('',(-1.545,-0.8,0.));
#8383 = VERTEX_POINT('',#8384);
#8384 = CARTESIAN_POINT('',(-1.255,-0.8,0.));
#8385 = LINE('',#8386,#8387);
#8386 = CARTESIAN_POINT('',(-1.6,-0.8,0.));
#8387 = VECTOR('',#8388,1.);
#8388 = DIRECTION('',(1.,0.,0.));
#8389 = ORIENTED_EDGE('',*,*,#8390,.F.);
#8390 = EDGE_CURVE('',#8341,#8381,#8391,.T.);
#8391 = CIRCLE('',#8392,5.5E-02);
#8392 = AXIS2_PLACEMENT_3D('',#8393,#8394,#8395);
#8393 = CARTESIAN_POINT('',(-1.545,-0.8,5.5E-02));
#8394 = DIRECTION('',(0.,-1.,0.));
#8395 = DIRECTION('',(0.,0.,1.));
#8396 = ORIENTED_EDGE('',*,*,#8340,.T.);
#8397 = ORIENTED_EDGE('',*,*,#8398,.T.);
#8398 = EDGE_CURVE('',#8343,#8399,#8401,.T.);
#8399 = VERTEX_POINT('',#8400);
#8400 = CARTESIAN_POINT('',(-1.545,-0.8,0.55));
#8401 = CIRCLE('',#8402,5.5E-02);
#8402 = AXIS2_PLACEMENT_3D('',#8403,#8404,#8405);
#8403 = CARTESIAN_POINT('',(-1.545,-0.8,0.495));
#8404 = DIRECTION('',(0.,1.,0.));
#8405 = DIRECTION('',(0.,-0.,1.));
#8406 = ORIENTED_EDGE('',*,*,#8407,.T.);
#8407 = EDGE_CURVE('',#8399,#8408,#8410,.T.);
#8408 = VERTEX_POINT('',#8409);
#8409 = CARTESIAN_POINT('',(-1.255,-0.8,0.55));
#8410 = LINE('',#8411,#8412);
#8411 = CARTESIAN_POINT('',(-1.6,-0.8,0.55));
#8412 = VECTOR('',#8413,1.);
#8413 = DIRECTION('',(1.,0.,0.));
#8414 = ORIENTED_EDGE('',*,*,#8415,.F.);
#8415 = EDGE_CURVE('',#8416,#8408,#8418,.T.);
#8416 = VERTEX_POINT('',#8417);
#8417 = CARTESIAN_POINT('',(-1.2,-0.8,0.495));
#8418 = CIRCLE('',#8419,5.5E-02);
#8419 = AXIS2_PLACEMENT_3D('',#8420,#8421,#8422);
#8420 = CARTESIAN_POINT('',(-1.255,-0.8,0.495));
#8421 = DIRECTION('',(0.,-1.,0.));
#8422 = DIRECTION('',(0.,0.,1.));
#8423 = ORIENTED_EDGE('',*,*,#8424,.F.);
#8424 = EDGE_CURVE('',#8425,#8416,#8427,.T.);
#8425 = VERTEX_POINT('',#8426);
#8426 = CARTESIAN_POINT('',(-1.545,-0.8,0.495));
#8427 = LINE('',#8428,#8429);
#8428 = CARTESIAN_POINT('',(-1.545,-0.8,0.495));
#8429 = VECTOR('',#8430,1.);
#8430 = DIRECTION('',(1.,0.,0.));
#8431 = ORIENTED_EDGE('',*,*,#8432,.F.);
#8432 = EDGE_CURVE('',#8433,#8425,#8435,.T.);
#8433 = VERTEX_POINT('',#8434);
#8434 = CARTESIAN_POINT('',(-1.545,-0.8,5.5E-02));
#8435 = LINE('',#8436,#8437);
#8436 = CARTESIAN_POINT('',(-1.545,-0.8,5.5E-02));
#8437 = VECTOR('',#8438,1.);
#8438 = DIRECTION('',(0.,0.,1.));
#8439 = ORIENTED_EDGE('',*,*,#8440,.T.);
#8440 = EDGE_CURVE('',#8433,#8441,#8443,.T.);
#8441 = VERTEX_POINT('',#8442);
#8442 = CARTESIAN_POINT('',(-1.2,-0.8,5.5E-02));
#8443 = LINE('',#8444,#8445);
#8444 = CARTESIAN_POINT('',(-1.545,-0.8,5.5E-02));
#8445 = VECTOR('',#8446,1.);
#8446 = DIRECTION('',(1.,0.,0.));
#8447 = ORIENTED_EDGE('',*,*,#8448,.T.);
#8448 = EDGE_CURVE('',#8441,#8383,#8449,.T.);
#8449 = CIRCLE('',#8450,5.5E-02);
#8450 = AXIS2_PLACEMENT_3D('',#8451,#8452,#8453);
#8451 = CARTESIAN_POINT('',(-1.255,-0.8,5.5E-02));
#8452 = DIRECTION('',(0.,1.,0.));
#8453 = DIRECTION('',(0.,-0.,1.));
#8454 = PLANE('',#8455);
#8455 = AXIS2_PLACEMENT_3D('',#8456,#8457,#8458);
#8456 = CARTESIAN_POINT('',(-1.6,-0.8,0.));
#8457 = DIRECTION('',(0.,1.,0.));
#8458 = DIRECTION('',(0.,-0.,1.));
#8459 = ADVANCED_FACE('',(#8460),#8479,.T.);
#8460 = FACE_BOUND('',#8461,.T.);
#8461 = EDGE_LOOP('',(#8462,#8463,#8472,#8478));
#8462 = ORIENTED_EDGE('',*,*,#8350,.T.);
#8463 = ORIENTED_EDGE('',*,*,#8464,.T.);
#8464 = EDGE_CURVE('',#8351,#8465,#8467,.T.);
#8465 = VERTEX_POINT('',#8466);
#8466 = CARTESIAN_POINT('',(-1.545,0.8,0.));
#8467 = CIRCLE('',#8468,5.5E-02);
#8468 = AXIS2_PLACEMENT_3D('',#8469,#8470,#8471);
#8469 = CARTESIAN_POINT('',(-1.545,0.8,5.5E-02));
#8470 = DIRECTION('',(0.,-1.,0.));
#8471 = DIRECTION('',(0.,0.,1.));
#8472 = ORIENTED_EDGE('',*,*,#8473,.F.);
#8473 = EDGE_CURVE('',#8381,#8465,#8474,.T.);
#8474 = LINE('',#8475,#8476);
#8475 = CARTESIAN_POINT('',(-1.545,-0.8,0.));
#8476 = VECTOR('',#8477,1.);
#8477 = DIRECTION('',(0.,1.,0.));
#8478 = ORIENTED_EDGE('',*,*,#8390,.F.);
#8479 = CYLINDRICAL_SURFACE('',#8480,5.5E-02);
#8480 = AXIS2_PLACEMENT_3D('',#8481,#8482,#8483);
#8481 = CARTESIAN_POINT('',(-1.545,-0.8,5.5E-02));
#8482 = DIRECTION('',(0.,1.,0.));
#8483 = DIRECTION('',(-1.,0.,0.));
#8484 = ADVANCED_FACE('',(#8485),#8504,.T.);
#8485 = FACE_BOUND('',#8486,.T.);
#8486 = EDGE_LOOP('',(#8487,#8488,#8496,#8503));
#8487 = ORIENTED_EDGE('',*,*,#8398,.T.);
#8488 = ORIENTED_EDGE('',*,*,#8489,.T.);
#8489 = EDGE_CURVE('',#8399,#8490,#8492,.T.);
#8490 = VERTEX_POINT('',#8491);
#8491 = CARTESIAN_POINT('',(-1.545,0.8,0.55));
#8492 = LINE('',#8493,#8494);
#8493 = CARTESIAN_POINT('',(-1.545,-0.8,0.55));
#8494 = VECTOR('',#8495,1.);
#8495 = DIRECTION('',(0.,1.,0.));
#8496 = ORIENTED_EDGE('',*,*,#8497,.F.);
#8497 = EDGE_CURVE('',#8359,#8490,#8498,.T.);
#8498 = CIRCLE('',#8499,5.5E-02);
#8499 = AXIS2_PLACEMENT_3D('',#8500,#8501,#8502);
#8500 = CARTESIAN_POINT('',(-1.545,0.8,0.495));
#8501 = DIRECTION('',(0.,1.,0.));
#8502 = DIRECTION('',(0.,-0.,1.));
#8503 = ORIENTED_EDGE('',*,*,#8366,.F.);
#8504 = CYLINDRICAL_SURFACE('',#8505,5.5E-02);
#8505 = AXIS2_PLACEMENT_3D('',#8506,#8507,#8508);
#8506 = CARTESIAN_POINT('',(-1.545,-0.8,0.495));
#8507 = DIRECTION('',(0.,1.,0.));
#8508 = DIRECTION('',(-1.,0.,0.));
#8509 = ADVANCED_FACE('',(#8510),#8571,.T.);
#8510 = FACE_BOUND('',#8511,.T.);
#8511 = EDGE_LOOP('',(#8512,#8520,#8521,#8522,#8523,#8531,#8540,#8548,
    #8556,#8564));
#8512 = ORIENTED_EDGE('',*,*,#8513,.F.);
#8513 = EDGE_CURVE('',#8465,#8514,#8516,.T.);
#8514 = VERTEX_POINT('',#8515);
#8515 = CARTESIAN_POINT('',(-1.255,0.8,0.));
#8516 = LINE('',#8517,#8518);
#8517 = CARTESIAN_POINT('',(-1.6,0.8,0.));
#8518 = VECTOR('',#8519,1.);
#8519 = DIRECTION('',(1.,0.,0.));
#8520 = ORIENTED_EDGE('',*,*,#8464,.F.);
#8521 = ORIENTED_EDGE('',*,*,#8358,.T.);
#8522 = ORIENTED_EDGE('',*,*,#8497,.T.);
#8523 = ORIENTED_EDGE('',*,*,#8524,.T.);
#8524 = EDGE_CURVE('',#8490,#8525,#8527,.T.);
#8525 = VERTEX_POINT('',#8526);
#8526 = CARTESIAN_POINT('',(-1.255,0.8,0.55));
#8527 = LINE('',#8528,#8529);
#8528 = CARTESIAN_POINT('',(-1.6,0.8,0.55));
#8529 = VECTOR('',#8530,1.);
#8530 = DIRECTION('',(1.,0.,0.));
#8531 = ORIENTED_EDGE('',*,*,#8532,.F.);
#8532 = EDGE_CURVE('',#8533,#8525,#8535,.T.);
#8533 = VERTEX_POINT('',#8534);
#8534 = CARTESIAN_POINT('',(-1.2,0.8,0.495));
#8535 = CIRCLE('',#8536,5.5E-02);
#8536 = AXIS2_PLACEMENT_3D('',#8537,#8538,#8539);
#8537 = CARTESIAN_POINT('',(-1.255,0.8,0.495));
#8538 = DIRECTION('',(0.,-1.,0.));
#8539 = DIRECTION('',(0.,0.,1.));
#8540 = ORIENTED_EDGE('',*,*,#8541,.F.);
#8541 = EDGE_CURVE('',#8542,#8533,#8544,.T.);
#8542 = VERTEX_POINT('',#8543);
#8543 = CARTESIAN_POINT('',(-1.545,0.8,0.495));
#8544 = LINE('',#8545,#8546);
#8545 = CARTESIAN_POINT('',(-1.545,0.8,0.495));
#8546 = VECTOR('',#8547,1.);
#8547 = DIRECTION('',(1.,0.,0.));
#8548 = ORIENTED_EDGE('',*,*,#8549,.F.);
#8549 = EDGE_CURVE('',#8550,#8542,#8552,.T.);
#8550 = VERTEX_POINT('',#8551);
#8551 = CARTESIAN_POINT('',(-1.545,0.8,5.5E-02));
#8552 = LINE('',#8553,#8554);
#8553 = CARTESIAN_POINT('',(-1.545,0.8,5.5E-02));
#8554 = VECTOR('',#8555,1.);
#8555 = DIRECTION('',(0.,0.,1.));
#8556 = ORIENTED_EDGE('',*,*,#8557,.T.);
#8557 = EDGE_CURVE('',#8550,#8558,#8560,.T.);
#8558 = VERTEX_POINT('',#8559);
#8559 = CARTESIAN_POINT('',(-1.2,0.8,5.5E-02));
#8560 = LINE('',#8561,#8562);
#8561 = CARTESIAN_POINT('',(-1.545,0.8,5.5E-02));
#8562 = VECTOR('',#8563,1.);
#8563 = DIRECTION('',(1.,0.,0.));
#8564 = ORIENTED_EDGE('',*,*,#8565,.T.);
#8565 = EDGE_CURVE('',#8558,#8514,#8566,.T.);
#8566 = CIRCLE('',#8567,5.5E-02);
#8567 = AXIS2_PLACEMENT_3D('',#8568,#8569,#8570);
#8568 = CARTESIAN_POINT('',(-1.255,0.8,5.5E-02));
#8569 = DIRECTION('',(0.,1.,0.));
#8570 = DIRECTION('',(0.,-0.,1.));
#8571 = PLANE('',#8572);
#8572 = AXIS2_PLACEMENT_3D('',#8573,#8574,#8575);
#8573 = CARTESIAN_POINT('',(-1.6,0.8,0.));
#8574 = DIRECTION('',(0.,1.,0.));
#8575 = DIRECTION('',(0.,-0.,1.));
#8576 = ADVANCED_FACE('',(#8577),#8588,.F.);
#8577 = FACE_BOUND('',#8578,.F.);
#8578 = EDGE_LOOP('',(#8579,#8580,#8581,#8582));
#8579 = ORIENTED_EDGE('',*,*,#8513,.F.);
#8580 = ORIENTED_EDGE('',*,*,#8473,.F.);
#8581 = ORIENTED_EDGE('',*,*,#8380,.T.);
#8582 = ORIENTED_EDGE('',*,*,#8583,.T.);
#8583 = EDGE_CURVE('',#8383,#8514,#8584,.T.);
#8584 = LINE('',#8585,#8586);
#8585 = CARTESIAN_POINT('',(-1.255,-0.8,0.));
#8586 = VECTOR('',#8587,1.);
#8587 = DIRECTION('',(0.,1.,0.));
#8588 = PLANE('',#8589);
#8589 = AXIS2_PLACEMENT_3D('',#8590,#8591,#8592);
#8590 = CARTESIAN_POINT('',(-1.6,-0.8,0.));
#8591 = DIRECTION('',(0.,0.,1.));
#8592 = DIRECTION('',(1.,0.,-0.));
#8593 = ADVANCED_FACE('',(#8594),#8605,.T.);
#8594 = FACE_BOUND('',#8595,.T.);
#8595 = EDGE_LOOP('',(#8596,#8597,#8598,#8599));
#8596 = ORIENTED_EDGE('',*,*,#8448,.T.);
#8597 = ORIENTED_EDGE('',*,*,#8583,.T.);
#8598 = ORIENTED_EDGE('',*,*,#8565,.F.);
#8599 = ORIENTED_EDGE('',*,*,#8600,.F.);
#8600 = EDGE_CURVE('',#8441,#8558,#8601,.T.);
#8601 = LINE('',#8602,#8603);
#8602 = CARTESIAN_POINT('',(-1.2,-0.8,5.5E-02));
#8603 = VECTOR('',#8604,1.);
#8604 = DIRECTION('',(0.,1.,0.));
#8605 = CYLINDRICAL_SURFACE('',#8606,5.5E-02);
#8606 = AXIS2_PLACEMENT_3D('',#8607,#8608,#8609);
#8607 = CARTESIAN_POINT('',(-1.255,-0.8,5.5E-02));
#8608 = DIRECTION('',(0.,1.,0.));
#8609 = DIRECTION('',(1.,0.,0.));
#8610 = ADVANCED_FACE('',(#8611),#8654,.F.);
#8611 = FACE_BOUND('',#8612,.F.);
#8612 = EDGE_LOOP('',(#8613,#8614,#8615,#8616,#8624,#8632,#8640,#8648));
#8613 = ORIENTED_EDGE('',*,*,#8440,.F.);
#8614 = ORIENTED_EDGE('',*,*,#8432,.T.);
#8615 = ORIENTED_EDGE('',*,*,#8424,.T.);
#8616 = ORIENTED_EDGE('',*,*,#8617,.T.);
#8617 = EDGE_CURVE('',#8416,#8618,#8620,.T.);
#8618 = VERTEX_POINT('',#8619);
#8619 = CARTESIAN_POINT('',(1.2,-0.8,0.495));
#8620 = LINE('',#8621,#8622);
#8621 = CARTESIAN_POINT('',(-1.2,-0.8,0.495));
#8622 = VECTOR('',#8623,1.);
#8623 = DIRECTION('',(1.,0.,0.));
#8624 = ORIENTED_EDGE('',*,*,#8625,.T.);
#8625 = EDGE_CURVE('',#8618,#8626,#8628,.T.);
#8626 = VERTEX_POINT('',#8627);
#8627 = CARTESIAN_POINT('',(1.545,-0.8,0.495));
#8628 = LINE('',#8629,#8630);
#8629 = CARTESIAN_POINT('',(-1.545,-0.8,0.495));
#8630 = VECTOR('',#8631,1.);
#8631 = DIRECTION('',(1.,0.,0.));
#8632 = ORIENTED_EDGE('',*,*,#8633,.F.);
#8633 = EDGE_CURVE('',#8634,#8626,#8636,.T.);
#8634 = VERTEX_POINT('',#8635);
#8635 = CARTESIAN_POINT('',(1.545,-0.8,5.5E-02));
#8636 = LINE('',#8637,#8638);
#8637 = CARTESIAN_POINT('',(1.545,-0.8,5.5E-02));
#8638 = VECTOR('',#8639,1.);
#8639 = DIRECTION('',(0.,0.,1.));
#8640 = ORIENTED_EDGE('',*,*,#8641,.F.);
#8641 = EDGE_CURVE('',#8642,#8634,#8644,.T.);
#8642 = VERTEX_POINT('',#8643);
#8643 = CARTESIAN_POINT('',(1.2,-0.8,5.5E-02));
#8644 = LINE('',#8645,#8646);
#8645 = CARTESIAN_POINT('',(-1.545,-0.8,5.5E-02));
#8646 = VECTOR('',#8647,1.);
#8647 = DIRECTION('',(1.,0.,0.));
#8648 = ORIENTED_EDGE('',*,*,#8649,.F.);
#8649 = EDGE_CURVE('',#8441,#8642,#8650,.T.);
#8650 = LINE('',#8651,#8652);
#8651 = CARTESIAN_POINT('',(-1.545,-0.8,5.5E-02));
#8652 = VECTOR('',#8653,1.);
#8653 = DIRECTION('',(1.,0.,0.));
#8654 = PLANE('',#8655);
#8655 = AXIS2_PLACEMENT_3D('',#8656,#8657,#8658);
#8656 = CARTESIAN_POINT('',(-1.545,-0.8,5.5E-02));
#8657 = DIRECTION('',(0.,1.,0.));
#8658 = DIRECTION('',(0.,-0.,1.));
#8659 = ADVANCED_FACE('',(#8660),#8671,.T.);
#8660 = FACE_BOUND('',#8661,.T.);
#8661 = EDGE_LOOP('',(#8662,#8663,#8664,#8665));
#8662 = ORIENTED_EDGE('',*,*,#8524,.F.);
#8663 = ORIENTED_EDGE('',*,*,#8489,.F.);
#8664 = ORIENTED_EDGE('',*,*,#8407,.T.);
#8665 = ORIENTED_EDGE('',*,*,#8666,.T.);
#8666 = EDGE_CURVE('',#8408,#8525,#8667,.T.);
#8667 = LINE('',#8668,#8669);
#8668 = CARTESIAN_POINT('',(-1.255,-0.8,0.55));
#8669 = VECTOR('',#8670,1.);
#8670 = DIRECTION('',(0.,1.,0.));
#8671 = PLANE('',#8672);
#8672 = AXIS2_PLACEMENT_3D('',#8673,#8674,#8675);
#8673 = CARTESIAN_POINT('',(-1.6,-0.8,0.55));
#8674 = DIRECTION('',(0.,0.,1.));
#8675 = DIRECTION('',(1.,0.,-0.));
#8676 = ADVANCED_FACE('',(#8677),#8688,.T.);
#8677 = FACE_BOUND('',#8678,.T.);
#8678 = EDGE_LOOP('',(#8679,#8685,#8686,#8687));
#8679 = ORIENTED_EDGE('',*,*,#8680,.T.);
#8680 = EDGE_CURVE('',#8416,#8533,#8681,.T.);
#8681 = LINE('',#8682,#8683);
#8682 = CARTESIAN_POINT('',(-1.2,-0.8,0.495));
#8683 = VECTOR('',#8684,1.);
#8684 = DIRECTION('',(0.,1.,0.));
#8685 = ORIENTED_EDGE('',*,*,#8532,.T.);
#8686 = ORIENTED_EDGE('',*,*,#8666,.F.);
#8687 = ORIENTED_EDGE('',*,*,#8415,.F.);
#8688 = CYLINDRICAL_SURFACE('',#8689,5.5E-02);
#8689 = AXIS2_PLACEMENT_3D('',#8690,#8691,#8692);
#8690 = CARTESIAN_POINT('',(-1.255,-0.8,0.495));
#8691 = DIRECTION('',(0.,1.,0.));
#8692 = DIRECTION('',(1.,0.,0.));
#8693 = ADVANCED_FACE('',(#8694),#8737,.T.);
#8694 = FACE_BOUND('',#8695,.T.);
#8695 = EDGE_LOOP('',(#8696,#8697,#8698,#8699,#8707,#8715,#8723,#8731));
#8696 = ORIENTED_EDGE('',*,*,#8557,.F.);
#8697 = ORIENTED_EDGE('',*,*,#8549,.T.);
#8698 = ORIENTED_EDGE('',*,*,#8541,.T.);
#8699 = ORIENTED_EDGE('',*,*,#8700,.T.);
#8700 = EDGE_CURVE('',#8533,#8701,#8703,.T.);
#8701 = VERTEX_POINT('',#8702);
#8702 = CARTESIAN_POINT('',(1.2,0.8,0.495));
#8703 = LINE('',#8704,#8705);
#8704 = CARTESIAN_POINT('',(-1.2,0.8,0.495));
#8705 = VECTOR('',#8706,1.);
#8706 = DIRECTION('',(1.,0.,0.));
#8707 = ORIENTED_EDGE('',*,*,#8708,.T.);
#8708 = EDGE_CURVE('',#8701,#8709,#8711,.T.);
#8709 = VERTEX_POINT('',#8710);
#8710 = CARTESIAN_POINT('',(1.545,0.8,0.495));
#8711 = LINE('',#8712,#8713);
#8712 = CARTESIAN_POINT('',(-1.545,0.8,0.495));
#8713 = VECTOR('',#8714,1.);
#8714 = DIRECTION('',(1.,0.,0.));
#8715 = ORIENTED_EDGE('',*,*,#8716,.F.);
#8716 = EDGE_CURVE('',#8717,#8709,#8719,.T.);
#8717 = VERTEX_POINT('',#8718);
#8718 = CARTESIAN_POINT('',(1.545,0.8,5.5E-02));
#8719 = LINE('',#8720,#8721);
#8720 = CARTESIAN_POINT('',(1.545,0.8,5.5E-02));
#8721 = VECTOR('',#8722,1.);
#8722 = DIRECTION('',(0.,0.,1.));
#8723 = ORIENTED_EDGE('',*,*,#8724,.F.);
#8724 = EDGE_CURVE('',#8725,#8717,#8727,.T.);
#8725 = VERTEX_POINT('',#8726);
#8726 = CARTESIAN_POINT('',(1.2,0.8,5.5E-02));
#8727 = LINE('',#8728,#8729);
#8728 = CARTESIAN_POINT('',(-1.545,0.8,5.5E-02));
#8729 = VECTOR('',#8730,1.);
#8730 = DIRECTION('',(1.,0.,0.));
#8731 = ORIENTED_EDGE('',*,*,#8732,.F.);
#8732 = EDGE_CURVE('',#8558,#8725,#8733,.T.);
#8733 = LINE('',#8734,#8735);
#8734 = CARTESIAN_POINT('',(-1.545,0.8,5.5E-02));
#8735 = VECTOR('',#8736,1.);
#8736 = DIRECTION('',(1.,0.,0.));
#8737 = PLANE('',#8738);
#8738 = AXIS2_PLACEMENT_3D('',#8739,#8740,#8741);
#8739 = CARTESIAN_POINT('',(-1.545,0.8,5.5E-02));
#8740 = DIRECTION('',(0.,1.,0.));
#8741 = DIRECTION('',(0.,-0.,1.));
#8742 = ADVANCED_FACE('',(#8743),#8754,.F.);
#8743 = FACE_BOUND('',#8744,.F.);
#8744 = EDGE_LOOP('',(#8745,#8746,#8747,#8753));
#8745 = ORIENTED_EDGE('',*,*,#8600,.F.);
#8746 = ORIENTED_EDGE('',*,*,#8649,.T.);
#8747 = ORIENTED_EDGE('',*,*,#8748,.T.);
#8748 = EDGE_CURVE('',#8642,#8725,#8749,.T.);
#8749 = LINE('',#8750,#8751);
#8750 = CARTESIAN_POINT('',(1.2,-0.8,5.5E-02));
#8751 = VECTOR('',#8752,1.);
#8752 = DIRECTION('',(0.,1.,0.));
#8753 = ORIENTED_EDGE('',*,*,#8732,.F.);
#8754 = PLANE('',#8755);
#8755 = AXIS2_PLACEMENT_3D('',#8756,#8757,#8758);
#8756 = CARTESIAN_POINT('',(-1.545,-0.8,5.5E-02));
#8757 = DIRECTION('',(0.,0.,1.));
#8758 = DIRECTION('',(1.,0.,-0.));
#8759 = ADVANCED_FACE('',(#8760),#8823,.F.);
#8760 = FACE_BOUND('',#8761,.F.);
#8761 = EDGE_LOOP('',(#8762,#8772,#8779,#8780,#8781,#8782,#8791,#8799,
    #8808,#8816));
#8762 = ORIENTED_EDGE('',*,*,#8763,.F.);
#8763 = EDGE_CURVE('',#8764,#8766,#8768,.T.);
#8764 = VERTEX_POINT('',#8765);
#8765 = CARTESIAN_POINT('',(1.255,-0.8,0.));
#8766 = VERTEX_POINT('',#8767);
#8767 = CARTESIAN_POINT('',(1.545,-0.8,0.));
#8768 = LINE('',#8769,#8770);
#8769 = CARTESIAN_POINT('',(1.2,-0.8,0.));
#8770 = VECTOR('',#8771,1.);
#8771 = DIRECTION('',(1.,0.,0.));
#8772 = ORIENTED_EDGE('',*,*,#8773,.F.);
#8773 = EDGE_CURVE('',#8642,#8764,#8774,.T.);
#8774 = CIRCLE('',#8775,5.5E-02);
#8775 = AXIS2_PLACEMENT_3D('',#8776,#8777,#8778);
#8776 = CARTESIAN_POINT('',(1.255,-0.8,5.5E-02));
#8777 = DIRECTION('',(0.,-1.,0.));
#8778 = DIRECTION('',(0.,0.,1.));
#8779 = ORIENTED_EDGE('',*,*,#8641,.T.);
#8780 = ORIENTED_EDGE('',*,*,#8633,.T.);
#8781 = ORIENTED_EDGE('',*,*,#8625,.F.);
#8782 = ORIENTED_EDGE('',*,*,#8783,.T.);
#8783 = EDGE_CURVE('',#8618,#8784,#8786,.T.);
#8784 = VERTEX_POINT('',#8785);
#8785 = CARTESIAN_POINT('',(1.255,-0.8,0.55));
#8786 = CIRCLE('',#8787,5.5E-02);
#8787 = AXIS2_PLACEMENT_3D('',#8788,#8789,#8790);
#8788 = CARTESIAN_POINT('',(1.255,-0.8,0.495));
#8789 = DIRECTION('',(0.,1.,0.));
#8790 = DIRECTION('',(0.,-0.,1.));
#8791 = ORIENTED_EDGE('',*,*,#8792,.T.);
#8792 = EDGE_CURVE('',#8784,#8793,#8795,.T.);
#8793 = VERTEX_POINT('',#8794);
#8794 = CARTESIAN_POINT('',(1.545,-0.8,0.55));
#8795 = LINE('',#8796,#8797);
#8796 = CARTESIAN_POINT('',(1.2,-0.8,0.55));
#8797 = VECTOR('',#8798,1.);
#8798 = DIRECTION('',(1.,0.,0.));
#8799 = ORIENTED_EDGE('',*,*,#8800,.F.);
#8800 = EDGE_CURVE('',#8801,#8793,#8803,.T.);
#8801 = VERTEX_POINT('',#8802);
#8802 = CARTESIAN_POINT('',(1.6,-0.8,0.495));
#8803 = CIRCLE('',#8804,5.5E-02);
#8804 = AXIS2_PLACEMENT_3D('',#8805,#8806,#8807);
#8805 = CARTESIAN_POINT('',(1.545,-0.8,0.495));
#8806 = DIRECTION('',(0.,-1.,0.));
#8807 = DIRECTION('',(0.,0.,1.));
#8808 = ORIENTED_EDGE('',*,*,#8809,.F.);
#8809 = EDGE_CURVE('',#8810,#8801,#8812,.T.);
#8810 = VERTEX_POINT('',#8811);
#8811 = CARTESIAN_POINT('',(1.6,-0.8,5.5E-02));
#8812 = LINE('',#8813,#8814);
#8813 = CARTESIAN_POINT('',(1.6,-0.8,0.));
#8814 = VECTOR('',#8815,1.);
#8815 = DIRECTION('',(0.,0.,1.));
#8816 = ORIENTED_EDGE('',*,*,#8817,.T.);
#8817 = EDGE_CURVE('',#8810,#8766,#8818,.T.);
#8818 = CIRCLE('',#8819,5.5E-02);
#8819 = AXIS2_PLACEMENT_3D('',#8820,#8821,#8822);
#8820 = CARTESIAN_POINT('',(1.545,-0.8,5.5E-02));
#8821 = DIRECTION('',(0.,1.,0.));
#8822 = DIRECTION('',(0.,-0.,1.));
#8823 = PLANE('',#8824);
#8824 = AXIS2_PLACEMENT_3D('',#8825,#8826,#8827);
#8825 = CARTESIAN_POINT('',(1.2,-0.8,0.));
#8826 = DIRECTION('',(0.,1.,0.));
#8827 = DIRECTION('',(0.,-0.,1.));
#8828 = ADVANCED_FACE('',(#8829),#8854,.F.);
#8829 = FACE_BOUND('',#8830,.F.);
#8830 = EDGE_LOOP('',(#8831,#8832,#8840,#8848));
#8831 = ORIENTED_EDGE('',*,*,#8617,.F.);
#8832 = ORIENTED_EDGE('',*,*,#8833,.T.);
#8833 = EDGE_CURVE('',#8416,#8834,#8836,.T.);
#8834 = VERTEX_POINT('',#8835);
#8835 = CARTESIAN_POINT('',(-1.2,-0.8,0.55));
#8836 = LINE('',#8837,#8838);
#8837 = CARTESIAN_POINT('',(-1.2,-0.8,0.495));
#8838 = VECTOR('',#8839,1.);
#8839 = DIRECTION('',(0.,0.,1.));
#8840 = ORIENTED_EDGE('',*,*,#8841,.T.);
#8841 = EDGE_CURVE('',#8834,#8842,#8844,.T.);
#8842 = VERTEX_POINT('',#8843);
#8843 = CARTESIAN_POINT('',(1.2,-0.8,0.55));
#8844 = LINE('',#8845,#8846);
#8845 = CARTESIAN_POINT('',(-1.2,-0.8,0.55));
#8846 = VECTOR('',#8847,1.);
#8847 = DIRECTION('',(1.,0.,0.));
#8848 = ORIENTED_EDGE('',*,*,#8849,.F.);
#8849 = EDGE_CURVE('',#8618,#8842,#8850,.T.);
#8850 = LINE('',#8851,#8852);
#8851 = CARTESIAN_POINT('',(1.2,-0.8,0.495));
#8852 = VECTOR('',#8853,1.);
#8853 = DIRECTION('',(0.,0.,1.));
#8854 = PLANE('',#8855);
#8855 = AXIS2_PLACEMENT_3D('',#8856,#8857,#8858);
#8856 = CARTESIAN_POINT('',(-1.2,-0.8,0.495));
#8857 = DIRECTION('',(0.,1.,0.));
#8858 = DIRECTION('',(0.,-0.,1.));
#8859 = ADVANCED_FACE('',(#8860),#8878,.F.);
#8860 = FACE_BOUND('',#8861,.F.);
#8861 = EDGE_LOOP('',(#8862,#8863,#8864,#8872));
#8862 = ORIENTED_EDGE('',*,*,#8833,.F.);
#8863 = ORIENTED_EDGE('',*,*,#8680,.T.);
#8864 = ORIENTED_EDGE('',*,*,#8865,.T.);
#8865 = EDGE_CURVE('',#8533,#8866,#8868,.T.);
#8866 = VERTEX_POINT('',#8867);
#8867 = CARTESIAN_POINT('',(-1.2,0.8,0.55));
#8868 = LINE('',#8869,#8870);
#8869 = CARTESIAN_POINT('',(-1.2,0.8,0.495));
#8870 = VECTOR('',#8871,1.);
#8871 = DIRECTION('',(0.,0.,1.));
#8872 = ORIENTED_EDGE('',*,*,#8873,.F.);
#8873 = EDGE_CURVE('',#8834,#8866,#8874,.T.);
#8874 = LINE('',#8875,#8876);
#8875 = CARTESIAN_POINT('',(-1.2,-0.8,0.55));
#8876 = VECTOR('',#8877,1.);
#8877 = DIRECTION('',(0.,1.,0.));
#8878 = PLANE('',#8879);
#8879 = AXIS2_PLACEMENT_3D('',#8880,#8881,#8882);
#8880 = CARTESIAN_POINT('',(-1.2,-0.8,0.495));
#8881 = DIRECTION('',(1.,0.,0.));
#8882 = DIRECTION('',(0.,0.,1.));
#8883 = ADVANCED_FACE('',(#8884),#8947,.T.);
#8884 = FACE_BOUND('',#8885,.T.);
#8885 = EDGE_LOOP('',(#8886,#8896,#8903,#8904,#8905,#8906,#8915,#8923,
    #8932,#8940));
#8886 = ORIENTED_EDGE('',*,*,#8887,.F.);
#8887 = EDGE_CURVE('',#8888,#8890,#8892,.T.);
#8888 = VERTEX_POINT('',#8889);
#8889 = CARTESIAN_POINT('',(1.255,0.8,0.));
#8890 = VERTEX_POINT('',#8891);
#8891 = CARTESIAN_POINT('',(1.545,0.8,0.));
#8892 = LINE('',#8893,#8894);
#8893 = CARTESIAN_POINT('',(1.2,0.8,0.));
#8894 = VECTOR('',#8895,1.);
#8895 = DIRECTION('',(1.,0.,0.));
#8896 = ORIENTED_EDGE('',*,*,#8897,.F.);
#8897 = EDGE_CURVE('',#8725,#8888,#8898,.T.);
#8898 = CIRCLE('',#8899,5.5E-02);
#8899 = AXIS2_PLACEMENT_3D('',#8900,#8901,#8902);
#8900 = CARTESIAN_POINT('',(1.255,0.8,5.5E-02));
#8901 = DIRECTION('',(0.,-1.,0.));
#8902 = DIRECTION('',(0.,0.,1.));
#8903 = ORIENTED_EDGE('',*,*,#8724,.T.);
#8904 = ORIENTED_EDGE('',*,*,#8716,.T.);
#8905 = ORIENTED_EDGE('',*,*,#8708,.F.);
#8906 = ORIENTED_EDGE('',*,*,#8907,.T.);
#8907 = EDGE_CURVE('',#8701,#8908,#8910,.T.);
#8908 = VERTEX_POINT('',#8909);
#8909 = CARTESIAN_POINT('',(1.255,0.8,0.55));
#8910 = CIRCLE('',#8911,5.5E-02);
#8911 = AXIS2_PLACEMENT_3D('',#8912,#8913,#8914);
#8912 = CARTESIAN_POINT('',(1.255,0.8,0.495));
#8913 = DIRECTION('',(0.,1.,0.));
#8914 = DIRECTION('',(0.,-0.,1.));
#8915 = ORIENTED_EDGE('',*,*,#8916,.T.);
#8916 = EDGE_CURVE('',#8908,#8917,#8919,.T.);
#8917 = VERTEX_POINT('',#8918);
#8918 = CARTESIAN_POINT('',(1.545,0.8,0.55));
#8919 = LINE('',#8920,#8921);
#8920 = CARTESIAN_POINT('',(1.2,0.8,0.55));
#8921 = VECTOR('',#8922,1.);
#8922 = DIRECTION('',(1.,0.,0.));
#8923 = ORIENTED_EDGE('',*,*,#8924,.F.);
#8924 = EDGE_CURVE('',#8925,#8917,#8927,.T.);
#8925 = VERTEX_POINT('',#8926);
#8926 = CARTESIAN_POINT('',(1.6,0.8,0.495));
#8927 = CIRCLE('',#8928,5.5E-02);
#8928 = AXIS2_PLACEMENT_3D('',#8929,#8930,#8931);
#8929 = CARTESIAN_POINT('',(1.545,0.8,0.495));
#8930 = DIRECTION('',(0.,-1.,0.));
#8931 = DIRECTION('',(0.,0.,1.));
#8932 = ORIENTED_EDGE('',*,*,#8933,.F.);
#8933 = EDGE_CURVE('',#8934,#8925,#8936,.T.);
#8934 = VERTEX_POINT('',#8935);
#8935 = CARTESIAN_POINT('',(1.6,0.8,5.5E-02));
#8936 = LINE('',#8937,#8938);
#8937 = CARTESIAN_POINT('',(1.6,0.8,0.));
#8938 = VECTOR('',#8939,1.);
#8939 = DIRECTION('',(0.,0.,1.));
#8940 = ORIENTED_EDGE('',*,*,#8941,.T.);
#8941 = EDGE_CURVE('',#8934,#8890,#8942,.T.);
#8942 = CIRCLE('',#8943,5.5E-02);
#8943 = AXIS2_PLACEMENT_3D('',#8944,#8945,#8946);
#8944 = CARTESIAN_POINT('',(1.545,0.8,5.5E-02));
#8945 = DIRECTION('',(0.,1.,0.));
#8946 = DIRECTION('',(0.,-0.,1.));
#8947 = PLANE('',#8948);
#8948 = AXIS2_PLACEMENT_3D('',#8949,#8950,#8951);
#8949 = CARTESIAN_POINT('',(1.2,0.8,0.));
#8950 = DIRECTION('',(0.,1.,0.));
#8951 = DIRECTION('',(0.,-0.,1.));
#8952 = ADVANCED_FACE('',(#8953),#8971,.T.);
#8953 = FACE_BOUND('',#8954,.T.);
#8954 = EDGE_LOOP('',(#8955,#8956,#8957,#8965));
#8955 = ORIENTED_EDGE('',*,*,#8700,.F.);
#8956 = ORIENTED_EDGE('',*,*,#8865,.T.);
#8957 = ORIENTED_EDGE('',*,*,#8958,.T.);
#8958 = EDGE_CURVE('',#8866,#8959,#8961,.T.);
#8959 = VERTEX_POINT('',#8960);
#8960 = CARTESIAN_POINT('',(1.2,0.8,0.55));
#8961 = LINE('',#8962,#8963);
#8962 = CARTESIAN_POINT('',(-1.2,0.8,0.55));
#8963 = VECTOR('',#8964,1.);
#8964 = DIRECTION('',(1.,0.,0.));
#8965 = ORIENTED_EDGE('',*,*,#8966,.F.);
#8966 = EDGE_CURVE('',#8701,#8959,#8967,.T.);
#8967 = LINE('',#8968,#8969);
#8968 = CARTESIAN_POINT('',(1.2,0.8,0.495));
#8969 = VECTOR('',#8970,1.);
#8970 = DIRECTION('',(0.,0.,1.));
#8971 = PLANE('',#8972);
#8972 = AXIS2_PLACEMENT_3D('',#8973,#8974,#8975);
#8973 = CARTESIAN_POINT('',(-1.2,0.8,0.495));
#8974 = DIRECTION('',(0.,1.,0.));
#8975 = DIRECTION('',(0.,-0.,1.));
#8976 = ADVANCED_FACE('',(#8977),#8988,.T.);
#8977 = FACE_BOUND('',#8978,.T.);
#8978 = EDGE_LOOP('',(#8979,#8980,#8981,#8987));
#8979 = ORIENTED_EDGE('',*,*,#8748,.T.);
#8980 = ORIENTED_EDGE('',*,*,#8897,.T.);
#8981 = ORIENTED_EDGE('',*,*,#8982,.F.);
#8982 = EDGE_CURVE('',#8764,#8888,#8983,.T.);
#8983 = LINE('',#8984,#8985);
#8984 = CARTESIAN_POINT('',(1.255,-0.8,0.));
#8985 = VECTOR('',#8986,1.);
#8986 = DIRECTION('',(0.,1.,0.));
#8987 = ORIENTED_EDGE('',*,*,#8773,.F.);
#8988 = CYLINDRICAL_SURFACE('',#8989,5.5E-02);
#8989 = AXIS2_PLACEMENT_3D('',#8990,#8991,#8992);
#8990 = CARTESIAN_POINT('',(1.255,-0.8,5.5E-02));
#8991 = DIRECTION('',(0.,1.,0.));
#8992 = DIRECTION('',(-1.,0.,0.));
#8993 = ADVANCED_FACE('',(#8994),#9005,.F.);
#8994 = FACE_BOUND('',#8995,.F.);
#8995 = EDGE_LOOP('',(#8996,#8997,#8998,#8999));
#8996 = ORIENTED_EDGE('',*,*,#8887,.F.);
#8997 = ORIENTED_EDGE('',*,*,#8982,.F.);
#8998 = ORIENTED_EDGE('',*,*,#8763,.T.);
#8999 = ORIENTED_EDGE('',*,*,#9000,.T.);
#9000 = EDGE_CURVE('',#8766,#8890,#9001,.T.);
#9001 = LINE('',#9002,#9003);
#9002 = CARTESIAN_POINT('',(1.545,-0.8,0.));
#9003 = VECTOR('',#9004,1.);
#9004 = DIRECTION('',(0.,1.,0.));
#9005 = PLANE('',#9006);
#9006 = AXIS2_PLACEMENT_3D('',#9007,#9008,#9009);
#9007 = CARTESIAN_POINT('',(1.2,-0.8,0.));
#9008 = DIRECTION('',(0.,0.,1.));
#9009 = DIRECTION('',(1.,0.,-0.));
#9010 = ADVANCED_FACE('',(#9011),#9022,.T.);
#9011 = FACE_BOUND('',#9012,.T.);
#9012 = EDGE_LOOP('',(#9013,#9014,#9015,#9016));
#9013 = ORIENTED_EDGE('',*,*,#8817,.T.);
#9014 = ORIENTED_EDGE('',*,*,#9000,.T.);
#9015 = ORIENTED_EDGE('',*,*,#8941,.F.);
#9016 = ORIENTED_EDGE('',*,*,#9017,.F.);
#9017 = EDGE_CURVE('',#8810,#8934,#9018,.T.);
#9018 = LINE('',#9019,#9020);
#9019 = CARTESIAN_POINT('',(1.6,-0.8,5.5E-02));
#9020 = VECTOR('',#9021,1.);
#9021 = DIRECTION('',(0.,1.,0.));
#9022 = CYLINDRICAL_SURFACE('',#9023,5.5E-02);
#9023 = AXIS2_PLACEMENT_3D('',#9024,#9025,#9026);
#9024 = CARTESIAN_POINT('',(1.545,-0.8,5.5E-02));
#9025 = DIRECTION('',(0.,1.,0.));
#9026 = DIRECTION('',(1.,0.,0.));
#9027 = ADVANCED_FACE('',(#9028),#9039,.T.);
#9028 = FACE_BOUND('',#9029,.T.);
#9029 = EDGE_LOOP('',(#9030,#9031,#9032,#9033));
#9030 = ORIENTED_EDGE('',*,*,#8809,.F.);
#9031 = ORIENTED_EDGE('',*,*,#9017,.T.);
#9032 = ORIENTED_EDGE('',*,*,#8933,.T.);
#9033 = ORIENTED_EDGE('',*,*,#9034,.F.);
#9034 = EDGE_CURVE('',#8801,#8925,#9035,.T.);
#9035 = LINE('',#9036,#9037);
#9036 = CARTESIAN_POINT('',(1.6,-0.8,0.495));
#9037 = VECTOR('',#9038,1.);
#9038 = DIRECTION('',(0.,1.,0.));
#9039 = PLANE('',#9040);
#9040 = AXIS2_PLACEMENT_3D('',#9041,#9042,#9043);
#9041 = CARTESIAN_POINT('',(1.6,-0.8,0.));
#9042 = DIRECTION('',(1.,0.,0.));
#9043 = DIRECTION('',(0.,0.,1.));
#9044 = ADVANCED_FACE('',(#9045),#9056,.T.);
#9045 = FACE_BOUND('',#9046,.T.);
#9046 = EDGE_LOOP('',(#9047,#9048,#9049,#9055));
#9047 = ORIENTED_EDGE('',*,*,#9034,.T.);
#9048 = ORIENTED_EDGE('',*,*,#8924,.T.);
#9049 = ORIENTED_EDGE('',*,*,#9050,.F.);
#9050 = EDGE_CURVE('',#8793,#8917,#9051,.T.);
#9051 = LINE('',#9052,#9053);
#9052 = CARTESIAN_POINT('',(1.545,-0.8,0.55));
#9053 = VECTOR('',#9054,1.);
#9054 = DIRECTION('',(0.,1.,0.));
#9055 = ORIENTED_EDGE('',*,*,#8800,.F.);
#9056 = CYLINDRICAL_SURFACE('',#9057,5.5E-02);
#9057 = AXIS2_PLACEMENT_3D('',#9058,#9059,#9060);
#9058 = CARTESIAN_POINT('',(1.545,-0.8,0.495));
#9059 = DIRECTION('',(0.,1.,0.));
#9060 = DIRECTION('',(1.,0.,0.));
#9061 = ADVANCED_FACE('',(#9062),#9073,.T.);
#9062 = FACE_BOUND('',#9063,.T.);
#9063 = EDGE_LOOP('',(#9064,#9065,#9071,#9072));
#9064 = ORIENTED_EDGE('',*,*,#8916,.F.);
#9065 = ORIENTED_EDGE('',*,*,#9066,.F.);
#9066 = EDGE_CURVE('',#8784,#8908,#9067,.T.);
#9067 = LINE('',#9068,#9069);
#9068 = CARTESIAN_POINT('',(1.255,-0.8,0.55));
#9069 = VECTOR('',#9070,1.);
#9070 = DIRECTION('',(0.,1.,0.));
#9071 = ORIENTED_EDGE('',*,*,#8792,.T.);
#9072 = ORIENTED_EDGE('',*,*,#9050,.T.);
#9073 = PLANE('',#9074);
#9074 = AXIS2_PLACEMENT_3D('',#9075,#9076,#9077);
#9075 = CARTESIAN_POINT('',(1.2,-0.8,0.55));
#9076 = DIRECTION('',(0.,0.,1.));
#9077 = DIRECTION('',(1.,0.,-0.));
#9078 = ADVANCED_FACE('',(#9079),#9090,.T.);
#9079 = FACE_BOUND('',#9080,.T.);
#9080 = EDGE_LOOP('',(#9081,#9082,#9083,#9084));
#9081 = ORIENTED_EDGE('',*,*,#8783,.T.);
#9082 = ORIENTED_EDGE('',*,*,#9066,.T.);
#9083 = ORIENTED_EDGE('',*,*,#8907,.F.);
#9084 = ORIENTED_EDGE('',*,*,#9085,.F.);
#9085 = EDGE_CURVE('',#8618,#8701,#9086,.T.);
#9086 = LINE('',#9087,#9088);
#9087 = CARTESIAN_POINT('',(1.2,-0.8,0.495));
#9088 = VECTOR('',#9089,1.);
#9089 = DIRECTION('',(0.,1.,0.));
#9090 = CYLINDRICAL_SURFACE('',#9091,5.5E-02);
#9091 = AXIS2_PLACEMENT_3D('',#9092,#9093,#9094);
#9092 = CARTESIAN_POINT('',(1.255,-0.8,0.495));
#9093 = DIRECTION('',(0.,1.,0.));
#9094 = DIRECTION('',(-1.,0.,0.));
#9095 = ADVANCED_FACE('',(#9096),#9107,.T.);
#9096 = FACE_BOUND('',#9097,.T.);
#9097 = EDGE_LOOP('',(#9098,#9099,#9100,#9101));
#9098 = ORIENTED_EDGE('',*,*,#8849,.F.);
#9099 = ORIENTED_EDGE('',*,*,#9085,.T.);
#9100 = ORIENTED_EDGE('',*,*,#8966,.T.);
#9101 = ORIENTED_EDGE('',*,*,#9102,.F.);
#9102 = EDGE_CURVE('',#8842,#8959,#9103,.T.);
#9103 = LINE('',#9104,#9105);
#9104 = CARTESIAN_POINT('',(1.2,-0.8,0.55));
#9105 = VECTOR('',#9106,1.);
#9106 = DIRECTION('',(0.,1.,0.));
#9107 = PLANE('',#9108);
#9108 = AXIS2_PLACEMENT_3D('',#9109,#9110,#9111);
#9109 = CARTESIAN_POINT('',(1.2,-0.8,0.495));
#9110 = DIRECTION('',(1.,0.,0.));
#9111 = DIRECTION('',(0.,0.,1.));
#9112 = ADVANCED_FACE('',(#9113),#9119,.T.);
#9113 = FACE_BOUND('',#9114,.T.);
#9114 = EDGE_LOOP('',(#9115,#9116,#9117,#9118));
#9115 = ORIENTED_EDGE('',*,*,#8873,.F.);
#9116 = ORIENTED_EDGE('',*,*,#8841,.T.);
#9117 = ORIENTED_EDGE('',*,*,#9102,.T.);
#9118 = ORIENTED_EDGE('',*,*,#8958,.F.);
#9119 = PLANE('',#9120);
#9120 = AXIS2_PLACEMENT_3D('',#9121,#9122,#9123);
#9121 = CARTESIAN_POINT('',(-1.2,-0.8,0.55));
#9122 = DIRECTION('',(0.,0.,1.));
#9123 = DIRECTION('',(1.,0.,-0.));
#9124 = ( GEOMETRIC_REPRESENTATION_CONTEXT(3) 
GLOBAL_UNCERTAINTY_ASSIGNED_CONTEXT((#9128)) 
GLOBAL_UNIT_ASSIGNED_CONTEXT((#9125,#9126,#9127)) REPRESENTATION_CONTEXT
('Context #1','3D Context with UNIT and UNCERTAINTY') );
#9125 = ( LENGTH_UNIT() NAMED_UNIT(*) SI_UNIT(.MILLI.,.METRE.) );
#9126 = ( NAMED_UNIT(*) PLANE_ANGLE_UNIT() SI_UNIT($,.RADIAN.) );
#9127 = ( NAMED_UNIT(*) SI_UNIT($,.STERADIAN.) SOLID_ANGLE_UNIT() );
#9128 = UNCERTAINTY_MEASURE_WITH_UNIT(LENGTH_MEASURE(1.E-07),#9125,
  'distance_accuracy_value','confusion accuracy');
#9129 = CONTEXT_DEPENDENT_SHAPE_REPRESENTATION(#9130,#9132);
#9130 = ( REPRESENTATION_RELATIONSHIP('','',#8333,#10) 
REPRESENTATION_RELATIONSHIP_WITH_TRANSFORMATION(#9131) 
SHAPE_REPRESENTATION_RELATIONSHIP() );
#9131 = ITEM_DEFINED_TRANSFORMATION('','',#11,#39);
#9132 = PRODUCT_DEFINITION_SHAPE('Placement','Placement of an item',
  #9133);
#9133 = NEXT_ASSEMBLY_USAGE_OCCURRENCE('7','R3','',#5,#8328,$);
#9134 = PRODUCT_RELATED_PRODUCT_CATEGORY('part',$,(#8330));
#9135 = CONTEXT_DEPENDENT_SHAPE_REPRESENTATION(#9136,#9138);
#9136 = ( REPRESENTATION_RELATIONSHIP('','',#4423,#10) 
REPRESENTATION_RELATIONSHIP_WITH_TRANSFORMATION(#9137) 
SHAPE_REPRESENTATION_RELATIONSHIP() );
#9137 = ITEM_DEFINED_TRANSFORMATION('','',#11,#43);
#9138 = PRODUCT_DEFINITION_SHAPE('Placement','Placement of an item',
  #9139);
#9139 = NEXT_ASSEMBLY_USAGE_OCCURRENCE('8','R6','',#5,#4418,$);
#9140 = CONTEXT_DEPENDENT_SHAPE_REPRESENTATION(#9141,#9143);
#9141 = ( REPRESENTATION_RELATIONSHIP('','',#6009,#10) 
REPRESENTATION_RELATIONSHIP_WITH_TRANSFORMATION(#9142) 
SHAPE_REPRESENTATION_RELATIONSHIP() );
#9142 = ITEM_DEFINED_TRANSFORMATION('','',#11,#47);
#9143 = PRODUCT_DEFINITION_SHAPE('Placement','Placement of an item',
  #9144);
#9144 = NEXT_ASSEMBLY_USAGE_OCCURRENCE('9','C5','',#5,#6004,$);
#9145 = SHAPE_DEFINITION_REPRESENTATION(#9146,#9152);
#9146 = PRODUCT_DEFINITION_SHAPE('','',#9147);
#9147 = PRODUCT_DEFINITION('design','',#9148,#9151);
#9148 = PRODUCT_DEFINITION_FORMATION('','',#9149);
#9149 = PRODUCT('Fuse_0603_1608Metric','Fuse_0603_1608Metric','',(#9150)
  );
#9150 = PRODUCT_CONTEXT('',#2,'mechanical');
#9151 = PRODUCT_DEFINITION_CONTEXT('part definition',#2,'design');
#9152 = ADVANCED_BREP_SHAPE_REPRESENTATION('',(#11,#9153),#9943);
#9153 = MANIFOLD_SOLID_BREP('',#9154);
#9154 = CLOSED_SHELL('',(#9155,#9195,#9278,#9303,#9328,#9395,#9412,#9429
    ,#9478,#9500,#9512,#9561,#9578,#9647,#9678,#9702,#9771,#9795,#9812,
    #9829,#9846,#9863,#9880,#9897,#9914,#9931));
#9155 = ADVANCED_FACE('',(#9156),#9190,.F.);
#9156 = FACE_BOUND('',#9157,.F.);
#9157 = EDGE_LOOP('',(#9158,#9168,#9176,#9184));
#9158 = ORIENTED_EDGE('',*,*,#9159,.F.);
#9159 = EDGE_CURVE('',#9160,#9162,#9164,.T.);
#9160 = VERTEX_POINT('',#9161);
#9161 = CARTESIAN_POINT('',(-0.8,-0.4,4.5E-02));
#9162 = VERTEX_POINT('',#9163);
#9163 = CARTESIAN_POINT('',(-0.8,-0.4,0.405));
#9164 = LINE('',#9165,#9166);
#9165 = CARTESIAN_POINT('',(-0.8,-0.4,0.));
#9166 = VECTOR('',#9167,1.);
#9167 = DIRECTION('',(0.,0.,1.));
#9168 = ORIENTED_EDGE('',*,*,#9169,.T.);
#9169 = EDGE_CURVE('',#9160,#9170,#9172,.T.);
#9170 = VERTEX_POINT('',#9171);
#9171 = CARTESIAN_POINT('',(-0.8,0.4,4.5E-02));
#9172 = LINE('',#9173,#9174);
#9173 = CARTESIAN_POINT('',(-0.8,-0.4,4.5E-02));
#9174 = VECTOR('',#9175,1.);
#9175 = DIRECTION('',(0.,1.,0.));
#9176 = ORIENTED_EDGE('',*,*,#9177,.T.);
#9177 = EDGE_CURVE('',#9170,#9178,#9180,.T.);
#9178 = VERTEX_POINT('',#9179);
#9179 = CARTESIAN_POINT('',(-0.8,0.4,0.405));
#9180 = LINE('',#9181,#9182);
#9181 = CARTESIAN_POINT('',(-0.8,0.4,0.));
#9182 = VECTOR('',#9183,1.);
#9183 = DIRECTION('',(0.,0.,1.));
#9184 = ORIENTED_EDGE('',*,*,#9185,.F.);
#9185 = EDGE_CURVE('',#9162,#9178,#9186,.T.);
#9186 = LINE('',#9187,#9188);
#9187 = CARTESIAN_POINT('',(-0.8,-0.4,0.405));
#9188 = VECTOR('',#9189,1.);
#9189 = DIRECTION('',(0.,1.,0.));
#9190 = PLANE('',#9191);
#9191 = AXIS2_PLACEMENT_3D('',#9192,#9193,#9194);
#9192 = CARTESIAN_POINT('',(-0.8,-0.4,0.));
#9193 = DIRECTION('',(1.,0.,0.));
#9194 = DIRECTION('',(0.,0.,1.));
#9195 = ADVANCED_FACE('',(#9196),#9273,.F.);
#9196 = FACE_BOUND('',#9197,.F.);
#9197 = EDGE_LOOP('',(#9198,#9208,#9215,#9216,#9225,#9233,#9242,#9250,
    #9258,#9266));
#9198 = ORIENTED_EDGE('',*,*,#9199,.F.);
#9199 = EDGE_CURVE('',#9200,#9202,#9204,.T.);
#9200 = VERTEX_POINT('',#9201);
#9201 = CARTESIAN_POINT('',(-0.755,-0.4,-2.775557561563E-17));
#9202 = VERTEX_POINT('',#9203);
#9203 = CARTESIAN_POINT('',(-0.545,-0.4,-2.775557561563E-17));
#9204 = LINE('',#9205,#9206);
#9205 = CARTESIAN_POINT('',(-0.8,-0.4,0.));
#9206 = VECTOR('',#9207,1.);
#9207 = DIRECTION('',(1.,0.,0.));
#9208 = ORIENTED_EDGE('',*,*,#9209,.F.);
#9209 = EDGE_CURVE('',#9160,#9200,#9210,.T.);
#9210 = CIRCLE('',#9211,4.5E-02);
#9211 = AXIS2_PLACEMENT_3D('',#9212,#9213,#9214);
#9212 = CARTESIAN_POINT('',(-0.755,-0.4,4.5E-02));
#9213 = DIRECTION('',(0.,-1.,0.));
#9214 = DIRECTION('',(0.,0.,1.));
#9215 = ORIENTED_EDGE('',*,*,#9159,.T.);
#9216 = ORIENTED_EDGE('',*,*,#9217,.T.);
#9217 = EDGE_CURVE('',#9162,#9218,#9220,.T.);
#9218 = VERTEX_POINT('',#9219);
#9219 = CARTESIAN_POINT('',(-0.755,-0.4,0.45));
#9220 = CIRCLE('',#9221,4.5E-02);
#9221 = AXIS2_PLACEMENT_3D('',#9222,#9223,#9224);
#9222 = CARTESIAN_POINT('',(-0.755,-0.4,0.405));
#9223 = DIRECTION('',(0.,1.,0.));
#9224 = DIRECTION('',(0.,-0.,1.));
#9225 = ORIENTED_EDGE('',*,*,#9226,.T.);
#9226 = EDGE_CURVE('',#9218,#9227,#9229,.T.);
#9227 = VERTEX_POINT('',#9228);
#9228 = CARTESIAN_POINT('',(-0.545,-0.4,0.45));
#9229 = LINE('',#9230,#9231);
#9230 = CARTESIAN_POINT('',(-0.8,-0.4,0.45));
#9231 = VECTOR('',#9232,1.);
#9232 = DIRECTION('',(1.,0.,0.));
#9233 = ORIENTED_EDGE('',*,*,#9234,.F.);
#9234 = EDGE_CURVE('',#9235,#9227,#9237,.T.);
#9235 = VERTEX_POINT('',#9236);
#9236 = CARTESIAN_POINT('',(-0.5,-0.4,0.405));
#9237 = CIRCLE('',#9238,4.5E-02);
#9238 = AXIS2_PLACEMENT_3D('',#9239,#9240,#9241);
#9239 = CARTESIAN_POINT('',(-0.545,-0.4,0.405));
#9240 = DIRECTION('',(0.,-1.,0.));
#9241 = DIRECTION('',(0.,0.,1.));
#9242 = ORIENTED_EDGE('',*,*,#9243,.F.);
#9243 = EDGE_CURVE('',#9244,#9235,#9246,.T.);
#9244 = VERTEX_POINT('',#9245);
#9245 = CARTESIAN_POINT('',(-0.755,-0.4,0.405));
#9246 = LINE('',#9247,#9248);
#9247 = CARTESIAN_POINT('',(-0.755,-0.4,0.405));
#9248 = VECTOR('',#9249,1.);
#9249 = DIRECTION('',(1.,0.,0.));
#9250 = ORIENTED_EDGE('',*,*,#9251,.F.);
#9251 = EDGE_CURVE('',#9252,#9244,#9254,.T.);
#9252 = VERTEX_POINT('',#9253);
#9253 = CARTESIAN_POINT('',(-0.755,-0.4,4.5E-02));
#9254 = LINE('',#9255,#9256);
#9255 = CARTESIAN_POINT('',(-0.755,-0.4,4.5E-02));
#9256 = VECTOR('',#9257,1.);
#9257 = DIRECTION('',(0.,0.,1.));
#9258 = ORIENTED_EDGE('',*,*,#9259,.T.);
#9259 = EDGE_CURVE('',#9252,#9260,#9262,.T.);
#9260 = VERTEX_POINT('',#9261);
#9261 = CARTESIAN_POINT('',(-0.5,-0.4,4.5E-02));
#9262 = LINE('',#9263,#9264);
#9263 = CARTESIAN_POINT('',(-0.755,-0.4,4.5E-02));
#9264 = VECTOR('',#9265,1.);
#9265 = DIRECTION('',(1.,0.,0.));
#9266 = ORIENTED_EDGE('',*,*,#9267,.T.);
#9267 = EDGE_CURVE('',#9260,#9202,#9268,.T.);
#9268 = CIRCLE('',#9269,4.5E-02);
#9269 = AXIS2_PLACEMENT_3D('',#9270,#9271,#9272);
#9270 = CARTESIAN_POINT('',(-0.545,-0.4,4.5E-02));
#9271 = DIRECTION('',(0.,1.,0.));
#9272 = DIRECTION('',(0.,-0.,1.));
#9273 = PLANE('',#9274);
#9274 = AXIS2_PLACEMENT_3D('',#9275,#9276,#9277);
#9275 = CARTESIAN_POINT('',(-0.8,-0.4,0.));
#9276 = DIRECTION('',(0.,1.,0.));
#9277 = DIRECTION('',(0.,-0.,1.));
#9278 = ADVANCED_FACE('',(#9279),#9298,.T.);
#9279 = FACE_BOUND('',#9280,.T.);
#9280 = EDGE_LOOP('',(#9281,#9282,#9291,#9297));
#9281 = ORIENTED_EDGE('',*,*,#9169,.T.);
#9282 = ORIENTED_EDGE('',*,*,#9283,.T.);
#9283 = EDGE_CURVE('',#9170,#9284,#9286,.T.);
#9284 = VERTEX_POINT('',#9285);
#9285 = CARTESIAN_POINT('',(-0.755,0.4,-2.775557561563E-17));
#9286 = CIRCLE('',#9287,4.5E-02);
#9287 = AXIS2_PLACEMENT_3D('',#9288,#9289,#9290);
#9288 = CARTESIAN_POINT('',(-0.755,0.4,4.5E-02));
#9289 = DIRECTION('',(0.,-1.,0.));
#9290 = DIRECTION('',(0.,0.,1.));
#9291 = ORIENTED_EDGE('',*,*,#9292,.F.);
#9292 = EDGE_CURVE('',#9200,#9284,#9293,.T.);
#9293 = LINE('',#9294,#9295);
#9294 = CARTESIAN_POINT('',(-0.755,-0.4,-2.775557561563E-17));
#9295 = VECTOR('',#9296,1.);
#9296 = DIRECTION('',(0.,1.,0.));
#9297 = ORIENTED_EDGE('',*,*,#9209,.F.);
#9298 = CYLINDRICAL_SURFACE('',#9299,4.5E-02);
#9299 = AXIS2_PLACEMENT_3D('',#9300,#9301,#9302);
#9300 = CARTESIAN_POINT('',(-0.755,-0.4,4.5E-02));
#9301 = DIRECTION('',(0.,1.,0.));
#9302 = DIRECTION('',(-1.,0.,0.));
#9303 = ADVANCED_FACE('',(#9304),#9323,.T.);
#9304 = FACE_BOUND('',#9305,.T.);
#9305 = EDGE_LOOP('',(#9306,#9307,#9315,#9322));
#9306 = ORIENTED_EDGE('',*,*,#9217,.T.);
#9307 = ORIENTED_EDGE('',*,*,#9308,.T.);
#9308 = EDGE_CURVE('',#9218,#9309,#9311,.T.);
#9309 = VERTEX_POINT('',#9310);
#9310 = CARTESIAN_POINT('',(-0.755,0.4,0.45));
#9311 = LINE('',#9312,#9313);
#9312 = CARTESIAN_POINT('',(-0.755,-0.4,0.45));
#9313 = VECTOR('',#9314,1.);
#9314 = DIRECTION('',(0.,1.,0.));
#9315 = ORIENTED_EDGE('',*,*,#9316,.F.);
#9316 = EDGE_CURVE('',#9178,#9309,#9317,.T.);
#9317 = CIRCLE('',#9318,4.5E-02);
#9318 = AXIS2_PLACEMENT_3D('',#9319,#9320,#9321);
#9319 = CARTESIAN_POINT('',(-0.755,0.4,0.405));
#9320 = DIRECTION('',(0.,1.,0.));
#9321 = DIRECTION('',(0.,-0.,1.));
#9322 = ORIENTED_EDGE('',*,*,#9185,.F.);
#9323 = CYLINDRICAL_SURFACE('',#9324,4.5E-02);
#9324 = AXIS2_PLACEMENT_3D('',#9325,#9326,#9327);
#9325 = CARTESIAN_POINT('',(-0.755,-0.4,0.405));
#9326 = DIRECTION('',(0.,1.,0.));
#9327 = DIRECTION('',(-1.,0.,0.));
#9328 = ADVANCED_FACE('',(#9329),#9390,.T.);
#9329 = FACE_BOUND('',#9330,.T.);
#9330 = EDGE_LOOP('',(#9331,#9339,#9340,#9341,#9342,#9350,#9359,#9367,
    #9375,#9383));
#9331 = ORIENTED_EDGE('',*,*,#9332,.F.);
#9332 = EDGE_CURVE('',#9284,#9333,#9335,.T.);
#9333 = VERTEX_POINT('',#9334);
#9334 = CARTESIAN_POINT('',(-0.545,0.4,-2.775557561563E-17));
#9335 = LINE('',#9336,#9337);
#9336 = CARTESIAN_POINT('',(-0.8,0.4,0.));
#9337 = VECTOR('',#9338,1.);
#9338 = DIRECTION('',(1.,0.,0.));
#9339 = ORIENTED_EDGE('',*,*,#9283,.F.);
#9340 = ORIENTED_EDGE('',*,*,#9177,.T.);
#9341 = ORIENTED_EDGE('',*,*,#9316,.T.);
#9342 = ORIENTED_EDGE('',*,*,#9343,.T.);
#9343 = EDGE_CURVE('',#9309,#9344,#9346,.T.);
#9344 = VERTEX_POINT('',#9345);
#9345 = CARTESIAN_POINT('',(-0.545,0.4,0.45));
#9346 = LINE('',#9347,#9348);
#9347 = CARTESIAN_POINT('',(-0.8,0.4,0.45));
#9348 = VECTOR('',#9349,1.);
#9349 = DIRECTION('',(1.,0.,0.));
#9350 = ORIENTED_EDGE('',*,*,#9351,.F.);
#9351 = EDGE_CURVE('',#9352,#9344,#9354,.T.);
#9352 = VERTEX_POINT('',#9353);
#9353 = CARTESIAN_POINT('',(-0.5,0.4,0.405));
#9354 = CIRCLE('',#9355,4.5E-02);
#9355 = AXIS2_PLACEMENT_3D('',#9356,#9357,#9358);
#9356 = CARTESIAN_POINT('',(-0.545,0.4,0.405));
#9357 = DIRECTION('',(0.,-1.,0.));
#9358 = DIRECTION('',(0.,0.,1.));
#9359 = ORIENTED_EDGE('',*,*,#9360,.F.);
#9360 = EDGE_CURVE('',#9361,#9352,#9363,.T.);
#9361 = VERTEX_POINT('',#9362);
#9362 = CARTESIAN_POINT('',(-0.755,0.4,0.405));
#9363 = LINE('',#9364,#9365);
#9364 = CARTESIAN_POINT('',(-0.755,0.4,0.405));
#9365 = VECTOR('',#9366,1.);
#9366 = DIRECTION('',(1.,0.,0.));
#9367 = ORIENTED_EDGE('',*,*,#9368,.F.);
#9368 = EDGE_CURVE('',#9369,#9361,#9371,.T.);
#9369 = VERTEX_POINT('',#9370);
#9370 = CARTESIAN_POINT('',(-0.755,0.4,4.5E-02));
#9371 = LINE('',#9372,#9373);
#9372 = CARTESIAN_POINT('',(-0.755,0.4,4.5E-02));
#9373 = VECTOR('',#9374,1.);
#9374 = DIRECTION('',(0.,0.,1.));
#9375 = ORIENTED_EDGE('',*,*,#9376,.T.);
#9376 = EDGE_CURVE('',#9369,#9377,#9379,.T.);
#9377 = VERTEX_POINT('',#9378);
#9378 = CARTESIAN_POINT('',(-0.5,0.4,4.5E-02));
#9379 = LINE('',#9380,#9381);
#9380 = CARTESIAN_POINT('',(-0.755,0.4,4.5E-02));
#9381 = VECTOR('',#9382,1.);
#9382 = DIRECTION('',(1.,0.,0.));
#9383 = ORIENTED_EDGE('',*,*,#9384,.T.);
#9384 = EDGE_CURVE('',#9377,#9333,#9385,.T.);
#9385 = CIRCLE('',#9386,4.5E-02);
#9386 = AXIS2_PLACEMENT_3D('',#9387,#9388,#9389);
#9387 = CARTESIAN_POINT('',(-0.545,0.4,4.5E-02));
#9388 = DIRECTION('',(0.,1.,0.));
#9389 = DIRECTION('',(0.,-0.,1.));
#9390 = PLANE('',#9391);
#9391 = AXIS2_PLACEMENT_3D('',#9392,#9393,#9394);
#9392 = CARTESIAN_POINT('',(-0.8,0.4,0.));
#9393 = DIRECTION('',(0.,1.,0.));
#9394 = DIRECTION('',(0.,-0.,1.));
#9395 = ADVANCED_FACE('',(#9396),#9407,.F.);
#9396 = FACE_BOUND('',#9397,.F.);
#9397 = EDGE_LOOP('',(#9398,#9399,#9400,#9401));
#9398 = ORIENTED_EDGE('',*,*,#9332,.F.);
#9399 = ORIENTED_EDGE('',*,*,#9292,.F.);
#9400 = ORIENTED_EDGE('',*,*,#9199,.T.);
#9401 = ORIENTED_EDGE('',*,*,#9402,.T.);
#9402 = EDGE_CURVE('',#9202,#9333,#9403,.T.);
#9403 = LINE('',#9404,#9405);
#9404 = CARTESIAN_POINT('',(-0.545,-0.4,-2.775557561563E-17));
#9405 = VECTOR('',#9406,1.);
#9406 = DIRECTION('',(0.,1.,0.));
#9407 = PLANE('',#9408);
#9408 = AXIS2_PLACEMENT_3D('',#9409,#9410,#9411);
#9409 = CARTESIAN_POINT('',(-0.8,-0.4,0.));
#9410 = DIRECTION('',(0.,0.,1.));
#9411 = DIRECTION('',(1.,0.,-0.));
#9412 = ADVANCED_FACE('',(#9413),#9424,.T.);
#9413 = FACE_BOUND('',#9414,.T.);
#9414 = EDGE_LOOP('',(#9415,#9416,#9417,#9418));
#9415 = ORIENTED_EDGE('',*,*,#9267,.T.);
#9416 = ORIENTED_EDGE('',*,*,#9402,.T.);
#9417 = ORIENTED_EDGE('',*,*,#9384,.F.);
#9418 = ORIENTED_EDGE('',*,*,#9419,.F.);
#9419 = EDGE_CURVE('',#9260,#9377,#9420,.T.);
#9420 = LINE('',#9421,#9422);
#9421 = CARTESIAN_POINT('',(-0.5,-0.4,4.5E-02));
#9422 = VECTOR('',#9423,1.);
#9423 = DIRECTION('',(0.,1.,0.));
#9424 = CYLINDRICAL_SURFACE('',#9425,4.5E-02);
#9425 = AXIS2_PLACEMENT_3D('',#9426,#9427,#9428);
#9426 = CARTESIAN_POINT('',(-0.545,-0.4,4.5E-02));
#9427 = DIRECTION('',(0.,1.,0.));
#9428 = DIRECTION('',(1.,0.,0.));
#9429 = ADVANCED_FACE('',(#9430),#9473,.F.);
#9430 = FACE_BOUND('',#9431,.F.);
#9431 = EDGE_LOOP('',(#9432,#9433,#9434,#9435,#9443,#9451,#9459,#9467));
#9432 = ORIENTED_EDGE('',*,*,#9259,.F.);
#9433 = ORIENTED_EDGE('',*,*,#9251,.T.);
#9434 = ORIENTED_EDGE('',*,*,#9243,.T.);
#9435 = ORIENTED_EDGE('',*,*,#9436,.T.);
#9436 = EDGE_CURVE('',#9235,#9437,#9439,.T.);
#9437 = VERTEX_POINT('',#9438);
#9438 = CARTESIAN_POINT('',(0.5,-0.4,0.405));
#9439 = LINE('',#9440,#9441);
#9440 = CARTESIAN_POINT('',(-0.5,-0.4,0.405));
#9441 = VECTOR('',#9442,1.);
#9442 = DIRECTION('',(1.,0.,0.));
#9443 = ORIENTED_EDGE('',*,*,#9444,.T.);
#9444 = EDGE_CURVE('',#9437,#9445,#9447,.T.);
#9445 = VERTEX_POINT('',#9446);
#9446 = CARTESIAN_POINT('',(0.755,-0.4,0.405));
#9447 = LINE('',#9448,#9449);
#9448 = CARTESIAN_POINT('',(-0.755,-0.4,0.405));
#9449 = VECTOR('',#9450,1.);
#9450 = DIRECTION('',(1.,0.,0.));
#9451 = ORIENTED_EDGE('',*,*,#9452,.F.);
#9452 = EDGE_CURVE('',#9453,#9445,#9455,.T.);
#9453 = VERTEX_POINT('',#9454);
#9454 = CARTESIAN_POINT('',(0.755,-0.4,4.5E-02));
#9455 = LINE('',#9456,#9457);
#9456 = CARTESIAN_POINT('',(0.755,-0.4,4.5E-02));
#9457 = VECTOR('',#9458,1.);
#9458 = DIRECTION('',(0.,0.,1.));
#9459 = ORIENTED_EDGE('',*,*,#9460,.F.);
#9460 = EDGE_CURVE('',#9461,#9453,#9463,.T.);
#9461 = VERTEX_POINT('',#9462);
#9462 = CARTESIAN_POINT('',(0.5,-0.4,4.5E-02));
#9463 = LINE('',#9464,#9465);
#9464 = CARTESIAN_POINT('',(-0.755,-0.4,4.5E-02));
#9465 = VECTOR('',#9466,1.);
#9466 = DIRECTION('',(1.,0.,0.));
#9467 = ORIENTED_EDGE('',*,*,#9468,.F.);
#9468 = EDGE_CURVE('',#9260,#9461,#9469,.T.);
#9469 = LINE('',#9470,#9471);
#9470 = CARTESIAN_POINT('',(-0.755,-0.4,4.5E-02));
#9471 = VECTOR('',#9472,1.);
#9472 = DIRECTION('',(1.,0.,0.));
#9473 = PLANE('',#9474);
#9474 = AXIS2_PLACEMENT_3D('',#9475,#9476,#9477);
#9475 = CARTESIAN_POINT('',(-0.755,-0.4,4.5E-02));
#9476 = DIRECTION('',(0.,1.,0.));
#9477 = DIRECTION('',(0.,-0.,1.));
#9478 = ADVANCED_FACE('',(#9479),#9495,.T.);
#9479 = FACE_BOUND('',#9480,.T.);
#9480 = EDGE_LOOP('',(#9481,#9487,#9488,#9494));
#9481 = ORIENTED_EDGE('',*,*,#9482,.T.);
#9482 = EDGE_CURVE('',#9235,#9352,#9483,.T.);
#9483 = LINE('',#9484,#9485);
#9484 = CARTESIAN_POINT('',(-0.5,-0.4,0.405));
#9485 = VECTOR('',#9486,1.);
#9486 = DIRECTION('',(0.,1.,0.));
#9487 = ORIENTED_EDGE('',*,*,#9351,.T.);
#9488 = ORIENTED_EDGE('',*,*,#9489,.F.);
#9489 = EDGE_CURVE('',#9227,#9344,#9490,.T.);
#9490 = LINE('',#9491,#9492);
#9491 = CARTESIAN_POINT('',(-0.545,-0.4,0.45));
#9492 = VECTOR('',#9493,1.);
#9493 = DIRECTION('',(0.,1.,0.));
#9494 = ORIENTED_EDGE('',*,*,#9234,.F.);
#9495 = CYLINDRICAL_SURFACE('',#9496,4.5E-02);
#9496 = AXIS2_PLACEMENT_3D('',#9497,#9498,#9499);
#9497 = CARTESIAN_POINT('',(-0.545,-0.4,0.405));
#9498 = DIRECTION('',(0.,1.,0.));
#9499 = DIRECTION('',(1.,0.,0.));
#9500 = ADVANCED_FACE('',(#9501),#9507,.T.);
#9501 = FACE_BOUND('',#9502,.T.);
#9502 = EDGE_LOOP('',(#9503,#9504,#9505,#9506));
#9503 = ORIENTED_EDGE('',*,*,#9343,.F.);
#9504 = ORIENTED_EDGE('',*,*,#9308,.F.);
#9505 = ORIENTED_EDGE('',*,*,#9226,.T.);
#9506 = ORIENTED_EDGE('',*,*,#9489,.T.);
#9507 = PLANE('',#9508);
#9508 = AXIS2_PLACEMENT_3D('',#9509,#9510,#9511);
#9509 = CARTESIAN_POINT('',(-0.8,-0.4,0.45));
#9510 = DIRECTION('',(0.,0.,1.));
#9511 = DIRECTION('',(1.,0.,-0.));
#9512 = ADVANCED_FACE('',(#9513),#9556,.T.);
#9513 = FACE_BOUND('',#9514,.T.);
#9514 = EDGE_LOOP('',(#9515,#9516,#9517,#9518,#9526,#9534,#9542,#9550));
#9515 = ORIENTED_EDGE('',*,*,#9376,.F.);
#9516 = ORIENTED_EDGE('',*,*,#9368,.T.);
#9517 = ORIENTED_EDGE('',*,*,#9360,.T.);
#9518 = ORIENTED_EDGE('',*,*,#9519,.T.);
#9519 = EDGE_CURVE('',#9352,#9520,#9522,.T.);
#9520 = VERTEX_POINT('',#9521);
#9521 = CARTESIAN_POINT('',(0.5,0.4,0.405));
#9522 = LINE('',#9523,#9524);
#9523 = CARTESIAN_POINT('',(-0.5,0.4,0.405));
#9524 = VECTOR('',#9525,1.);
#9525 = DIRECTION('',(1.,0.,0.));
#9526 = ORIENTED_EDGE('',*,*,#9527,.T.);
#9527 = EDGE_CURVE('',#9520,#9528,#9530,.T.);
#9528 = VERTEX_POINT('',#9529);
#9529 = CARTESIAN_POINT('',(0.755,0.4,0.405));
#9530 = LINE('',#9531,#9532);
#9531 = CARTESIAN_POINT('',(-0.755,0.4,0.405));
#9532 = VECTOR('',#9533,1.);
#9533 = DIRECTION('',(1.,0.,0.));
#9534 = ORIENTED_EDGE('',*,*,#9535,.F.);
#9535 = EDGE_CURVE('',#9536,#9528,#9538,.T.);
#9536 = VERTEX_POINT('',#9537);
#9537 = CARTESIAN_POINT('',(0.755,0.4,4.5E-02));
#9538 = LINE('',#9539,#9540);
#9539 = CARTESIAN_POINT('',(0.755,0.4,4.5E-02));
#9540 = VECTOR('',#9541,1.);
#9541 = DIRECTION('',(0.,0.,1.));
#9542 = ORIENTED_EDGE('',*,*,#9543,.F.);
#9543 = EDGE_CURVE('',#9544,#9536,#9546,.T.);
#9544 = VERTEX_POINT('',#9545);
#9545 = CARTESIAN_POINT('',(0.5,0.4,4.5E-02));
#9546 = LINE('',#9547,#9548);
#9547 = CARTESIAN_POINT('',(-0.755,0.4,4.5E-02));
#9548 = VECTOR('',#9549,1.);
#9549 = DIRECTION('',(1.,0.,0.));
#9550 = ORIENTED_EDGE('',*,*,#9551,.F.);
#9551 = EDGE_CURVE('',#9377,#9544,#9552,.T.);
#9552 = LINE('',#9553,#9554);
#9553 = CARTESIAN_POINT('',(-0.755,0.4,4.5E-02));
#9554 = VECTOR('',#9555,1.);
#9555 = DIRECTION('',(1.,0.,0.));
#9556 = PLANE('',#9557);
#9557 = AXIS2_PLACEMENT_3D('',#9558,#9559,#9560);
#9558 = CARTESIAN_POINT('',(-0.755,0.4,4.5E-02));
#9559 = DIRECTION('',(0.,1.,0.));
#9560 = DIRECTION('',(0.,-0.,1.));
#9561 = ADVANCED_FACE('',(#9562),#9573,.F.);
#9562 = FACE_BOUND('',#9563,.F.);
#9563 = EDGE_LOOP('',(#9564,#9565,#9566,#9572));
#9564 = ORIENTED_EDGE('',*,*,#9419,.F.);
#9565 = ORIENTED_EDGE('',*,*,#9468,.T.);
#9566 = ORIENTED_EDGE('',*,*,#9567,.T.);
#9567 = EDGE_CURVE('',#9461,#9544,#9568,.T.);
#9568 = LINE('',#9569,#9570);
#9569 = CARTESIAN_POINT('',(0.5,-0.4,4.5E-02));
#9570 = VECTOR('',#9571,1.);
#9571 = DIRECTION('',(0.,1.,0.));
#9572 = ORIENTED_EDGE('',*,*,#9551,.F.);
#9573 = PLANE('',#9574);
#9574 = AXIS2_PLACEMENT_3D('',#9575,#9576,#9577);
#9575 = CARTESIAN_POINT('',(-0.755,-0.4,4.5E-02));
#9576 = DIRECTION('',(0.,0.,1.));
#9577 = DIRECTION('',(1.,0.,-0.));
#9578 = ADVANCED_FACE('',(#9579),#9642,.F.);
#9579 = FACE_BOUND('',#9580,.F.);
#9580 = EDGE_LOOP('',(#9581,#9591,#9598,#9599,#9600,#9601,#9610,#9618,
    #9627,#9635));
#9581 = ORIENTED_EDGE('',*,*,#9582,.F.);
#9582 = EDGE_CURVE('',#9583,#9585,#9587,.T.);
#9583 = VERTEX_POINT('',#9584);
#9584 = CARTESIAN_POINT('',(0.545,-0.4,-2.775557561563E-17));
#9585 = VERTEX_POINT('',#9586);
#9586 = CARTESIAN_POINT('',(0.755,-0.4,-2.775557561563E-17));
#9587 = LINE('',#9588,#9589);
#9588 = CARTESIAN_POINT('',(0.5,-0.4,0.));
#9589 = VECTOR('',#9590,1.);
#9590 = DIRECTION('',(1.,0.,0.));
#9591 = ORIENTED_EDGE('',*,*,#9592,.F.);
#9592 = EDGE_CURVE('',#9461,#9583,#9593,.T.);
#9593 = CIRCLE('',#9594,4.5E-02);
#9594 = AXIS2_PLACEMENT_3D('',#9595,#9596,#9597);
#9595 = CARTESIAN_POINT('',(0.545,-0.4,4.5E-02));
#9596 = DIRECTION('',(0.,-1.,0.));
#9597 = DIRECTION('',(0.,0.,1.));
#9598 = ORIENTED_EDGE('',*,*,#9460,.T.);
#9599 = ORIENTED_EDGE('',*,*,#9452,.T.);
#9600 = ORIENTED_EDGE('',*,*,#9444,.F.);
#9601 = ORIENTED_EDGE('',*,*,#9602,.T.);
#9602 = EDGE_CURVE('',#9437,#9603,#9605,.T.);
#9603 = VERTEX_POINT('',#9604);
#9604 = CARTESIAN_POINT('',(0.545,-0.4,0.45));
#9605 = CIRCLE('',#9606,4.5E-02);
#9606 = AXIS2_PLACEMENT_3D('',#9607,#9608,#9609);
#9607 = CARTESIAN_POINT('',(0.545,-0.4,0.405));
#9608 = DIRECTION('',(0.,1.,0.));
#9609 = DIRECTION('',(0.,-0.,1.));
#9610 = ORIENTED_EDGE('',*,*,#9611,.T.);
#9611 = EDGE_CURVE('',#9603,#9612,#9614,.T.);
#9612 = VERTEX_POINT('',#9613);
#9613 = CARTESIAN_POINT('',(0.755,-0.4,0.45));
#9614 = LINE('',#9615,#9616);
#9615 = CARTESIAN_POINT('',(0.5,-0.4,0.45));
#9616 = VECTOR('',#9617,1.);
#9617 = DIRECTION('',(1.,0.,0.));
#9618 = ORIENTED_EDGE('',*,*,#9619,.F.);
#9619 = EDGE_CURVE('',#9620,#9612,#9622,.T.);
#9620 = VERTEX_POINT('',#9621);
#9621 = CARTESIAN_POINT('',(0.8,-0.4,0.405));
#9622 = CIRCLE('',#9623,4.5E-02);
#9623 = AXIS2_PLACEMENT_3D('',#9624,#9625,#9626);
#9624 = CARTESIAN_POINT('',(0.755,-0.4,0.405));
#9625 = DIRECTION('',(0.,-1.,0.));
#9626 = DIRECTION('',(0.,0.,1.));
#9627 = ORIENTED_EDGE('',*,*,#9628,.F.);
#9628 = EDGE_CURVE('',#9629,#9620,#9631,.T.);
#9629 = VERTEX_POINT('',#9630);
#9630 = CARTESIAN_POINT('',(0.8,-0.4,4.5E-02));
#9631 = LINE('',#9632,#9633);
#9632 = CARTESIAN_POINT('',(0.8,-0.4,0.));
#9633 = VECTOR('',#9634,1.);
#9634 = DIRECTION('',(0.,0.,1.));
#9635 = ORIENTED_EDGE('',*,*,#9636,.T.);
#9636 = EDGE_CURVE('',#9629,#9585,#9637,.T.);
#9637 = CIRCLE('',#9638,4.5E-02);
#9638 = AXIS2_PLACEMENT_3D('',#9639,#9640,#9641);
#9639 = CARTESIAN_POINT('',(0.755,-0.4,4.5E-02));
#9640 = DIRECTION('',(0.,1.,0.));
#9641 = DIRECTION('',(0.,-0.,1.));
#9642 = PLANE('',#9643);
#9643 = AXIS2_PLACEMENT_3D('',#9644,#9645,#9646);
#9644 = CARTESIAN_POINT('',(0.5,-0.4,0.));
#9645 = DIRECTION('',(0.,1.,0.));
#9646 = DIRECTION('',(0.,-0.,1.));
#9647 = ADVANCED_FACE('',(#9648),#9673,.F.);
#9648 = FACE_BOUND('',#9649,.F.);
#9649 = EDGE_LOOP('',(#9650,#9651,#9659,#9667));
#9650 = ORIENTED_EDGE('',*,*,#9436,.F.);
#9651 = ORIENTED_EDGE('',*,*,#9652,.T.);
#9652 = EDGE_CURVE('',#9235,#9653,#9655,.T.);
#9653 = VERTEX_POINT('',#9654);
#9654 = CARTESIAN_POINT('',(-0.5,-0.4,0.45));
#9655 = LINE('',#9656,#9657);
#9656 = CARTESIAN_POINT('',(-0.5,-0.4,0.405));
#9657 = VECTOR('',#9658,1.);
#9658 = DIRECTION('',(0.,0.,1.));
#9659 = ORIENTED_EDGE('',*,*,#9660,.T.);
#9660 = EDGE_CURVE('',#9653,#9661,#9663,.T.);
#9661 = VERTEX_POINT('',#9662);
#9662 = CARTESIAN_POINT('',(0.5,-0.4,0.45));
#9663 = LINE('',#9664,#9665);
#9664 = CARTESIAN_POINT('',(-0.5,-0.4,0.45));
#9665 = VECTOR('',#9666,1.);
#9666 = DIRECTION('',(1.,0.,0.));
#9667 = ORIENTED_EDGE('',*,*,#9668,.F.);
#9668 = EDGE_CURVE('',#9437,#9661,#9669,.T.);
#9669 = LINE('',#9670,#9671);
#9670 = CARTESIAN_POINT('',(0.5,-0.4,0.405));
#9671 = VECTOR('',#9672,1.);
#9672 = DIRECTION('',(0.,0.,1.));
#9673 = PLANE('',#9674);
#9674 = AXIS2_PLACEMENT_3D('',#9675,#9676,#9677);
#9675 = CARTESIAN_POINT('',(-0.5,-0.4,0.405));
#9676 = DIRECTION('',(0.,1.,0.));
#9677 = DIRECTION('',(0.,-0.,1.));
#9678 = ADVANCED_FACE('',(#9679),#9697,.F.);
#9679 = FACE_BOUND('',#9680,.F.);
#9680 = EDGE_LOOP('',(#9681,#9682,#9683,#9691));
#9681 = ORIENTED_EDGE('',*,*,#9652,.F.);
#9682 = ORIENTED_EDGE('',*,*,#9482,.T.);
#9683 = ORIENTED_EDGE('',*,*,#9684,.T.);
#9684 = EDGE_CURVE('',#9352,#9685,#9687,.T.);
#9685 = VERTEX_POINT('',#9686);
#9686 = CARTESIAN_POINT('',(-0.5,0.4,0.45));
#9687 = LINE('',#9688,#9689);
#9688 = CARTESIAN_POINT('',(-0.5,0.4,0.405));
#9689 = VECTOR('',#9690,1.);
#9690 = DIRECTION('',(0.,0.,1.));
#9691 = ORIENTED_EDGE('',*,*,#9692,.F.);
#9692 = EDGE_CURVE('',#9653,#9685,#9693,.T.);
#9693 = LINE('',#9694,#9695);
#9694 = CARTESIAN_POINT('',(-0.5,-0.4,0.45));
#9695 = VECTOR('',#9696,1.);
#9696 = DIRECTION('',(0.,1.,0.));
#9697 = PLANE('',#9698);
#9698 = AXIS2_PLACEMENT_3D('',#9699,#9700,#9701);
#9699 = CARTESIAN_POINT('',(-0.5,-0.4,0.405));
#9700 = DIRECTION('',(1.,0.,0.));
#9701 = DIRECTION('',(0.,0.,1.));
#9702 = ADVANCED_FACE('',(#9703),#9766,.T.);
#9703 = FACE_BOUND('',#9704,.T.);
#9704 = EDGE_LOOP('',(#9705,#9715,#9722,#9723,#9724,#9725,#9734,#9742,
    #9751,#9759));
#9705 = ORIENTED_EDGE('',*,*,#9706,.F.);
#9706 = EDGE_CURVE('',#9707,#9709,#9711,.T.);
#9707 = VERTEX_POINT('',#9708);
#9708 = CARTESIAN_POINT('',(0.545,0.4,-2.775557561563E-17));
#9709 = VERTEX_POINT('',#9710);
#9710 = CARTESIAN_POINT('',(0.755,0.4,-2.775557561563E-17));
#9711 = LINE('',#9712,#9713);
#9712 = CARTESIAN_POINT('',(0.5,0.4,0.));
#9713 = VECTOR('',#9714,1.);
#9714 = DIRECTION('',(1.,0.,0.));
#9715 = ORIENTED_EDGE('',*,*,#9716,.F.);
#9716 = EDGE_CURVE('',#9544,#9707,#9717,.T.);
#9717 = CIRCLE('',#9718,4.5E-02);
#9718 = AXIS2_PLACEMENT_3D('',#9719,#9720,#9721);
#9719 = CARTESIAN_POINT('',(0.545,0.4,4.5E-02));
#9720 = DIRECTION('',(0.,-1.,0.));
#9721 = DIRECTION('',(0.,0.,1.));
#9722 = ORIENTED_EDGE('',*,*,#9543,.T.);
#9723 = ORIENTED_EDGE('',*,*,#9535,.T.);
#9724 = ORIENTED_EDGE('',*,*,#9527,.F.);
#9725 = ORIENTED_EDGE('',*,*,#9726,.T.);
#9726 = EDGE_CURVE('',#9520,#9727,#9729,.T.);
#9727 = VERTEX_POINT('',#9728);
#9728 = CARTESIAN_POINT('',(0.545,0.4,0.45));
#9729 = CIRCLE('',#9730,4.5E-02);
#9730 = AXIS2_PLACEMENT_3D('',#9731,#9732,#9733);
#9731 = CARTESIAN_POINT('',(0.545,0.4,0.405));
#9732 = DIRECTION('',(0.,1.,0.));
#9733 = DIRECTION('',(0.,-0.,1.));
#9734 = ORIENTED_EDGE('',*,*,#9735,.T.);
#9735 = EDGE_CURVE('',#9727,#9736,#9738,.T.);
#9736 = VERTEX_POINT('',#9737);
#9737 = CARTESIAN_POINT('',(0.755,0.4,0.45));
#9738 = LINE('',#9739,#9740);
#9739 = CARTESIAN_POINT('',(0.5,0.4,0.45));
#9740 = VECTOR('',#9741,1.);
#9741 = DIRECTION('',(1.,0.,0.));
#9742 = ORIENTED_EDGE('',*,*,#9743,.F.);
#9743 = EDGE_CURVE('',#9744,#9736,#9746,.T.);
#9744 = VERTEX_POINT('',#9745);
#9745 = CARTESIAN_POINT('',(0.8,0.4,0.405));
#9746 = CIRCLE('',#9747,4.5E-02);
#9747 = AXIS2_PLACEMENT_3D('',#9748,#9749,#9750);
#9748 = CARTESIAN_POINT('',(0.755,0.4,0.405));
#9749 = DIRECTION('',(0.,-1.,0.));
#9750 = DIRECTION('',(0.,0.,1.));
#9751 = ORIENTED_EDGE('',*,*,#9752,.F.);
#9752 = EDGE_CURVE('',#9753,#9744,#9755,.T.);
#9753 = VERTEX_POINT('',#9754);
#9754 = CARTESIAN_POINT('',(0.8,0.4,4.5E-02));
#9755 = LINE('',#9756,#9757);
#9756 = CARTESIAN_POINT('',(0.8,0.4,0.));
#9757 = VECTOR('',#9758,1.);
#9758 = DIRECTION('',(0.,0.,1.));
#9759 = ORIENTED_EDGE('',*,*,#9760,.T.);
#9760 = EDGE_CURVE('',#9753,#9709,#9761,.T.);
#9761 = CIRCLE('',#9762,4.5E-02);
#9762 = AXIS2_PLACEMENT_3D('',#9763,#9764,#9765);
#9763 = CARTESIAN_POINT('',(0.755,0.4,4.5E-02));
#9764 = DIRECTION('',(0.,1.,0.));
#9765 = DIRECTION('',(0.,-0.,1.));
#9766 = PLANE('',#9767);
#9767 = AXIS2_PLACEMENT_3D('',#9768,#9769,#9770);
#9768 = CARTESIAN_POINT('',(0.5,0.4,0.));
#9769 = DIRECTION('',(0.,1.,0.));
#9770 = DIRECTION('',(0.,-0.,1.));
#9771 = ADVANCED_FACE('',(#9772),#9790,.T.);
#9772 = FACE_BOUND('',#9773,.T.);
#9773 = EDGE_LOOP('',(#9774,#9775,#9776,#9784));
#9774 = ORIENTED_EDGE('',*,*,#9519,.F.);
#9775 = ORIENTED_EDGE('',*,*,#9684,.T.);
#9776 = ORIENTED_EDGE('',*,*,#9777,.T.);
#9777 = EDGE_CURVE('',#9685,#9778,#9780,.T.);
#9778 = VERTEX_POINT('',#9779);
#9779 = CARTESIAN_POINT('',(0.5,0.4,0.45));
#9780 = LINE('',#9781,#9782);
#9781 = CARTESIAN_POINT('',(-0.5,0.4,0.45));
#9782 = VECTOR('',#9783,1.);
#9783 = DIRECTION('',(1.,0.,0.));
#9784 = ORIENTED_EDGE('',*,*,#9785,.F.);
#9785 = EDGE_CURVE('',#9520,#9778,#9786,.T.);
#9786 = LINE('',#9787,#9788);
#9787 = CARTESIAN_POINT('',(0.5,0.4,0.405));
#9788 = VECTOR('',#9789,1.);
#9789 = DIRECTION('',(0.,0.,1.));
#9790 = PLANE('',#9791);
#9791 = AXIS2_PLACEMENT_3D('',#9792,#9793,#9794);
#9792 = CARTESIAN_POINT('',(-0.5,0.4,0.405));
#9793 = DIRECTION('',(0.,1.,0.));
#9794 = DIRECTION('',(0.,-0.,1.));
#9795 = ADVANCED_FACE('',(#9796),#9807,.T.);
#9796 = FACE_BOUND('',#9797,.T.);
#9797 = EDGE_LOOP('',(#9798,#9799,#9800,#9806));
#9798 = ORIENTED_EDGE('',*,*,#9567,.T.);
#9799 = ORIENTED_EDGE('',*,*,#9716,.T.);
#9800 = ORIENTED_EDGE('',*,*,#9801,.F.);
#9801 = EDGE_CURVE('',#9583,#9707,#9802,.T.);
#9802 = LINE('',#9803,#9804);
#9803 = CARTESIAN_POINT('',(0.545,-0.4,-2.775557561563E-17));
#9804 = VECTOR('',#9805,1.);
#9805 = DIRECTION('',(0.,1.,0.));
#9806 = ORIENTED_EDGE('',*,*,#9592,.F.);
#9807 = CYLINDRICAL_SURFACE('',#9808,4.5E-02);
#9808 = AXIS2_PLACEMENT_3D('',#9809,#9810,#9811);
#9809 = CARTESIAN_POINT('',(0.545,-0.4,4.5E-02));
#9810 = DIRECTION('',(0.,1.,0.));
#9811 = DIRECTION('',(-1.,0.,0.));
#9812 = ADVANCED_FACE('',(#9813),#9824,.F.);
#9813 = FACE_BOUND('',#9814,.F.);
#9814 = EDGE_LOOP('',(#9815,#9816,#9817,#9818));
#9815 = ORIENTED_EDGE('',*,*,#9706,.F.);
#9816 = ORIENTED_EDGE('',*,*,#9801,.F.);
#9817 = ORIENTED_EDGE('',*,*,#9582,.T.);
#9818 = ORIENTED_EDGE('',*,*,#9819,.T.);
#9819 = EDGE_CURVE('',#9585,#9709,#9820,.T.);
#9820 = LINE('',#9821,#9822);
#9821 = CARTESIAN_POINT('',(0.755,-0.4,-2.775557561563E-17));
#9822 = VECTOR('',#9823,1.);
#9823 = DIRECTION('',(0.,1.,0.));
#9824 = PLANE('',#9825);
#9825 = AXIS2_PLACEMENT_3D('',#9826,#9827,#9828);
#9826 = CARTESIAN_POINT('',(0.5,-0.4,0.));
#9827 = DIRECTION('',(0.,0.,1.));
#9828 = DIRECTION('',(1.,0.,-0.));
#9829 = ADVANCED_FACE('',(#9830),#9841,.T.);
#9830 = FACE_BOUND('',#9831,.T.);
#9831 = EDGE_LOOP('',(#9832,#9833,#9834,#9835));
#9832 = ORIENTED_EDGE('',*,*,#9636,.T.);
#9833 = ORIENTED_EDGE('',*,*,#9819,.T.);
#9834 = ORIENTED_EDGE('',*,*,#9760,.F.);
#9835 = ORIENTED_EDGE('',*,*,#9836,.F.);
#9836 = EDGE_CURVE('',#9629,#9753,#9837,.T.);
#9837 = LINE('',#9838,#9839);
#9838 = CARTESIAN_POINT('',(0.8,-0.4,4.5E-02));
#9839 = VECTOR('',#9840,1.);
#9840 = DIRECTION('',(0.,1.,0.));
#9841 = CYLINDRICAL_SURFACE('',#9842,4.5E-02);
#9842 = AXIS2_PLACEMENT_3D('',#9843,#9844,#9845);
#9843 = CARTESIAN_POINT('',(0.755,-0.4,4.5E-02));
#9844 = DIRECTION('',(0.,1.,0.));
#9845 = DIRECTION('',(1.,0.,0.));
#9846 = ADVANCED_FACE('',(#9847),#9858,.T.);
#9847 = FACE_BOUND('',#9848,.T.);
#9848 = EDGE_LOOP('',(#9849,#9850,#9851,#9852));
#9849 = ORIENTED_EDGE('',*,*,#9628,.F.);
#9850 = ORIENTED_EDGE('',*,*,#9836,.T.);
#9851 = ORIENTED_EDGE('',*,*,#9752,.T.);
#9852 = ORIENTED_EDGE('',*,*,#9853,.F.);
#9853 = EDGE_CURVE('',#9620,#9744,#9854,.T.);
#9854 = LINE('',#9855,#9856);
#9855 = CARTESIAN_POINT('',(0.8,-0.4,0.405));
#9856 = VECTOR('',#9857,1.);
#9857 = DIRECTION('',(0.,1.,0.));
#9858 = PLANE('',#9859);
#9859 = AXIS2_PLACEMENT_3D('',#9860,#9861,#9862);
#9860 = CARTESIAN_POINT('',(0.8,-0.4,0.));
#9861 = DIRECTION('',(1.,0.,0.));
#9862 = DIRECTION('',(0.,0.,1.));
#9863 = ADVANCED_FACE('',(#9864),#9875,.T.);
#9864 = FACE_BOUND('',#9865,.T.);
#9865 = EDGE_LOOP('',(#9866,#9867,#9868,#9874));
#9866 = ORIENTED_EDGE('',*,*,#9853,.T.);
#9867 = ORIENTED_EDGE('',*,*,#9743,.T.);
#9868 = ORIENTED_EDGE('',*,*,#9869,.F.);
#9869 = EDGE_CURVE('',#9612,#9736,#9870,.T.);
#9870 = LINE('',#9871,#9872);
#9871 = CARTESIAN_POINT('',(0.755,-0.4,0.45));
#9872 = VECTOR('',#9873,1.);
#9873 = DIRECTION('',(0.,1.,0.));
#9874 = ORIENTED_EDGE('',*,*,#9619,.F.);
#9875 = CYLINDRICAL_SURFACE('',#9876,4.5E-02);
#9876 = AXIS2_PLACEMENT_3D('',#9877,#9878,#9879);
#9877 = CARTESIAN_POINT('',(0.755,-0.4,0.405));
#9878 = DIRECTION('',(0.,1.,0.));
#9879 = DIRECTION('',(1.,0.,0.));
#9880 = ADVANCED_FACE('',(#9881),#9892,.T.);
#9881 = FACE_BOUND('',#9882,.T.);
#9882 = EDGE_LOOP('',(#9883,#9884,#9890,#9891));
#9883 = ORIENTED_EDGE('',*,*,#9735,.F.);
#9884 = ORIENTED_EDGE('',*,*,#9885,.F.);
#9885 = EDGE_CURVE('',#9603,#9727,#9886,.T.);
#9886 = LINE('',#9887,#9888);
#9887 = CARTESIAN_POINT('',(0.545,-0.4,0.45));
#9888 = VECTOR('',#9889,1.);
#9889 = DIRECTION('',(0.,1.,0.));
#9890 = ORIENTED_EDGE('',*,*,#9611,.T.);
#9891 = ORIENTED_EDGE('',*,*,#9869,.T.);
#9892 = PLANE('',#9893);
#9893 = AXIS2_PLACEMENT_3D('',#9894,#9895,#9896);
#9894 = CARTESIAN_POINT('',(0.5,-0.4,0.45));
#9895 = DIRECTION('',(0.,0.,1.));
#9896 = DIRECTION('',(1.,0.,-0.));
#9897 = ADVANCED_FACE('',(#9898),#9909,.T.);
#9898 = FACE_BOUND('',#9899,.T.);
#9899 = EDGE_LOOP('',(#9900,#9901,#9902,#9903));
#9900 = ORIENTED_EDGE('',*,*,#9602,.T.);
#9901 = ORIENTED_EDGE('',*,*,#9885,.T.);
#9902 = ORIENTED_EDGE('',*,*,#9726,.F.);
#9903 = ORIENTED_EDGE('',*,*,#9904,.F.);
#9904 = EDGE_CURVE('',#9437,#9520,#9905,.T.);
#9905 = LINE('',#9906,#9907);
#9906 = CARTESIAN_POINT('',(0.5,-0.4,0.405));
#9907 = VECTOR('',#9908,1.);
#9908 = DIRECTION('',(0.,1.,0.));
#9909 = CYLINDRICAL_SURFACE('',#9910,4.5E-02);
#9910 = AXIS2_PLACEMENT_3D('',#9911,#9912,#9913);
#9911 = CARTESIAN_POINT('',(0.545,-0.4,0.405));
#9912 = DIRECTION('',(0.,1.,0.));
#9913 = DIRECTION('',(-1.,0.,0.));
#9914 = ADVANCED_FACE('',(#9915),#9926,.T.);
#9915 = FACE_BOUND('',#9916,.T.);
#9916 = EDGE_LOOP('',(#9917,#9918,#9919,#9920));
#9917 = ORIENTED_EDGE('',*,*,#9668,.F.);
#9918 = ORIENTED_EDGE('',*,*,#9904,.T.);
#9919 = ORIENTED_EDGE('',*,*,#9785,.T.);
#9920 = ORIENTED_EDGE('',*,*,#9921,.F.);
#9921 = EDGE_CURVE('',#9661,#9778,#9922,.T.);
#9922 = LINE('',#9923,#9924);
#9923 = CARTESIAN_POINT('',(0.5,-0.4,0.45));
#9924 = VECTOR('',#9925,1.);
#9925 = DIRECTION('',(0.,1.,0.));
#9926 = PLANE('',#9927);
#9927 = AXIS2_PLACEMENT_3D('',#9928,#9929,#9930);
#9928 = CARTESIAN_POINT('',(0.5,-0.4,0.405));
#9929 = DIRECTION('',(1.,0.,0.));
#9930 = DIRECTION('',(0.,0.,1.));
#9931 = ADVANCED_FACE('',(#9932),#9938,.T.);
#9932 = FACE_BOUND('',#9933,.T.);
#9933 = EDGE_LOOP('',(#9934,#9935,#9936,#9937));
#9934 = ORIENTED_EDGE('',*,*,#9692,.F.);
#9935 = ORIENTED_EDGE('',*,*,#9660,.T.);
#9936 = ORIENTED_EDGE('',*,*,#9921,.T.);
#9937 = ORIENTED_EDGE('',*,*,#9777,.F.);
#9938 = PLANE('',#9939);
#9939 = AXIS2_PLACEMENT_3D('',#9940,#9941,#9942);
#9940 = CARTESIAN_POINT('',(-0.5,-0.4,0.45));
#9941 = DIRECTION('',(0.,0.,1.));
#9942 = DIRECTION('',(1.,0.,-0.));
#9943 = ( GEOMETRIC_REPRESENTATION_CONTEXT(3) 
GLOBAL_UNCERTAINTY_ASSIGNED_CONTEXT((#9947)) 
GLOBAL_UNIT_ASSIGNED_CONTEXT((#9944,#9945,#9946)) REPRESENTATION_CONTEXT
('Context #1','3D Context with UNIT and UNCERTAINTY') );
#9944 = ( LENGTH_UNIT() NAMED_UNIT(*) SI_UNIT(.MILLI.,.METRE.) );
#9945 = ( NAMED_UNIT(*) PLANE_ANGLE_UNIT() SI_UNIT($,.RADIAN.) );
#9946 = ( NAMED_UNIT(*) SI_UNIT($,.STERADIAN.) SOLID_ANGLE_UNIT() );
#9947 = UNCERTAINTY_MEASURE_WITH_UNIT(LENGTH_MEASURE(1.E-07),#9944,
  'distance_accuracy_value','confusion accuracy');
#9948 = CONTEXT_DEPENDENT_SHAPE_REPRESENTATION(#9949,#9951);
#9949 = ( REPRESENTATION_RELATIONSHIP('','',#9152,#10) 
REPRESENTATION_RELATIONSHIP_WITH_TRANSFORMATION(#9950) 
SHAPE_REPRESENTATION_RELATIONSHIP() );
#9950 = ITEM_DEFINED_TRANSFORMATION('','',#11,#51);
#9951 = PRODUCT_DEFINITION_SHAPE('Placement','Placement of an item',
  #9952);
#9952 = NEXT_ASSEMBLY_USAGE_OCCURRENCE('10','F1','',#5,#9147,$);
#9953 = PRODUCT_RELATED_PRODUCT_CATEGORY('part',$,(#9149));
#9954 = SHAPE_DEFINITION_REPRESENTATION(#9955,#9961);
#9955 = PRODUCT_DEFINITION_SHAPE('','',#9956);
#9956 = PRODUCT_DEFINITION('design','',#9957,#9960);
#9957 = PRODUCT_DEFINITION_FORMATION('','',#9958);
#9958 = PRODUCT('SOT-223','SOT-223','',(#9959));
#9959 = PRODUCT_CONTEXT('',#2,'mechanical');
#9960 = PRODUCT_DEFINITION_CONTEXT('part definition',#2,'design');
#9961 = ADVANCED_BREP_SHAPE_REPRESENTATION('',(#11,#9962),#12214);
#9962 = MANIFOLD_SOLID_BREP('',#9963);
#9963 = CLOSED_SHELL('',(#9964,#10050,#10081,#10104,#10134,#10165,#10196
    ,#10227,#10258,#10289,#10319,#10342,#10375,#10398,#10421,#10477,
    #10569,#10661,#10678,#10709,#10801,#10893,#10910,#10941,#11033,
    #11125,#11142,#11198,#11215,#11246,#11263,#11301,#11332,#11355,
    #11399,#11418,#11435,#11452,#11469,#11486,#11503,#11520,#11537,
    #11549,#11568,#11585,#11602,#11619,#11636,#11653,#11670,#11687,
    #11699,#11718,#11735,#11752,#11769,#11786,#11803,#11820,#11837,
    #11849,#11866,#11951,#12036,#12053,#12070,#12093,#12110,#12127,
    #12144,#12161,#12178,#12195,#12207));
#9964 = ADVANCED_FACE('',(#9965),#10045,.T.);
#9965 = FACE_BOUND('',#9966,.T.);
#9966 = EDGE_LOOP('',(#9967,#9977,#9984,#9992,#10000,#10008,#10016,
    #10024,#10032,#10040));
#9967 = ORIENTED_EDGE('',*,*,#9968,.T.);
#9968 = EDGE_CURVE('',#9969,#9971,#9973,.T.);
#9969 = VERTEX_POINT('',#9970);
#9970 = CARTESIAN_POINT('',(-1.656540344923,3.156540344923,0.1));
#9971 = VERTEX_POINT('',#9972);
#9972 = CARTESIAN_POINT('',(-1.656540344923,-3.156540344923,0.1));
#9973 = LINE('',#9974,#9975);
#9974 = CARTESIAN_POINT('',(-1.656540344923,3.156540344923,0.1));
#9975 = VECTOR('',#9976,1.);
#9976 = DIRECTION('',(1.110223024625E-16,-1.,0.));
#9977 = ORIENTED_EDGE('',*,*,#9978,.T.);
#9978 = EDGE_CURVE('',#9971,#9979,#9981,.T.);
#9979 = VERTEX_POINT('',#9980);
#9980 = CARTESIAN_POINT('',(-1.75,-3.25,0.765));
#9981 = B_SPLINE_CURVE_WITH_KNOTS('',1,(#9982,#9983),.UNSPECIFIED.,.F.,
  .F.,(2,2),(0.,1.),.PIECEWISE_BEZIER_KNOTS.);
#9982 = CARTESIAN_POINT('',(-1.656540344923,-3.156540344923,0.1));
#9983 = CARTESIAN_POINT('',(-1.75,-3.25,0.765));
#9984 = ORIENTED_EDGE('',*,*,#9985,.F.);
#9985 = EDGE_CURVE('',#9986,#9979,#9988,.T.);
#9986 = VERTEX_POINT('',#9987);
#9987 = CARTESIAN_POINT('',(-1.75,-2.68345,0.765));
#9988 = LINE('',#9989,#9990);
#9989 = CARTESIAN_POINT('',(-1.75,3.25,0.765));
#9990 = VECTOR('',#9991,1.);
#9991 = DIRECTION('',(1.110223024625E-16,-1.,0.));
#9992 = ORIENTED_EDGE('',*,*,#9993,.F.);
#9993 = EDGE_CURVE('',#9994,#9986,#9996,.T.);
#9994 = VERTEX_POINT('',#9995);
#9995 = CARTESIAN_POINT('',(-1.75,-1.91675,0.765));
#9996 = LINE('',#9997,#9998);
#9997 = CARTESIAN_POINT('',(-1.75,3.25,0.765));
#9998 = VECTOR('',#9999,1.);
#9999 = DIRECTION('',(1.110223024625E-16,-1.,0.));
#10000 = ORIENTED_EDGE('',*,*,#10001,.F.);
#10001 = EDGE_CURVE('',#10002,#9994,#10004,.T.);
#10002 = VERTEX_POINT('',#10003);
#10003 = CARTESIAN_POINT('',(-1.75,-0.38335,0.765));
#10004 = LINE('',#10005,#10006);
#10005 = CARTESIAN_POINT('',(-1.75,3.25,0.765));
#10006 = VECTOR('',#10007,1.);
#10007 = DIRECTION('',(1.110223024625E-16,-1.,0.));
#10008 = ORIENTED_EDGE('',*,*,#10009,.F.);
#10009 = EDGE_CURVE('',#10010,#10002,#10012,.T.);
#10010 = VERTEX_POINT('',#10011);
#10011 = CARTESIAN_POINT('',(-1.75,0.38335,0.765));
#10012 = LINE('',#10013,#10014);
#10013 = CARTESIAN_POINT('',(-1.75,3.25,0.765));
#10014 = VECTOR('',#10015,1.);
#10015 = DIRECTION('',(1.110223024625E-16,-1.,0.));
#10016 = ORIENTED_EDGE('',*,*,#10017,.F.);
#10017 = EDGE_CURVE('',#10018,#10010,#10020,.T.);
#10018 = VERTEX_POINT('',#10019);
#10019 = CARTESIAN_POINT('',(-1.75,1.91675,0.765));
#10020 = LINE('',#10021,#10022);
#10021 = CARTESIAN_POINT('',(-1.75,3.25,0.765));
#10022 = VECTOR('',#10023,1.);
#10023 = DIRECTION('',(1.110223024625E-16,-1.,0.));
#10024 = ORIENTED_EDGE('',*,*,#10025,.F.);
#10025 = EDGE_CURVE('',#10026,#10018,#10028,.T.);
#10026 = VERTEX_POINT('',#10027);
#10027 = CARTESIAN_POINT('',(-1.75,2.68345,0.765));
#10028 = LINE('',#10029,#10030);
#10029 = CARTESIAN_POINT('',(-1.75,3.25,0.765));
#10030 = VECTOR('',#10031,1.);
#10031 = DIRECTION('',(1.110223024625E-16,-1.,0.));
#10032 = ORIENTED_EDGE('',*,*,#10033,.F.);
#10033 = EDGE_CURVE('',#10034,#10026,#10036,.T.);
#10034 = VERTEX_POINT('',#10035);
#10035 = CARTESIAN_POINT('',(-1.75,3.25,0.765));
#10036 = LINE('',#10037,#10038);
#10037 = CARTESIAN_POINT('',(-1.75,3.25,0.765));
#10038 = VECTOR('',#10039,1.);
#10039 = DIRECTION('',(1.110223024625E-16,-1.,0.));
#10040 = ORIENTED_EDGE('',*,*,#10041,.F.);
#10041 = EDGE_CURVE('',#9969,#10034,#10042,.T.);
#10042 = B_SPLINE_CURVE_WITH_KNOTS('',1,(#10043,#10044),.UNSPECIFIED.,
  .F.,.F.,(2,2),(0.,1.),.PIECEWISE_BEZIER_KNOTS.);
#10043 = CARTESIAN_POINT('',(-1.656540344923,3.156540344923,0.1));
#10044 = CARTESIAN_POINT('',(-1.75,3.25,0.765));
#10045 = B_SPLINE_SURFACE_WITH_KNOTS('',1,1,(
    (#10046,#10047)
    ,(#10048,#10049
    )),.UNSPECIFIED.,.F.,.F.,.F.,(2,2),(2,2),(0.,6.5),(0.,1.),
  .PIECEWISE_BEZIER_KNOTS.);
#10046 = CARTESIAN_POINT('',(-1.656540344923,3.156540344923,0.1));
#10047 = CARTESIAN_POINT('',(-1.75,3.25,0.765));
#10048 = CARTESIAN_POINT('',(-1.656540344923,-3.156540344923,0.1));
#10049 = CARTESIAN_POINT('',(-1.75,-3.25,0.765));
#10050 = ADVANCED_FACE('',(#10051),#10076,.T.);
#10051 = FACE_BOUND('',#10052,.F.);
#10052 = EDGE_LOOP('',(#10053,#10054,#10062,#10070));
#10053 = ORIENTED_EDGE('',*,*,#9968,.T.);
#10054 = ORIENTED_EDGE('',*,*,#10055,.T.);
#10055 = EDGE_CURVE('',#9971,#10056,#10058,.T.);
#10056 = VERTEX_POINT('',#10057);
#10057 = CARTESIAN_POINT('',(1.656540344923,-3.156540344923,0.1));
#10058 = LINE('',#10059,#10060);
#10059 = CARTESIAN_POINT('',(-1.656540344923,-3.156540344923,0.1));
#10060 = VECTOR('',#10061,1.);
#10061 = DIRECTION('',(1.,1.110223024625E-16,0.));
#10062 = ORIENTED_EDGE('',*,*,#10063,.T.);
#10063 = EDGE_CURVE('',#10056,#10064,#10066,.T.);
#10064 = VERTEX_POINT('',#10065);
#10065 = CARTESIAN_POINT('',(1.656540344923,3.156540344923,0.1));
#10066 = LINE('',#10067,#10068);
#10067 = CARTESIAN_POINT('',(1.656540344923,-3.156540344923,0.1));
#10068 = VECTOR('',#10069,1.);
#10069 = DIRECTION('',(-1.110223024625E-16,1.,0.));
#10070 = ORIENTED_EDGE('',*,*,#10071,.T.);
#10071 = EDGE_CURVE('',#10064,#9969,#10072,.T.);
#10072 = LINE('',#10073,#10074);
#10073 = CARTESIAN_POINT('',(1.656540344923,3.156540344923,0.1));
#10074 = VECTOR('',#10075,1.);
#10075 = DIRECTION('',(-1.,-1.110223024625E-16,0.));
#10076 = PLANE('',#10077);
#10077 = AXIS2_PLACEMENT_3D('',#10078,#10079,#10080);
#10078 = CARTESIAN_POINT('',(-1.656540344923,3.156540344923,0.1));
#10079 = DIRECTION('',(0.,0.,-1.));
#10080 = DIRECTION('',(0.464692418444,-0.885472165706,0.));
#10081 = ADVANCED_FACE('',(#10082),#10099,.T.);
#10082 = FACE_BOUND('',#10083,.T.);
#10083 = EDGE_LOOP('',(#10084,#10085,#10092,#10098));
#10084 = ORIENTED_EDGE('',*,*,#10055,.T.);
#10085 = ORIENTED_EDGE('',*,*,#10086,.T.);
#10086 = EDGE_CURVE('',#10056,#10087,#10089,.T.);
#10087 = VERTEX_POINT('',#10088);
#10088 = CARTESIAN_POINT('',(1.75,-3.25,0.765));
#10089 = B_SPLINE_CURVE_WITH_KNOTS('',1,(#10090,#10091),.UNSPECIFIED.,
  .F.,.F.,(2,2),(0.,1.),.PIECEWISE_BEZIER_KNOTS.);
#10090 = CARTESIAN_POINT('',(1.656540344923,-3.156540344923,0.1));
#10091 = CARTESIAN_POINT('',(1.75,-3.25,0.765));
#10092 = ORIENTED_EDGE('',*,*,#10093,.F.);
#10093 = EDGE_CURVE('',#9979,#10087,#10094,.T.);
#10094 = LINE('',#10095,#10096);
#10095 = CARTESIAN_POINT('',(-1.75,-3.25,0.765));
#10096 = VECTOR('',#10097,1.);
#10097 = DIRECTION('',(1.,1.110223024625E-16,0.));
#10098 = ORIENTED_EDGE('',*,*,#9978,.F.);
#10099 = B_SPLINE_SURFACE_WITH_KNOTS('',1,1,(
    (#10100,#10101)
    ,(#10102,#10103
    )),.UNSPECIFIED.,.F.,.F.,.F.,(2,2),(2,2),(0.,3.5),(0.,1.),
  .PIECEWISE_BEZIER_KNOTS.);
#10100 = CARTESIAN_POINT('',(-1.656540344923,-3.156540344923,0.1));
#10101 = CARTESIAN_POINT('',(-1.75,-3.25,0.765));
#10102 = CARTESIAN_POINT('',(1.656540344923,-3.156540344923,0.1));
#10103 = CARTESIAN_POINT('',(1.75,-3.25,0.765));
#10104 = ADVANCED_FACE('',(#10105),#10129,.T.);
#10105 = FACE_BOUND('',#10106,.T.);
#10106 = EDGE_LOOP('',(#10107,#10114,#10115,#10123));
#10107 = ORIENTED_EDGE('',*,*,#10108,.F.);
#10108 = EDGE_CURVE('',#10034,#10109,#10111,.T.);
#10109 = VERTEX_POINT('',#10110);
#10110 = CARTESIAN_POINT('',(-1.75,3.25,1.035));
#10111 = B_SPLINE_CURVE_WITH_KNOTS('',1,(#10112,#10113),.UNSPECIFIED.,
  .F.,.F.,(2,2),(0.,1.),.PIECEWISE_BEZIER_KNOTS.);
#10112 = CARTESIAN_POINT('',(-1.75,3.25,0.765));
#10113 = CARTESIAN_POINT('',(-1.75,3.25,1.035));
#10114 = ORIENTED_EDGE('',*,*,#10033,.T.);
#10115 = ORIENTED_EDGE('',*,*,#10116,.F.);
#10116 = EDGE_CURVE('',#10117,#10026,#10119,.T.);
#10117 = VERTEX_POINT('',#10118);
#10118 = CARTESIAN_POINT('',(-1.75,2.68345,1.035));
#10119 = LINE('',#10120,#10121);
#10120 = CARTESIAN_POINT('',(-1.75,2.68345,0.773709888363));
#10121 = VECTOR('',#10122,1.);
#10122 = DIRECTION('',(0.,0.,-1.));
#10123 = ORIENTED_EDGE('',*,*,#10124,.F.);
#10124 = EDGE_CURVE('',#10109,#10117,#10125,.T.);
#10125 = LINE('',#10126,#10127);
#10126 = CARTESIAN_POINT('',(-1.75,3.25,1.035));
#10127 = VECTOR('',#10128,1.);
#10128 = DIRECTION('',(1.110223024625E-16,-1.,0.));
#10129 = PLANE('',#10130);
#10130 = AXIS2_PLACEMENT_3D('',#10131,#10132,#10133);
#10131 = CARTESIAN_POINT('',(-1.75,3.25,1.035));
#10132 = DIRECTION('',(-1.,-1.110223024625E-16,0.));
#10133 = DIRECTION('',(1.110223024625E-16,-1.,0.));
#10134 = ADVANCED_FACE('',(#10135),#10160,.F.);
#10135 = FACE_BOUND('',#10136,.F.);
#10136 = EDGE_LOOP('',(#10137,#10145,#10146,#10154));
#10137 = ORIENTED_EDGE('',*,*,#10138,.F.);
#10138 = EDGE_CURVE('',#10018,#10139,#10141,.T.);
#10139 = VERTEX_POINT('',#10140);
#10140 = CARTESIAN_POINT('',(-2.25,1.91675,0.765));
#10141 = LINE('',#10142,#10143);
#10142 = CARTESIAN_POINT('',(-1.72,1.91675,0.765));
#10143 = VECTOR('',#10144,1.);
#10144 = DIRECTION('',(-1.,1.144237745222E-17,0.));
#10145 = ORIENTED_EDGE('',*,*,#10025,.F.);
#10146 = ORIENTED_EDGE('',*,*,#10147,.T.);
#10147 = EDGE_CURVE('',#10026,#10148,#10150,.T.);
#10148 = VERTEX_POINT('',#10149);
#10149 = CARTESIAN_POINT('',(-2.25,2.68345,0.765));
#10150 = LINE('',#10151,#10152);
#10151 = CARTESIAN_POINT('',(-1.72,2.68345,0.765));
#10152 = VECTOR('',#10153,1.);
#10153 = DIRECTION('',(-1.,1.144237745222E-17,0.));
#10154 = ORIENTED_EDGE('',*,*,#10155,.F.);
#10155 = EDGE_CURVE('',#10139,#10148,#10156,.T.);
#10156 = LINE('',#10157,#10158);
#10157 = CARTESIAN_POINT('',(-2.25,1.91675,0.765));
#10158 = VECTOR('',#10159,1.);
#10159 = DIRECTION('',(1.144237745222E-17,1.,0.));
#10160 = PLANE('',#10161);
#10161 = AXIS2_PLACEMENT_3D('',#10162,#10163,#10164);
#10162 = CARTESIAN_POINT('',(-1.72,1.91675,0.765));
#10163 = DIRECTION('',(0.,0.,1.));
#10164 = DIRECTION('',(-1.,1.144237745222E-17,0.));
#10165 = ADVANCED_FACE('',(#10166),#10191,.T.);
#10166 = FACE_BOUND('',#10167,.T.);
#10167 = EDGE_LOOP('',(#10168,#10176,#10177,#10185));
#10168 = ORIENTED_EDGE('',*,*,#10169,.T.);
#10169 = EDGE_CURVE('',#10170,#10018,#10172,.T.);
#10170 = VERTEX_POINT('',#10171);
#10171 = CARTESIAN_POINT('',(-1.75,1.91675,1.035));
#10172 = LINE('',#10173,#10174);
#10173 = CARTESIAN_POINT('',(-1.75,1.91675,0.773709888363));
#10174 = VECTOR('',#10175,1.);
#10175 = DIRECTION('',(0.,0.,-1.));
#10176 = ORIENTED_EDGE('',*,*,#10017,.T.);
#10177 = ORIENTED_EDGE('',*,*,#10178,.F.);
#10178 = EDGE_CURVE('',#10179,#10010,#10181,.T.);
#10179 = VERTEX_POINT('',#10180);
#10180 = CARTESIAN_POINT('',(-1.75,0.38335,1.035));
#10181 = LINE('',#10182,#10183);
#10182 = CARTESIAN_POINT('',(-1.75,0.38335,0.773709888363));
#10183 = VECTOR('',#10184,1.);
#10184 = DIRECTION('',(0.,0.,-1.));
#10185 = ORIENTED_EDGE('',*,*,#10186,.F.);
#10186 = EDGE_CURVE('',#10170,#10179,#10187,.T.);
#10187 = LINE('',#10188,#10189);
#10188 = CARTESIAN_POINT('',(-1.75,3.25,1.035));
#10189 = VECTOR('',#10190,1.);
#10190 = DIRECTION('',(1.110223024625E-16,-1.,0.));
#10191 = PLANE('',#10192);
#10192 = AXIS2_PLACEMENT_3D('',#10193,#10194,#10195);
#10193 = CARTESIAN_POINT('',(-1.75,3.25,1.035));
#10194 = DIRECTION('',(-1.,-1.110223024625E-16,0.));
#10195 = DIRECTION('',(1.110223024625E-16,-1.,0.));
#10196 = ADVANCED_FACE('',(#10197),#10222,.F.);
#10197 = FACE_BOUND('',#10198,.F.);
#10198 = EDGE_LOOP('',(#10199,#10207,#10208,#10216));
#10199 = ORIENTED_EDGE('',*,*,#10200,.F.);
#10200 = EDGE_CURVE('',#10002,#10201,#10203,.T.);
#10201 = VERTEX_POINT('',#10202);
#10202 = CARTESIAN_POINT('',(-2.25,-0.38335,0.765));
#10203 = LINE('',#10204,#10205);
#10204 = CARTESIAN_POINT('',(-1.72,-0.38335,0.765));
#10205 = VECTOR('',#10206,1.);
#10206 = DIRECTION('',(-1.,1.144237745222E-17,0.));
#10207 = ORIENTED_EDGE('',*,*,#10009,.F.);
#10208 = ORIENTED_EDGE('',*,*,#10209,.T.);
#10209 = EDGE_CURVE('',#10010,#10210,#10212,.T.);
#10210 = VERTEX_POINT('',#10211);
#10211 = CARTESIAN_POINT('',(-2.25,0.38335,0.765));
#10212 = LINE('',#10213,#10214);
#10213 = CARTESIAN_POINT('',(-1.72,0.38335,0.765));
#10214 = VECTOR('',#10215,1.);
#10215 = DIRECTION('',(-1.,1.144237745222E-17,0.));
#10216 = ORIENTED_EDGE('',*,*,#10217,.F.);
#10217 = EDGE_CURVE('',#10201,#10210,#10218,.T.);
#10218 = LINE('',#10219,#10220);
#10219 = CARTESIAN_POINT('',(-2.25,-0.38335,0.765));
#10220 = VECTOR('',#10221,1.);
#10221 = DIRECTION('',(1.144237745222E-17,1.,0.));
#10222 = PLANE('',#10223);
#10223 = AXIS2_PLACEMENT_3D('',#10224,#10225,#10226);
#10224 = CARTESIAN_POINT('',(-1.72,-0.38335,0.765));
#10225 = DIRECTION('',(0.,0.,1.));
#10226 = DIRECTION('',(-1.,1.144237745222E-17,0.));
#10227 = ADVANCED_FACE('',(#10228),#10253,.T.);
#10228 = FACE_BOUND('',#10229,.T.);
#10229 = EDGE_LOOP('',(#10230,#10238,#10239,#10247));
#10230 = ORIENTED_EDGE('',*,*,#10231,.T.);
#10231 = EDGE_CURVE('',#10232,#10002,#10234,.T.);
#10232 = VERTEX_POINT('',#10233);
#10233 = CARTESIAN_POINT('',(-1.75,-0.38335,1.035));
#10234 = LINE('',#10235,#10236);
#10235 = CARTESIAN_POINT('',(-1.75,-0.38335,0.773709888363));
#10236 = VECTOR('',#10237,1.);
#10237 = DIRECTION('',(0.,0.,-1.));
#10238 = ORIENTED_EDGE('',*,*,#10001,.T.);
#10239 = ORIENTED_EDGE('',*,*,#10240,.F.);
#10240 = EDGE_CURVE('',#10241,#9994,#10243,.T.);
#10241 = VERTEX_POINT('',#10242);
#10242 = CARTESIAN_POINT('',(-1.75,-1.91675,1.035));
#10243 = LINE('',#10244,#10245);
#10244 = CARTESIAN_POINT('',(-1.75,-1.91675,0.773709888363));
#10245 = VECTOR('',#10246,1.);
#10246 = DIRECTION('',(0.,0.,-1.));
#10247 = ORIENTED_EDGE('',*,*,#10248,.F.);
#10248 = EDGE_CURVE('',#10232,#10241,#10249,.T.);
#10249 = LINE('',#10250,#10251);
#10250 = CARTESIAN_POINT('',(-1.75,3.25,1.035));
#10251 = VECTOR('',#10252,1.);
#10252 = DIRECTION('',(1.110223024625E-16,-1.,0.));
#10253 = PLANE('',#10254);
#10254 = AXIS2_PLACEMENT_3D('',#10255,#10256,#10257);
#10255 = CARTESIAN_POINT('',(-1.75,3.25,1.035));
#10256 = DIRECTION('',(-1.,-1.110223024625E-16,0.));
#10257 = DIRECTION('',(1.110223024625E-16,-1.,0.));
#10258 = ADVANCED_FACE('',(#10259),#10284,.F.);
#10259 = FACE_BOUND('',#10260,.F.);
#10260 = EDGE_LOOP('',(#10261,#10269,#10270,#10278));
#10261 = ORIENTED_EDGE('',*,*,#10262,.F.);
#10262 = EDGE_CURVE('',#9986,#10263,#10265,.T.);
#10263 = VERTEX_POINT('',#10264);
#10264 = CARTESIAN_POINT('',(-2.25,-2.68345,0.765));
#10265 = LINE('',#10266,#10267);
#10266 = CARTESIAN_POINT('',(-1.72,-2.68345,0.765));
#10267 = VECTOR('',#10268,1.);
#10268 = DIRECTION('',(-1.,1.144237745222E-17,0.));
#10269 = ORIENTED_EDGE('',*,*,#9993,.F.);
#10270 = ORIENTED_EDGE('',*,*,#10271,.T.);
#10271 = EDGE_CURVE('',#9994,#10272,#10274,.T.);
#10272 = VERTEX_POINT('',#10273);
#10273 = CARTESIAN_POINT('',(-2.25,-1.91675,0.765));
#10274 = LINE('',#10275,#10276);
#10275 = CARTESIAN_POINT('',(-1.72,-1.91675,0.765));
#10276 = VECTOR('',#10277,1.);
#10277 = DIRECTION('',(-1.,1.144237745222E-17,0.));
#10278 = ORIENTED_EDGE('',*,*,#10279,.F.);
#10279 = EDGE_CURVE('',#10263,#10272,#10280,.T.);
#10280 = LINE('',#10281,#10282);
#10281 = CARTESIAN_POINT('',(-2.25,-2.68345,0.765));
#10282 = VECTOR('',#10283,1.);
#10283 = DIRECTION('',(1.144237745222E-17,1.,0.));
#10284 = PLANE('',#10285);
#10285 = AXIS2_PLACEMENT_3D('',#10286,#10287,#10288);
#10286 = CARTESIAN_POINT('',(-1.72,-2.68345,0.765));
#10287 = DIRECTION('',(0.,0.,1.));
#10288 = DIRECTION('',(-1.,1.144237745222E-17,0.));
#10289 = ADVANCED_FACE('',(#10290),#10314,.T.);
#10290 = FACE_BOUND('',#10291,.T.);
#10291 = EDGE_LOOP('',(#10292,#10300,#10301,#10308));
#10292 = ORIENTED_EDGE('',*,*,#10293,.T.);
#10293 = EDGE_CURVE('',#10294,#9986,#10296,.T.);
#10294 = VERTEX_POINT('',#10295);
#10295 = CARTESIAN_POINT('',(-1.75,-2.68345,1.035));
#10296 = LINE('',#10297,#10298);
#10297 = CARTESIAN_POINT('',(-1.75,-2.68345,0.773709888363));
#10298 = VECTOR('',#10299,1.);
#10299 = DIRECTION('',(0.,0.,-1.));
#10300 = ORIENTED_EDGE('',*,*,#9985,.T.);
#10301 = ORIENTED_EDGE('',*,*,#10302,.T.);
#10302 = EDGE_CURVE('',#9979,#10303,#10305,.T.);
#10303 = VERTEX_POINT('',#10304);
#10304 = CARTESIAN_POINT('',(-1.75,-3.25,1.035));
#10305 = B_SPLINE_CURVE_WITH_KNOTS('',1,(#10306,#10307),.UNSPECIFIED.,
  .F.,.F.,(2,2),(0.,1.),.PIECEWISE_BEZIER_KNOTS.);
#10306 = CARTESIAN_POINT('',(-1.75,-3.25,0.765));
#10307 = CARTESIAN_POINT('',(-1.75,-3.25,1.035));
#10308 = ORIENTED_EDGE('',*,*,#10309,.F.);
#10309 = EDGE_CURVE('',#10294,#10303,#10310,.T.);
#10310 = LINE('',#10311,#10312);
#10311 = CARTESIAN_POINT('',(-1.75,3.25,1.035));
#10312 = VECTOR('',#10313,1.);
#10313 = DIRECTION('',(1.110223024625E-16,-1.,0.));
#10314 = PLANE('',#10315);
#10315 = AXIS2_PLACEMENT_3D('',#10316,#10317,#10318);
#10316 = CARTESIAN_POINT('',(-1.75,3.25,1.035));
#10317 = DIRECTION('',(-1.,-1.110223024625E-16,0.));
#10318 = DIRECTION('',(1.110223024625E-16,-1.,0.));
#10319 = ADVANCED_FACE('',(#10320),#10337,.T.);
#10320 = FACE_BOUND('',#10321,.T.);
#10321 = EDGE_LOOP('',(#10322,#10323,#10324,#10332));
#10322 = ORIENTED_EDGE('',*,*,#10071,.T.);
#10323 = ORIENTED_EDGE('',*,*,#10041,.T.);
#10324 = ORIENTED_EDGE('',*,*,#10325,.F.);
#10325 = EDGE_CURVE('',#10326,#10034,#10328,.T.);
#10326 = VERTEX_POINT('',#10327);
#10327 = CARTESIAN_POINT('',(1.75,3.25,0.765));
#10328 = LINE('',#10329,#10330);
#10329 = CARTESIAN_POINT('',(1.75,3.25,0.765));
#10330 = VECTOR('',#10331,1.);
#10331 = DIRECTION('',(-1.,-1.110223024625E-16,0.));
#10332 = ORIENTED_EDGE('',*,*,#10333,.F.);
#10333 = EDGE_CURVE('',#10064,#10326,#10334,.T.);
#10334 = B_SPLINE_CURVE_WITH_KNOTS('',1,(#10335,#10336),.UNSPECIFIED.,
  .F.,.F.,(2,2),(0.,1.),.PIECEWISE_BEZIER_KNOTS.);
#10335 = CARTESIAN_POINT('',(1.656540344923,3.156540344923,0.1));
#10336 = CARTESIAN_POINT('',(1.75,3.25,0.765));
#10337 = B_SPLINE_SURFACE_WITH_KNOTS('',1,1,(
    (#10338,#10339)
    ,(#10340,#10341
    )),.UNSPECIFIED.,.F.,.F.,.F.,(2,2),(2,2),(0.,3.5),(0.,1.),
  .PIECEWISE_BEZIER_KNOTS.);
#10338 = CARTESIAN_POINT('',(1.656540344923,3.156540344923,0.1));
#10339 = CARTESIAN_POINT('',(1.75,3.25,0.765));
#10340 = CARTESIAN_POINT('',(-1.656540344923,3.156540344923,0.1));
#10341 = CARTESIAN_POINT('',(-1.75,3.25,0.765));
#10342 = ADVANCED_FACE('',(#10343),#10370,.T.);
#10343 = FACE_BOUND('',#10344,.T.);
#10344 = EDGE_LOOP('',(#10345,#10346,#10347,#10355,#10363,#10369));
#10345 = ORIENTED_EDGE('',*,*,#10063,.T.);
#10346 = ORIENTED_EDGE('',*,*,#10333,.T.);
#10347 = ORIENTED_EDGE('',*,*,#10348,.F.);
#10348 = EDGE_CURVE('',#10349,#10326,#10351,.T.);
#10349 = VERTEX_POINT('',#10350);
#10350 = CARTESIAN_POINT('',(1.75,1.15005,0.765));
#10351 = LINE('',#10352,#10353);
#10352 = CARTESIAN_POINT('',(1.75,-3.25,0.765));
#10353 = VECTOR('',#10354,1.);
#10354 = DIRECTION('',(-1.110223024625E-16,1.,0.));
#10355 = ORIENTED_EDGE('',*,*,#10356,.F.);
#10356 = EDGE_CURVE('',#10357,#10349,#10359,.T.);
#10357 = VERTEX_POINT('',#10358);
#10358 = CARTESIAN_POINT('',(1.75,-1.15005,0.765));
#10359 = LINE('',#10360,#10361);
#10360 = CARTESIAN_POINT('',(1.75,-3.25,0.765));
#10361 = VECTOR('',#10362,1.);
#10362 = DIRECTION('',(-1.110223024625E-16,1.,0.));
#10363 = ORIENTED_EDGE('',*,*,#10364,.F.);
#10364 = EDGE_CURVE('',#10087,#10357,#10365,.T.);
#10365 = LINE('',#10366,#10367);
#10366 = CARTESIAN_POINT('',(1.75,-3.25,0.765));
#10367 = VECTOR('',#10368,1.);
#10368 = DIRECTION('',(-1.110223024625E-16,1.,0.));
#10369 = ORIENTED_EDGE('',*,*,#10086,.F.);
#10370 = B_SPLINE_SURFACE_WITH_KNOTS('',1,1,(
    (#10371,#10372)
    ,(#10373,#10374
    )),.UNSPECIFIED.,.F.,.F.,.F.,(2,2),(2,2),(0.,6.5),(0.,1.),
  .PIECEWISE_BEZIER_KNOTS.);
#10371 = CARTESIAN_POINT('',(1.656540344923,-3.156540344923,0.1));
#10372 = CARTESIAN_POINT('',(1.75,-3.25,0.765));
#10373 = CARTESIAN_POINT('',(1.656540344923,3.156540344923,0.1));
#10374 = CARTESIAN_POINT('',(1.75,3.25,0.765));
#10375 = ADVANCED_FACE('',(#10376),#10393,.T.);
#10376 = FACE_BOUND('',#10377,.T.);
#10377 = EDGE_LOOP('',(#10378,#10379,#10386,#10392));
#10378 = ORIENTED_EDGE('',*,*,#10093,.T.);
#10379 = ORIENTED_EDGE('',*,*,#10380,.T.);
#10380 = EDGE_CURVE('',#10087,#10381,#10383,.T.);
#10381 = VERTEX_POINT('',#10382);
#10382 = CARTESIAN_POINT('',(1.75,-3.25,1.035));
#10383 = B_SPLINE_CURVE_WITH_KNOTS('',1,(#10384,#10385),.UNSPECIFIED.,
  .F.,.F.,(2,2),(0.,1.),.PIECEWISE_BEZIER_KNOTS.);
#10384 = CARTESIAN_POINT('',(1.75,-3.25,0.765));
#10385 = CARTESIAN_POINT('',(1.75,-3.25,1.035));
#10386 = ORIENTED_EDGE('',*,*,#10387,.F.);
#10387 = EDGE_CURVE('',#10303,#10381,#10388,.T.);
#10388 = LINE('',#10389,#10390);
#10389 = CARTESIAN_POINT('',(-1.75,-3.25,1.035));
#10390 = VECTOR('',#10391,1.);
#10391 = DIRECTION('',(1.,1.110223024625E-16,0.));
#10392 = ORIENTED_EDGE('',*,*,#10302,.F.);
#10393 = PLANE('',#10394);
#10394 = AXIS2_PLACEMENT_3D('',#10395,#10396,#10397);
#10395 = CARTESIAN_POINT('',(-1.75,-3.25,1.035));
#10396 = DIRECTION('',(1.110223024625E-16,-1.,0.));
#10397 = DIRECTION('',(1.,1.110223024625E-16,0.));
#10398 = ADVANCED_FACE('',(#10399),#10416,.T.);
#10399 = FACE_BOUND('',#10400,.T.);
#10400 = EDGE_LOOP('',(#10401,#10402,#10403,#10411));
#10401 = ORIENTED_EDGE('',*,*,#10325,.T.);
#10402 = ORIENTED_EDGE('',*,*,#10108,.T.);
#10403 = ORIENTED_EDGE('',*,*,#10404,.F.);
#10404 = EDGE_CURVE('',#10405,#10109,#10407,.T.);
#10405 = VERTEX_POINT('',#10406);
#10406 = CARTESIAN_POINT('',(1.75,3.25,1.035));
#10407 = LINE('',#10408,#10409);
#10408 = CARTESIAN_POINT('',(1.75,3.25,1.035));
#10409 = VECTOR('',#10410,1.);
#10410 = DIRECTION('',(-1.,-1.110223024625E-16,0.));
#10411 = ORIENTED_EDGE('',*,*,#10412,.F.);
#10412 = EDGE_CURVE('',#10326,#10405,#10413,.T.);
#10413 = B_SPLINE_CURVE_WITH_KNOTS('',1,(#10414,#10415),.UNSPECIFIED.,
  .F.,.F.,(2,2),(0.,1.),.PIECEWISE_BEZIER_KNOTS.);
#10414 = CARTESIAN_POINT('',(1.75,3.25,0.765));
#10415 = CARTESIAN_POINT('',(1.75,3.25,1.035));
#10416 = PLANE('',#10417);
#10417 = AXIS2_PLACEMENT_3D('',#10418,#10419,#10420);
#10418 = CARTESIAN_POINT('',(1.75,3.25,1.035));
#10419 = DIRECTION('',(-1.110223024625E-16,1.,0.));
#10420 = DIRECTION('',(-1.,-1.110223024625E-16,0.));
#10421 = ADVANCED_FACE('',(#10422),#10472,.T.);
#10422 = FACE_BOUND('',#10423,.T.);
#10423 = EDGE_LOOP('',(#10424,#10425,#10426,#10434,#10442,#10450,#10458,
    #10466));
#10424 = ORIENTED_EDGE('',*,*,#10404,.T.);
#10425 = ORIENTED_EDGE('',*,*,#10124,.T.);
#10426 = ORIENTED_EDGE('',*,*,#10427,.T.);
#10427 = EDGE_CURVE('',#10117,#10428,#10430,.T.);
#10428 = VERTEX_POINT('',#10429);
#10429 = CARTESIAN_POINT('',(-1.735,2.68345,1.035));
#10430 = LINE('',#10431,#10432);
#10431 = CARTESIAN_POINT('',(-2.25,2.68345,1.035));
#10432 = VECTOR('',#10433,1.);
#10433 = DIRECTION('',(1.,-1.144237745222E-17,0.));
#10434 = ORIENTED_EDGE('',*,*,#10435,.F.);
#10435 = EDGE_CURVE('',#10436,#10428,#10438,.T.);
#10436 = VERTEX_POINT('',#10437);
#10437 = CARTESIAN_POINT('',(-1.735,3.235,1.035));
#10438 = LINE('',#10439,#10440);
#10439 = CARTESIAN_POINT('',(-1.735,3.235,1.035));
#10440 = VECTOR('',#10441,1.);
#10441 = DIRECTION('',(1.110223024625E-16,-1.,0.));
#10442 = ORIENTED_EDGE('',*,*,#10443,.F.);
#10443 = EDGE_CURVE('',#10444,#10436,#10446,.T.);
#10444 = VERTEX_POINT('',#10445);
#10445 = CARTESIAN_POINT('',(1.735,3.235,1.035));
#10446 = LINE('',#10447,#10448);
#10447 = CARTESIAN_POINT('',(1.735,3.235,1.035));
#10448 = VECTOR('',#10449,1.);
#10449 = DIRECTION('',(-1.,-1.110223024625E-16,0.));
#10450 = ORIENTED_EDGE('',*,*,#10451,.F.);
#10451 = EDGE_CURVE('',#10452,#10444,#10454,.T.);
#10452 = VERTEX_POINT('',#10453);
#10453 = CARTESIAN_POINT('',(1.735,1.15005,1.035));
#10454 = LINE('',#10455,#10456);
#10455 = CARTESIAN_POINT('',(1.735,-3.235,1.035));
#10456 = VECTOR('',#10457,1.);
#10457 = DIRECTION('',(-1.110223024625E-16,1.,0.));
#10458 = ORIENTED_EDGE('',*,*,#10459,.F.);
#10459 = EDGE_CURVE('',#10460,#10452,#10462,.T.);
#10460 = VERTEX_POINT('',#10461);
#10461 = CARTESIAN_POINT('',(1.75,1.15005,1.035));
#10462 = LINE('',#10463,#10464);
#10463 = CARTESIAN_POINT('',(2.25,1.15005,1.035));
#10464 = VECTOR('',#10465,1.);
#10465 = DIRECTION('',(-1.,-1.110223024625E-16,0.));
#10466 = ORIENTED_EDGE('',*,*,#10467,.T.);
#10467 = EDGE_CURVE('',#10460,#10405,#10468,.T.);
#10468 = LINE('',#10469,#10470);
#10469 = CARTESIAN_POINT('',(1.75,-3.25,1.035));
#10470 = VECTOR('',#10471,1.);
#10471 = DIRECTION('',(-1.110223024625E-16,1.,0.));
#10472 = PLANE('',#10473);
#10473 = AXIS2_PLACEMENT_3D('',#10474,#10475,#10476);
#10474 = CARTESIAN_POINT('',(-1.7425,-3.732941412364E-16,1.035));
#10475 = DIRECTION('',(-2.496972947931E-25,-3.410490578954E-32,1.));
#10476 = DIRECTION('',(1.025679957475E-16,-1.,-3.410490576393E-32));
#10477 = ADVANCED_FACE('',(#10478),#10564,.T.);
#10478 = FACE_BOUND('',#10479,.T.);
#10479 = EDGE_LOOP('',(#10480,#10481,#10482,#10491,#10499,#10508,#10516,
    #10524,#10532,#10541,#10549,#10558));
#10480 = ORIENTED_EDGE('',*,*,#10116,.T.);
#10481 = ORIENTED_EDGE('',*,*,#10147,.T.);
#10482 = ORIENTED_EDGE('',*,*,#10483,.T.);
#10483 = EDGE_CURVE('',#10148,#10484,#10486,.T.);
#10484 = VERTEX_POINT('',#10485);
#10485 = CARTESIAN_POINT('',(-2.446961550602,2.68345,0.599729635533));
#10486 = CIRCLE('',#10487,0.2);
#10487 = AXIS2_PLACEMENT_3D('',#10488,#10489,#10490);
#10488 = CARTESIAN_POINT('',(-2.25,2.68345,0.565));
#10489 = DIRECTION('',(-1.144237745222E-17,-1.,0.));
#10490 = DIRECTION('',(0.,0.,1.));
#10491 = ORIENTED_EDGE('',*,*,#10492,.T.);
#10492 = EDGE_CURVE('',#10484,#10493,#10495,.T.);
#10493 = VERTEX_POINT('',#10494);
#10494 = CARTESIAN_POINT('',(-2.473891419252,2.68345,0.388385356497));
#10495 = LINE('',#10496,#10497);
#10496 = CARTESIAN_POINT('',(-2.446961550602,2.68345,0.599729635533));
#10497 = VECTOR('',#10498,1.);
#10498 = DIRECTION('',(-0.126399799104,1.446314211233E-18,
    -0.991979380222));
#10499 = ORIENTED_EDGE('',*,*,#10500,.T.);
#10500 = EDGE_CURVE('',#10493,#10501,#10503,.T.);
#10501 = VERTEX_POINT('',#10502);
#10502 = CARTESIAN_POINT('',(-2.936751063167,2.68345,-1.665334536938E-16
    ));
#10503 = CIRCLE('',#10504,0.47);
#10504 = AXIS2_PLACEMENT_3D('',#10505,#10506,#10507);
#10505 = CARTESIAN_POINT('',(-2.936751063167,2.68345,0.47));
#10506 = DIRECTION('',(1.144237745222E-17,1.,-1.155557966632E-33));
#10507 = DIRECTION('',(0.984807753012,-1.126854202784E-17,
    -0.173648177667));
#10508 = ORIENTED_EDGE('',*,*,#10509,.T.);
#10509 = EDGE_CURVE('',#10501,#10510,#10512,.T.);
#10510 = VERTEX_POINT('',#10511);
#10511 = CARTESIAN_POINT('',(-3.5,2.68345,-1.665334536938E-16));
#10512 = LINE('',#10513,#10514);
#10513 = CARTESIAN_POINT('',(-2.936751063167,2.68345,-1.665334536938E-16
    ));
#10514 = VECTOR('',#10515,1.);
#10515 = DIRECTION('',(-1.,1.144237745222E-17,0.));
#10516 = ORIENTED_EDGE('',*,*,#10517,.T.);
#10517 = EDGE_CURVE('',#10510,#10518,#10520,.T.);
#10518 = VERTEX_POINT('',#10519);
#10519 = CARTESIAN_POINT('',(-3.5,2.68345,0.27));
#10520 = LINE('',#10521,#10522);
#10521 = CARTESIAN_POINT('',(-3.5,2.68345,-1.665334536938E-16));
#10522 = VECTOR('',#10523,1.);
#10523 = DIRECTION('',(0.,0.,1.));
#10524 = ORIENTED_EDGE('',*,*,#10525,.T.);
#10525 = EDGE_CURVE('',#10518,#10526,#10528,.T.);
#10526 = VERTEX_POINT('',#10527);
#10527 = CARTESIAN_POINT('',(-2.936751063167,2.68345,0.27));
#10528 = LINE('',#10529,#10530);
#10529 = CARTESIAN_POINT('',(-3.5,2.68345,0.27));
#10530 = VECTOR('',#10531,1.);
#10531 = DIRECTION('',(1.,-1.144237745222E-17,0.));
#10532 = ORIENTED_EDGE('',*,*,#10533,.T.);
#10533 = EDGE_CURVE('',#10526,#10534,#10536,.T.);
#10534 = VERTEX_POINT('',#10535);
#10535 = CARTESIAN_POINT('',(-2.739789512565,2.68345,0.435270364467));
#10536 = CIRCLE('',#10537,0.2);
#10537 = AXIS2_PLACEMENT_3D('',#10538,#10539,#10540);
#10538 = CARTESIAN_POINT('',(-2.936751063167,2.68345,0.47));
#10539 = DIRECTION('',(-1.144237745222E-17,-1.,0.));
#10540 = DIRECTION('',(-2.22044604925E-15,2.540718180781E-32,-1.));
#10541 = ORIENTED_EDGE('',*,*,#10542,.T.);
#10542 = EDGE_CURVE('',#10534,#10543,#10545,.T.);
#10543 = VERTEX_POINT('',#10544);
#10544 = CARTESIAN_POINT('',(-2.712859643916,2.68345,0.646614643503));
#10545 = LINE('',#10546,#10547);
#10546 = CARTESIAN_POINT('',(-2.739789512565,2.68345,0.435270364467));
#10547 = VECTOR('',#10548,1.);
#10548 = DIRECTION('',(0.126399799104,-1.446314211233E-18,0.991979380222
    ));
#10549 = ORIENTED_EDGE('',*,*,#10550,.T.);
#10550 = EDGE_CURVE('',#10543,#10551,#10553,.T.);
#10551 = VERTEX_POINT('',#10552);
#10552 = CARTESIAN_POINT('',(-2.25,2.68345,1.035));
#10553 = CIRCLE('',#10554,0.47);
#10554 = AXIS2_PLACEMENT_3D('',#10555,#10556,#10557);
#10555 = CARTESIAN_POINT('',(-2.25,2.68345,0.565));
#10556 = DIRECTION('',(1.144237745222E-17,1.,-2.311115933265E-33));
#10557 = DIRECTION('',(-0.984807753012,1.126854202784E-17,0.173648177667
    ));
#10558 = ORIENTED_EDGE('',*,*,#10559,.T.);
#10559 = EDGE_CURVE('',#10551,#10117,#10560,.T.);
#10560 = LINE('',#10561,#10562);
#10561 = CARTESIAN_POINT('',(-2.25,2.68345,1.035));
#10562 = VECTOR('',#10563,1.);
#10563 = DIRECTION('',(1.,-1.144237745222E-17,0.));
#10564 = PLANE('',#10565);
#10565 = AXIS2_PLACEMENT_3D('',#10566,#10567,#10568);
#10566 = CARTESIAN_POINT('',(-2.606989201797,2.68345,0.512419776725));
#10567 = DIRECTION('',(1.144237745222E-17,1.,0.));
#10568 = DIRECTION('',(0.,-0.,1.));
#10569 = ADVANCED_FACE('',(#10570),#10656,.F.);
#10570 = FACE_BOUND('',#10571,.F.);
#10571 = EDGE_LOOP('',(#10572,#10573,#10574,#10583,#10591,#10600,#10608,
    #10616,#10624,#10633,#10641,#10650));
#10572 = ORIENTED_EDGE('',*,*,#10169,.T.);
#10573 = ORIENTED_EDGE('',*,*,#10138,.T.);
#10574 = ORIENTED_EDGE('',*,*,#10575,.T.);
#10575 = EDGE_CURVE('',#10139,#10576,#10578,.T.);
#10576 = VERTEX_POINT('',#10577);
#10577 = CARTESIAN_POINT('',(-2.446961550602,1.91675,0.599729635533));
#10578 = CIRCLE('',#10579,0.2);
#10579 = AXIS2_PLACEMENT_3D('',#10580,#10581,#10582);
#10580 = CARTESIAN_POINT('',(-2.25,1.91675,0.565));
#10581 = DIRECTION('',(-1.144237745222E-17,-1.,0.));
#10582 = DIRECTION('',(0.,0.,1.));
#10583 = ORIENTED_EDGE('',*,*,#10584,.T.);
#10584 = EDGE_CURVE('',#10576,#10585,#10587,.T.);
#10585 = VERTEX_POINT('',#10586);
#10586 = CARTESIAN_POINT('',(-2.473891419252,1.91675,0.388385356497));
#10587 = LINE('',#10588,#10589);
#10588 = CARTESIAN_POINT('',(-2.446961550602,1.91675,0.599729635533));
#10589 = VECTOR('',#10590,1.);
#10590 = DIRECTION('',(-0.126399799104,1.446314211233E-18,
    -0.991979380222));
#10591 = ORIENTED_EDGE('',*,*,#10592,.T.);
#10592 = EDGE_CURVE('',#10585,#10593,#10595,.T.);
#10593 = VERTEX_POINT('',#10594);
#10594 = CARTESIAN_POINT('',(-2.936751063167,1.91675,-1.665334536938E-16
    ));
#10595 = CIRCLE('',#10596,0.47);
#10596 = AXIS2_PLACEMENT_3D('',#10597,#10598,#10599);
#10597 = CARTESIAN_POINT('',(-2.936751063167,1.91675,0.47));
#10598 = DIRECTION('',(1.144237745222E-17,1.,-1.155557966632E-33));
#10599 = DIRECTION('',(0.984807753012,-1.126854202784E-17,
    -0.173648177667));
#10600 = ORIENTED_EDGE('',*,*,#10601,.T.);
#10601 = EDGE_CURVE('',#10593,#10602,#10604,.T.);
#10602 = VERTEX_POINT('',#10603);
#10603 = CARTESIAN_POINT('',(-3.5,1.91675,-1.665334536938E-16));
#10604 = LINE('',#10605,#10606);
#10605 = CARTESIAN_POINT('',(-2.936751063167,1.91675,-1.665334536938E-16
    ));
#10606 = VECTOR('',#10607,1.);
#10607 = DIRECTION('',(-1.,1.144237745222E-17,0.));
#10608 = ORIENTED_EDGE('',*,*,#10609,.T.);
#10609 = EDGE_CURVE('',#10602,#10610,#10612,.T.);
#10610 = VERTEX_POINT('',#10611);
#10611 = CARTESIAN_POINT('',(-3.5,1.91675,0.27));
#10612 = LINE('',#10613,#10614);
#10613 = CARTESIAN_POINT('',(-3.5,1.91675,-1.665334536938E-16));
#10614 = VECTOR('',#10615,1.);
#10615 = DIRECTION('',(0.,0.,1.));
#10616 = ORIENTED_EDGE('',*,*,#10617,.T.);
#10617 = EDGE_CURVE('',#10610,#10618,#10620,.T.);
#10618 = VERTEX_POINT('',#10619);
#10619 = CARTESIAN_POINT('',(-2.936751063167,1.91675,0.27));
#10620 = LINE('',#10621,#10622);
#10621 = CARTESIAN_POINT('',(-3.5,1.91675,0.27));
#10622 = VECTOR('',#10623,1.);
#10623 = DIRECTION('',(1.,-1.144237745222E-17,0.));
#10624 = ORIENTED_EDGE('',*,*,#10625,.T.);
#10625 = EDGE_CURVE('',#10618,#10626,#10628,.T.);
#10626 = VERTEX_POINT('',#10627);
#10627 = CARTESIAN_POINT('',(-2.739789512565,1.91675,0.435270364467));
#10628 = CIRCLE('',#10629,0.2);
#10629 = AXIS2_PLACEMENT_3D('',#10630,#10631,#10632);
#10630 = CARTESIAN_POINT('',(-2.936751063167,1.91675,0.47));
#10631 = DIRECTION('',(-1.144237745222E-17,-1.,0.));
#10632 = DIRECTION('',(-2.22044604925E-15,2.540718180781E-32,-1.));
#10633 = ORIENTED_EDGE('',*,*,#10634,.T.);
#10634 = EDGE_CURVE('',#10626,#10635,#10637,.T.);
#10635 = VERTEX_POINT('',#10636);
#10636 = CARTESIAN_POINT('',(-2.712859643916,1.91675,0.646614643503));
#10637 = LINE('',#10638,#10639);
#10638 = CARTESIAN_POINT('',(-2.739789512565,1.91675,0.435270364467));
#10639 = VECTOR('',#10640,1.);
#10640 = DIRECTION('',(0.126399799104,-1.446314211233E-18,0.991979380222
    ));
#10641 = ORIENTED_EDGE('',*,*,#10642,.T.);
#10642 = EDGE_CURVE('',#10635,#10643,#10645,.T.);
#10643 = VERTEX_POINT('',#10644);
#10644 = CARTESIAN_POINT('',(-2.25,1.91675,1.035));
#10645 = CIRCLE('',#10646,0.47);
#10646 = AXIS2_PLACEMENT_3D('',#10647,#10648,#10649);
#10647 = CARTESIAN_POINT('',(-2.25,1.91675,0.565));
#10648 = DIRECTION('',(1.144237745222E-17,1.,-2.311115933265E-33));
#10649 = DIRECTION('',(-0.984807753012,1.126854202784E-17,0.173648177667
    ));
#10650 = ORIENTED_EDGE('',*,*,#10651,.T.);
#10651 = EDGE_CURVE('',#10643,#10170,#10652,.T.);
#10652 = LINE('',#10653,#10654);
#10653 = CARTESIAN_POINT('',(-2.25,1.91675,1.035));
#10654 = VECTOR('',#10655,1.);
#10655 = DIRECTION('',(1.,-1.144237745222E-17,0.));
#10656 = PLANE('',#10657);
#10657 = AXIS2_PLACEMENT_3D('',#10658,#10659,#10660);
#10658 = CARTESIAN_POINT('',(-2.606989201797,1.91675,0.512419776725));
#10659 = DIRECTION('',(1.144237745222E-17,1.,0.));
#10660 = DIRECTION('',(0.,-0.,1.));
#10661 = ADVANCED_FACE('',(#10662),#10673,.F.);
#10662 = FACE_BOUND('',#10663,.F.);
#10663 = EDGE_LOOP('',(#10664,#10665,#10666,#10672));
#10664 = ORIENTED_EDGE('',*,*,#10155,.T.);
#10665 = ORIENTED_EDGE('',*,*,#10483,.T.);
#10666 = ORIENTED_EDGE('',*,*,#10667,.F.);
#10667 = EDGE_CURVE('',#10576,#10484,#10668,.T.);
#10668 = LINE('',#10669,#10670);
#10669 = CARTESIAN_POINT('',(-2.446961550602,1.91675,0.599729635533));
#10670 = VECTOR('',#10671,1.);
#10671 = DIRECTION('',(1.144237745222E-17,1.,0.));
#10672 = ORIENTED_EDGE('',*,*,#10575,.F.);
#10673 = CYLINDRICAL_SURFACE('',#10674,0.2);
#10674 = AXIS2_PLACEMENT_3D('',#10675,#10676,#10677);
#10675 = CARTESIAN_POINT('',(-2.25,1.91675,0.565));
#10676 = DIRECTION('',(-1.144237745222E-17,-1.,0.));
#10677 = DIRECTION('',(0.,0.,1.));
#10678 = ADVANCED_FACE('',(#10679),#10704,.T.);
#10679 = FACE_BOUND('',#10680,.T.);
#10680 = EDGE_LOOP('',(#10681,#10689,#10690,#10698));
#10681 = ORIENTED_EDGE('',*,*,#10682,.F.);
#10682 = EDGE_CURVE('',#10170,#10683,#10685,.T.);
#10683 = VERTEX_POINT('',#10684);
#10684 = CARTESIAN_POINT('',(-1.735,1.91675,1.035));
#10685 = LINE('',#10686,#10687);
#10686 = CARTESIAN_POINT('',(-2.25,1.91675,1.035));
#10687 = VECTOR('',#10688,1.);
#10688 = DIRECTION('',(1.,-1.144237745222E-17,0.));
#10689 = ORIENTED_EDGE('',*,*,#10186,.T.);
#10690 = ORIENTED_EDGE('',*,*,#10691,.T.);
#10691 = EDGE_CURVE('',#10179,#10692,#10694,.T.);
#10692 = VERTEX_POINT('',#10693);
#10693 = CARTESIAN_POINT('',(-1.735,0.38335,1.035));
#10694 = LINE('',#10695,#10696);
#10695 = CARTESIAN_POINT('',(-2.25,0.38335,1.035));
#10696 = VECTOR('',#10697,1.);
#10697 = DIRECTION('',(1.,-1.144237745222E-17,0.));
#10698 = ORIENTED_EDGE('',*,*,#10699,.F.);
#10699 = EDGE_CURVE('',#10683,#10692,#10700,.T.);
#10700 = LINE('',#10701,#10702);
#10701 = CARTESIAN_POINT('',(-1.735,3.235,1.035));
#10702 = VECTOR('',#10703,1.);
#10703 = DIRECTION('',(1.110223024625E-16,-1.,0.));
#10704 = PLANE('',#10705);
#10705 = AXIS2_PLACEMENT_3D('',#10706,#10707,#10708);
#10706 = CARTESIAN_POINT('',(-1.7425,-3.732941412364E-16,1.035));
#10707 = DIRECTION('',(-2.496972947931E-25,-3.410490578954E-32,1.));
#10708 = DIRECTION('',(1.025679957475E-16,-1.,-3.410490576393E-32));
#10709 = ADVANCED_FACE('',(#10710),#10796,.T.);
#10710 = FACE_BOUND('',#10711,.T.);
#10711 = EDGE_LOOP('',(#10712,#10713,#10714,#10723,#10731,#10740,#10748,
    #10756,#10764,#10773,#10781,#10790));
#10712 = ORIENTED_EDGE('',*,*,#10178,.T.);
#10713 = ORIENTED_EDGE('',*,*,#10209,.T.);
#10714 = ORIENTED_EDGE('',*,*,#10715,.T.);
#10715 = EDGE_CURVE('',#10210,#10716,#10718,.T.);
#10716 = VERTEX_POINT('',#10717);
#10717 = CARTESIAN_POINT('',(-2.446961550602,0.38335,0.599729635533));
#10718 = CIRCLE('',#10719,0.2);
#10719 = AXIS2_PLACEMENT_3D('',#10720,#10721,#10722);
#10720 = CARTESIAN_POINT('',(-2.25,0.38335,0.565));
#10721 = DIRECTION('',(-1.144237745222E-17,-1.,0.));
#10722 = DIRECTION('',(0.,0.,1.));
#10723 = ORIENTED_EDGE('',*,*,#10724,.T.);
#10724 = EDGE_CURVE('',#10716,#10725,#10727,.T.);
#10725 = VERTEX_POINT('',#10726);
#10726 = CARTESIAN_POINT('',(-2.473891419252,0.38335,0.388385356497));
#10727 = LINE('',#10728,#10729);
#10728 = CARTESIAN_POINT('',(-2.446961550602,0.38335,0.599729635533));
#10729 = VECTOR('',#10730,1.);
#10730 = DIRECTION('',(-0.126399799104,1.446314211233E-18,
    -0.991979380222));
#10731 = ORIENTED_EDGE('',*,*,#10732,.T.);
#10732 = EDGE_CURVE('',#10725,#10733,#10735,.T.);
#10733 = VERTEX_POINT('',#10734);
#10734 = CARTESIAN_POINT('',(-2.936751063167,0.38335,-1.665334536938E-16
    ));
#10735 = CIRCLE('',#10736,0.47);
#10736 = AXIS2_PLACEMENT_3D('',#10737,#10738,#10739);
#10737 = CARTESIAN_POINT('',(-2.936751063167,0.38335,0.47));
#10738 = DIRECTION('',(1.144237745222E-17,1.,-1.155557966632E-33));
#10739 = DIRECTION('',(0.984807753012,-1.126854202784E-17,
    -0.173648177667));
#10740 = ORIENTED_EDGE('',*,*,#10741,.T.);
#10741 = EDGE_CURVE('',#10733,#10742,#10744,.T.);
#10742 = VERTEX_POINT('',#10743);
#10743 = CARTESIAN_POINT('',(-3.5,0.38335,-1.665334536938E-16));
#10744 = LINE('',#10745,#10746);
#10745 = CARTESIAN_POINT('',(-2.936751063167,0.38335,-1.665334536938E-16
    ));
#10746 = VECTOR('',#10747,1.);
#10747 = DIRECTION('',(-1.,1.144237745222E-17,0.));
#10748 = ORIENTED_EDGE('',*,*,#10749,.T.);
#10749 = EDGE_CURVE('',#10742,#10750,#10752,.T.);
#10750 = VERTEX_POINT('',#10751);
#10751 = CARTESIAN_POINT('',(-3.5,0.38335,0.27));
#10752 = LINE('',#10753,#10754);
#10753 = CARTESIAN_POINT('',(-3.5,0.38335,-1.665334536938E-16));
#10754 = VECTOR('',#10755,1.);
#10755 = DIRECTION('',(0.,0.,1.));
#10756 = ORIENTED_EDGE('',*,*,#10757,.T.);
#10757 = EDGE_CURVE('',#10750,#10758,#10760,.T.);
#10758 = VERTEX_POINT('',#10759);
#10759 = CARTESIAN_POINT('',(-2.936751063167,0.38335,0.27));
#10760 = LINE('',#10761,#10762);
#10761 = CARTESIAN_POINT('',(-3.5,0.38335,0.27));
#10762 = VECTOR('',#10763,1.);
#10763 = DIRECTION('',(1.,-1.144237745222E-17,0.));
#10764 = ORIENTED_EDGE('',*,*,#10765,.T.);
#10765 = EDGE_CURVE('',#10758,#10766,#10768,.T.);
#10766 = VERTEX_POINT('',#10767);
#10767 = CARTESIAN_POINT('',(-2.739789512565,0.38335,0.435270364467));
#10768 = CIRCLE('',#10769,0.2);
#10769 = AXIS2_PLACEMENT_3D('',#10770,#10771,#10772);
#10770 = CARTESIAN_POINT('',(-2.936751063167,0.38335,0.47));
#10771 = DIRECTION('',(-1.144237745222E-17,-1.,0.));
#10772 = DIRECTION('',(-2.22044604925E-15,2.540718180781E-32,-1.));
#10773 = ORIENTED_EDGE('',*,*,#10774,.T.);
#10774 = EDGE_CURVE('',#10766,#10775,#10777,.T.);
#10775 = VERTEX_POINT('',#10776);
#10776 = CARTESIAN_POINT('',(-2.712859643916,0.38335,0.646614643503));
#10777 = LINE('',#10778,#10779);
#10778 = CARTESIAN_POINT('',(-2.739789512565,0.38335,0.435270364467));
#10779 = VECTOR('',#10780,1.);
#10780 = DIRECTION('',(0.126399799104,-1.446314211233E-18,0.991979380222
    ));
#10781 = ORIENTED_EDGE('',*,*,#10782,.T.);
#10782 = EDGE_CURVE('',#10775,#10783,#10785,.T.);
#10783 = VERTEX_POINT('',#10784);
#10784 = CARTESIAN_POINT('',(-2.25,0.38335,1.035));
#10785 = CIRCLE('',#10786,0.47);
#10786 = AXIS2_PLACEMENT_3D('',#10787,#10788,#10789);
#10787 = CARTESIAN_POINT('',(-2.25,0.38335,0.565));
#10788 = DIRECTION('',(1.144237745222E-17,1.,-2.311115933265E-33));
#10789 = DIRECTION('',(-0.984807753012,1.126854202784E-17,0.173648177667
    ));
#10790 = ORIENTED_EDGE('',*,*,#10791,.T.);
#10791 = EDGE_CURVE('',#10783,#10179,#10792,.T.);
#10792 = LINE('',#10793,#10794);
#10793 = CARTESIAN_POINT('',(-2.25,0.38335,1.035));
#10794 = VECTOR('',#10795,1.);
#10795 = DIRECTION('',(1.,-1.144237745222E-17,0.));
#10796 = PLANE('',#10797);
#10797 = AXIS2_PLACEMENT_3D('',#10798,#10799,#10800);
#10798 = CARTESIAN_POINT('',(-2.606989201797,0.38335,0.512419776725));
#10799 = DIRECTION('',(1.144237745222E-17,1.,0.));
#10800 = DIRECTION('',(0.,-0.,1.));
#10801 = ADVANCED_FACE('',(#10802),#10888,.F.);
#10802 = FACE_BOUND('',#10803,.F.);
#10803 = EDGE_LOOP('',(#10804,#10805,#10806,#10815,#10823,#10832,#10840,
    #10848,#10856,#10865,#10873,#10882));
#10804 = ORIENTED_EDGE('',*,*,#10231,.T.);
#10805 = ORIENTED_EDGE('',*,*,#10200,.T.);
#10806 = ORIENTED_EDGE('',*,*,#10807,.T.);
#10807 = EDGE_CURVE('',#10201,#10808,#10810,.T.);
#10808 = VERTEX_POINT('',#10809);
#10809 = CARTESIAN_POINT('',(-2.446961550602,-0.38335,0.599729635533));
#10810 = CIRCLE('',#10811,0.2);
#10811 = AXIS2_PLACEMENT_3D('',#10812,#10813,#10814);
#10812 = CARTESIAN_POINT('',(-2.25,-0.38335,0.565));
#10813 = DIRECTION('',(-1.144237745222E-17,-1.,0.));
#10814 = DIRECTION('',(0.,0.,1.));
#10815 = ORIENTED_EDGE('',*,*,#10816,.T.);
#10816 = EDGE_CURVE('',#10808,#10817,#10819,.T.);
#10817 = VERTEX_POINT('',#10818);
#10818 = CARTESIAN_POINT('',(-2.473891419252,-0.38335,0.388385356497));
#10819 = LINE('',#10820,#10821);
#10820 = CARTESIAN_POINT('',(-2.446961550602,-0.38335,0.599729635533));
#10821 = VECTOR('',#10822,1.);
#10822 = DIRECTION('',(-0.126399799104,1.446314211233E-18,
    -0.991979380222));
#10823 = ORIENTED_EDGE('',*,*,#10824,.T.);
#10824 = EDGE_CURVE('',#10817,#10825,#10827,.T.);
#10825 = VERTEX_POINT('',#10826);
#10826 = CARTESIAN_POINT('',(-2.936751063167,-0.38335,
    -1.665334536938E-16));
#10827 = CIRCLE('',#10828,0.47);
#10828 = AXIS2_PLACEMENT_3D('',#10829,#10830,#10831);
#10829 = CARTESIAN_POINT('',(-2.936751063167,-0.38335,0.47));
#10830 = DIRECTION('',(1.144237745222E-17,1.,-1.155557966632E-33));
#10831 = DIRECTION('',(0.984807753012,-1.126854202784E-17,
    -0.173648177667));
#10832 = ORIENTED_EDGE('',*,*,#10833,.T.);
#10833 = EDGE_CURVE('',#10825,#10834,#10836,.T.);
#10834 = VERTEX_POINT('',#10835);
#10835 = CARTESIAN_POINT('',(-3.5,-0.38335,-1.665334536938E-16));
#10836 = LINE('',#10837,#10838);
#10837 = CARTESIAN_POINT('',(-2.936751063167,-0.38335,
    -1.665334536938E-16));
#10838 = VECTOR('',#10839,1.);
#10839 = DIRECTION('',(-1.,1.144237745222E-17,0.));
#10840 = ORIENTED_EDGE('',*,*,#10841,.T.);
#10841 = EDGE_CURVE('',#10834,#10842,#10844,.T.);
#10842 = VERTEX_POINT('',#10843);
#10843 = CARTESIAN_POINT('',(-3.5,-0.38335,0.27));
#10844 = LINE('',#10845,#10846);
#10845 = CARTESIAN_POINT('',(-3.5,-0.38335,-1.665334536938E-16));
#10846 = VECTOR('',#10847,1.);
#10847 = DIRECTION('',(0.,0.,1.));
#10848 = ORIENTED_EDGE('',*,*,#10849,.T.);
#10849 = EDGE_CURVE('',#10842,#10850,#10852,.T.);
#10850 = VERTEX_POINT('',#10851);
#10851 = CARTESIAN_POINT('',(-2.936751063167,-0.38335,0.27));
#10852 = LINE('',#10853,#10854);
#10853 = CARTESIAN_POINT('',(-3.5,-0.38335,0.27));
#10854 = VECTOR('',#10855,1.);
#10855 = DIRECTION('',(1.,-1.144237745222E-17,0.));
#10856 = ORIENTED_EDGE('',*,*,#10857,.T.);
#10857 = EDGE_CURVE('',#10850,#10858,#10860,.T.);
#10858 = VERTEX_POINT('',#10859);
#10859 = CARTESIAN_POINT('',(-2.739789512565,-0.38335,0.435270364467));
#10860 = CIRCLE('',#10861,0.2);
#10861 = AXIS2_PLACEMENT_3D('',#10862,#10863,#10864);
#10862 = CARTESIAN_POINT('',(-2.936751063167,-0.38335,0.47));
#10863 = DIRECTION('',(-1.144237745222E-17,-1.,0.));
#10864 = DIRECTION('',(-2.22044604925E-15,2.540718180781E-32,-1.));
#10865 = ORIENTED_EDGE('',*,*,#10866,.T.);
#10866 = EDGE_CURVE('',#10858,#10867,#10869,.T.);
#10867 = VERTEX_POINT('',#10868);
#10868 = CARTESIAN_POINT('',(-2.712859643916,-0.38335,0.646614643503));
#10869 = LINE('',#10870,#10871);
#10870 = CARTESIAN_POINT('',(-2.739789512565,-0.38335,0.435270364467));
#10871 = VECTOR('',#10872,1.);
#10872 = DIRECTION('',(0.126399799104,-1.446314211233E-18,0.991979380222
    ));
#10873 = ORIENTED_EDGE('',*,*,#10874,.T.);
#10874 = EDGE_CURVE('',#10867,#10875,#10877,.T.);
#10875 = VERTEX_POINT('',#10876);
#10876 = CARTESIAN_POINT('',(-2.25,-0.38335,1.035));
#10877 = CIRCLE('',#10878,0.47);
#10878 = AXIS2_PLACEMENT_3D('',#10879,#10880,#10881);
#10879 = CARTESIAN_POINT('',(-2.25,-0.38335,0.565));
#10880 = DIRECTION('',(1.144237745222E-17,1.,-2.311115933265E-33));
#10881 = DIRECTION('',(-0.984807753012,1.126854202784E-17,0.173648177667
    ));
#10882 = ORIENTED_EDGE('',*,*,#10883,.T.);
#10883 = EDGE_CURVE('',#10875,#10232,#10884,.T.);
#10884 = LINE('',#10885,#10886);
#10885 = CARTESIAN_POINT('',(-2.25,-0.38335,1.035));
#10886 = VECTOR('',#10887,1.);
#10887 = DIRECTION('',(1.,-1.144237745222E-17,0.));
#10888 = PLANE('',#10889);
#10889 = AXIS2_PLACEMENT_3D('',#10890,#10891,#10892);
#10890 = CARTESIAN_POINT('',(-2.606989201797,-0.38335,0.512419776725));
#10891 = DIRECTION('',(1.144237745222E-17,1.,0.));
#10892 = DIRECTION('',(0.,-0.,1.));
#10893 = ADVANCED_FACE('',(#10894),#10905,.F.);
#10894 = FACE_BOUND('',#10895,.F.);
#10895 = EDGE_LOOP('',(#10896,#10897,#10898,#10904));
#10896 = ORIENTED_EDGE('',*,*,#10217,.T.);
#10897 = ORIENTED_EDGE('',*,*,#10715,.T.);
#10898 = ORIENTED_EDGE('',*,*,#10899,.F.);
#10899 = EDGE_CURVE('',#10808,#10716,#10900,.T.);
#10900 = LINE('',#10901,#10902);
#10901 = CARTESIAN_POINT('',(-2.446961550602,-0.38335,0.599729635533));
#10902 = VECTOR('',#10903,1.);
#10903 = DIRECTION('',(1.144237745222E-17,1.,0.));
#10904 = ORIENTED_EDGE('',*,*,#10807,.F.);
#10905 = CYLINDRICAL_SURFACE('',#10906,0.2);
#10906 = AXIS2_PLACEMENT_3D('',#10907,#10908,#10909);
#10907 = CARTESIAN_POINT('',(-2.25,-0.38335,0.565));
#10908 = DIRECTION('',(-1.144237745222E-17,-1.,0.));
#10909 = DIRECTION('',(0.,0.,1.));
#10910 = ADVANCED_FACE('',(#10911),#10936,.T.);
#10911 = FACE_BOUND('',#10912,.T.);
#10912 = EDGE_LOOP('',(#10913,#10921,#10922,#10930));
#10913 = ORIENTED_EDGE('',*,*,#10914,.F.);
#10914 = EDGE_CURVE('',#10232,#10915,#10917,.T.);
#10915 = VERTEX_POINT('',#10916);
#10916 = CARTESIAN_POINT('',(-1.735,-0.38335,1.035));
#10917 = LINE('',#10918,#10919);
#10918 = CARTESIAN_POINT('',(-2.25,-0.38335,1.035));
#10919 = VECTOR('',#10920,1.);
#10920 = DIRECTION('',(1.,-1.144237745222E-17,0.));
#10921 = ORIENTED_EDGE('',*,*,#10248,.T.);
#10922 = ORIENTED_EDGE('',*,*,#10923,.T.);
#10923 = EDGE_CURVE('',#10241,#10924,#10926,.T.);
#10924 = VERTEX_POINT('',#10925);
#10925 = CARTESIAN_POINT('',(-1.735,-1.91675,1.035));
#10926 = LINE('',#10927,#10928);
#10927 = CARTESIAN_POINT('',(-2.25,-1.91675,1.035));
#10928 = VECTOR('',#10929,1.);
#10929 = DIRECTION('',(1.,-1.144237745222E-17,0.));
#10930 = ORIENTED_EDGE('',*,*,#10931,.F.);
#10931 = EDGE_CURVE('',#10915,#10924,#10932,.T.);
#10932 = LINE('',#10933,#10934);
#10933 = CARTESIAN_POINT('',(-1.735,3.235,1.035));
#10934 = VECTOR('',#10935,1.);
#10935 = DIRECTION('',(1.110223024625E-16,-1.,0.));
#10936 = PLANE('',#10937);
#10937 = AXIS2_PLACEMENT_3D('',#10938,#10939,#10940);
#10938 = CARTESIAN_POINT('',(-1.7425,-3.732941412364E-16,1.035));
#10939 = DIRECTION('',(-2.496972947931E-25,-3.410490578954E-32,1.));
#10940 = DIRECTION('',(1.025679957475E-16,-1.,-3.410490576393E-32));
#10941 = ADVANCED_FACE('',(#10942),#11028,.T.);
#10942 = FACE_BOUND('',#10943,.T.);
#10943 = EDGE_LOOP('',(#10944,#10945,#10946,#10955,#10963,#10972,#10980,
    #10988,#10996,#11005,#11013,#11022));
#10944 = ORIENTED_EDGE('',*,*,#10240,.T.);
#10945 = ORIENTED_EDGE('',*,*,#10271,.T.);
#10946 = ORIENTED_EDGE('',*,*,#10947,.T.);
#10947 = EDGE_CURVE('',#10272,#10948,#10950,.T.);
#10948 = VERTEX_POINT('',#10949);
#10949 = CARTESIAN_POINT('',(-2.446961550602,-1.91675,0.599729635533));
#10950 = CIRCLE('',#10951,0.2);
#10951 = AXIS2_PLACEMENT_3D('',#10952,#10953,#10954);
#10952 = CARTESIAN_POINT('',(-2.25,-1.91675,0.565));
#10953 = DIRECTION('',(-1.144237745222E-17,-1.,0.));
#10954 = DIRECTION('',(0.,0.,1.));
#10955 = ORIENTED_EDGE('',*,*,#10956,.T.);
#10956 = EDGE_CURVE('',#10948,#10957,#10959,.T.);
#10957 = VERTEX_POINT('',#10958);
#10958 = CARTESIAN_POINT('',(-2.473891419252,-1.91675,0.388385356497));
#10959 = LINE('',#10960,#10961);
#10960 = CARTESIAN_POINT('',(-2.446961550602,-1.91675,0.599729635533));
#10961 = VECTOR('',#10962,1.);
#10962 = DIRECTION('',(-0.126399799104,1.446314211233E-18,
    -0.991979380222));
#10963 = ORIENTED_EDGE('',*,*,#10964,.T.);
#10964 = EDGE_CURVE('',#10957,#10965,#10967,.T.);
#10965 = VERTEX_POINT('',#10966);
#10966 = CARTESIAN_POINT('',(-2.936751063167,-1.91675,
    -1.665334536938E-16));
#10967 = CIRCLE('',#10968,0.47);
#10968 = AXIS2_PLACEMENT_3D('',#10969,#10970,#10971);
#10969 = CARTESIAN_POINT('',(-2.936751063167,-1.91675,0.47));
#10970 = DIRECTION('',(1.144237745222E-17,1.,-1.155557966632E-33));
#10971 = DIRECTION('',(0.984807753012,-1.126854202784E-17,
    -0.173648177667));
#10972 = ORIENTED_EDGE('',*,*,#10973,.T.);
#10973 = EDGE_CURVE('',#10965,#10974,#10976,.T.);
#10974 = VERTEX_POINT('',#10975);
#10975 = CARTESIAN_POINT('',(-3.5,-1.91675,-1.665334536938E-16));
#10976 = LINE('',#10977,#10978);
#10977 = CARTESIAN_POINT('',(-2.936751063167,-1.91675,
    -1.665334536938E-16));
#10978 = VECTOR('',#10979,1.);
#10979 = DIRECTION('',(-1.,1.144237745222E-17,0.));
#10980 = ORIENTED_EDGE('',*,*,#10981,.T.);
#10981 = EDGE_CURVE('',#10974,#10982,#10984,.T.);
#10982 = VERTEX_POINT('',#10983);
#10983 = CARTESIAN_POINT('',(-3.5,-1.91675,0.27));
#10984 = LINE('',#10985,#10986);
#10985 = CARTESIAN_POINT('',(-3.5,-1.91675,-1.665334536938E-16));
#10986 = VECTOR('',#10987,1.);
#10987 = DIRECTION('',(0.,0.,1.));
#10988 = ORIENTED_EDGE('',*,*,#10989,.T.);
#10989 = EDGE_CURVE('',#10982,#10990,#10992,.T.);
#10990 = VERTEX_POINT('',#10991);
#10991 = CARTESIAN_POINT('',(-2.936751063167,-1.91675,0.27));
#10992 = LINE('',#10993,#10994);
#10993 = CARTESIAN_POINT('',(-3.5,-1.91675,0.27));
#10994 = VECTOR('',#10995,1.);
#10995 = DIRECTION('',(1.,-1.144237745222E-17,0.));
#10996 = ORIENTED_EDGE('',*,*,#10997,.T.);
#10997 = EDGE_CURVE('',#10990,#10998,#11000,.T.);
#10998 = VERTEX_POINT('',#10999);
#10999 = CARTESIAN_POINT('',(-2.739789512565,-1.91675,0.435270364467));
#11000 = CIRCLE('',#11001,0.2);
#11001 = AXIS2_PLACEMENT_3D('',#11002,#11003,#11004);
#11002 = CARTESIAN_POINT('',(-2.936751063167,-1.91675,0.47));
#11003 = DIRECTION('',(-1.144237745222E-17,-1.,0.));
#11004 = DIRECTION('',(-2.22044604925E-15,2.540718180781E-32,-1.));
#11005 = ORIENTED_EDGE('',*,*,#11006,.T.);
#11006 = EDGE_CURVE('',#10998,#11007,#11009,.T.);
#11007 = VERTEX_POINT('',#11008);
#11008 = CARTESIAN_POINT('',(-2.712859643916,-1.91675,0.646614643503));
#11009 = LINE('',#11010,#11011);
#11010 = CARTESIAN_POINT('',(-2.739789512565,-1.91675,0.435270364467));
#11011 = VECTOR('',#11012,1.);
#11012 = DIRECTION('',(0.126399799104,-1.446314211233E-18,0.991979380222
    ));
#11013 = ORIENTED_EDGE('',*,*,#11014,.T.);
#11014 = EDGE_CURVE('',#11007,#11015,#11017,.T.);
#11015 = VERTEX_POINT('',#11016);
#11016 = CARTESIAN_POINT('',(-2.25,-1.91675,1.035));
#11017 = CIRCLE('',#11018,0.47);
#11018 = AXIS2_PLACEMENT_3D('',#11019,#11020,#11021);
#11019 = CARTESIAN_POINT('',(-2.25,-1.91675,0.565));
#11020 = DIRECTION('',(1.144237745222E-17,1.,-2.311115933265E-33));
#11021 = DIRECTION('',(-0.984807753012,1.126854202784E-17,0.173648177667
    ));
#11022 = ORIENTED_EDGE('',*,*,#11023,.T.);
#11023 = EDGE_CURVE('',#11015,#10241,#11024,.T.);
#11024 = LINE('',#11025,#11026);
#11025 = CARTESIAN_POINT('',(-2.25,-1.91675,1.035));
#11026 = VECTOR('',#11027,1.);
#11027 = DIRECTION('',(1.,-1.144237745222E-17,0.));
#11028 = PLANE('',#11029);
#11029 = AXIS2_PLACEMENT_3D('',#11030,#11031,#11032);
#11030 = CARTESIAN_POINT('',(-2.606989201797,-1.91675,0.512419776725));
#11031 = DIRECTION('',(1.144237745222E-17,1.,0.));
#11032 = DIRECTION('',(0.,-0.,1.));
#11033 = ADVANCED_FACE('',(#11034),#11120,.F.);
#11034 = FACE_BOUND('',#11035,.F.);
#11035 = EDGE_LOOP('',(#11036,#11037,#11038,#11047,#11055,#11064,#11072,
    #11080,#11088,#11097,#11105,#11114));
#11036 = ORIENTED_EDGE('',*,*,#10293,.T.);
#11037 = ORIENTED_EDGE('',*,*,#10262,.T.);
#11038 = ORIENTED_EDGE('',*,*,#11039,.T.);
#11039 = EDGE_CURVE('',#10263,#11040,#11042,.T.);
#11040 = VERTEX_POINT('',#11041);
#11041 = CARTESIAN_POINT('',(-2.446961550602,-2.68345,0.599729635533));
#11042 = CIRCLE('',#11043,0.2);
#11043 = AXIS2_PLACEMENT_3D('',#11044,#11045,#11046);
#11044 = CARTESIAN_POINT('',(-2.25,-2.68345,0.565));
#11045 = DIRECTION('',(-1.144237745222E-17,-1.,0.));
#11046 = DIRECTION('',(0.,0.,1.));
#11047 = ORIENTED_EDGE('',*,*,#11048,.T.);
#11048 = EDGE_CURVE('',#11040,#11049,#11051,.T.);
#11049 = VERTEX_POINT('',#11050);
#11050 = CARTESIAN_POINT('',(-2.473891419252,-2.68345,0.388385356497));
#11051 = LINE('',#11052,#11053);
#11052 = CARTESIAN_POINT('',(-2.446961550602,-2.68345,0.599729635533));
#11053 = VECTOR('',#11054,1.);
#11054 = DIRECTION('',(-0.126399799104,1.446314211233E-18,
    -0.991979380222));
#11055 = ORIENTED_EDGE('',*,*,#11056,.T.);
#11056 = EDGE_CURVE('',#11049,#11057,#11059,.T.);
#11057 = VERTEX_POINT('',#11058);
#11058 = CARTESIAN_POINT('',(-2.936751063167,-2.68345,
    -1.665334536938E-16));
#11059 = CIRCLE('',#11060,0.47);
#11060 = AXIS2_PLACEMENT_3D('',#11061,#11062,#11063);
#11061 = CARTESIAN_POINT('',(-2.936751063167,-2.68345,0.47));
#11062 = DIRECTION('',(1.144237745222E-17,1.,-1.155557966632E-33));
#11063 = DIRECTION('',(0.984807753012,-1.126854202784E-17,
    -0.173648177667));
#11064 = ORIENTED_EDGE('',*,*,#11065,.T.);
#11065 = EDGE_CURVE('',#11057,#11066,#11068,.T.);
#11066 = VERTEX_POINT('',#11067);
#11067 = CARTESIAN_POINT('',(-3.5,-2.68345,-1.665334536938E-16));
#11068 = LINE('',#11069,#11070);
#11069 = CARTESIAN_POINT('',(-2.936751063167,-2.68345,
    -1.665334536938E-16));
#11070 = VECTOR('',#11071,1.);
#11071 = DIRECTION('',(-1.,1.144237745222E-17,0.));
#11072 = ORIENTED_EDGE('',*,*,#11073,.T.);
#11073 = EDGE_CURVE('',#11066,#11074,#11076,.T.);
#11074 = VERTEX_POINT('',#11075);
#11075 = CARTESIAN_POINT('',(-3.5,-2.68345,0.27));
#11076 = LINE('',#11077,#11078);
#11077 = CARTESIAN_POINT('',(-3.5,-2.68345,-1.665334536938E-16));
#11078 = VECTOR('',#11079,1.);
#11079 = DIRECTION('',(0.,0.,1.));
#11080 = ORIENTED_EDGE('',*,*,#11081,.T.);
#11081 = EDGE_CURVE('',#11074,#11082,#11084,.T.);
#11082 = VERTEX_POINT('',#11083);
#11083 = CARTESIAN_POINT('',(-2.936751063167,-2.68345,0.27));
#11084 = LINE('',#11085,#11086);
#11085 = CARTESIAN_POINT('',(-3.5,-2.68345,0.27));
#11086 = VECTOR('',#11087,1.);
#11087 = DIRECTION('',(1.,-1.144237745222E-17,0.));
#11088 = ORIENTED_EDGE('',*,*,#11089,.T.);
#11089 = EDGE_CURVE('',#11082,#11090,#11092,.T.);
#11090 = VERTEX_POINT('',#11091);
#11091 = CARTESIAN_POINT('',(-2.739789512565,-2.68345,0.435270364467));
#11092 = CIRCLE('',#11093,0.2);
#11093 = AXIS2_PLACEMENT_3D('',#11094,#11095,#11096);
#11094 = CARTESIAN_POINT('',(-2.936751063167,-2.68345,0.47));
#11095 = DIRECTION('',(-1.144237745222E-17,-1.,0.));
#11096 = DIRECTION('',(-2.22044604925E-15,2.540718180781E-32,-1.));
#11097 = ORIENTED_EDGE('',*,*,#11098,.T.);
#11098 = EDGE_CURVE('',#11090,#11099,#11101,.T.);
#11099 = VERTEX_POINT('',#11100);
#11100 = CARTESIAN_POINT('',(-2.712859643916,-2.68345,0.646614643503));
#11101 = LINE('',#11102,#11103);
#11102 = CARTESIAN_POINT('',(-2.739789512565,-2.68345,0.435270364467));
#11103 = VECTOR('',#11104,1.);
#11104 = DIRECTION('',(0.126399799104,-1.446314211233E-18,0.991979380222
    ));
#11105 = ORIENTED_EDGE('',*,*,#11106,.T.);
#11106 = EDGE_CURVE('',#11099,#11107,#11109,.T.);
#11107 = VERTEX_POINT('',#11108);
#11108 = CARTESIAN_POINT('',(-2.25,-2.68345,1.035));
#11109 = CIRCLE('',#11110,0.47);
#11110 = AXIS2_PLACEMENT_3D('',#11111,#11112,#11113);
#11111 = CARTESIAN_POINT('',(-2.25,-2.68345,0.565));
#11112 = DIRECTION('',(1.144237745222E-17,1.,-2.311115933265E-33));
#11113 = DIRECTION('',(-0.984807753012,1.126854202784E-17,0.173648177667
    ));
#11114 = ORIENTED_EDGE('',*,*,#11115,.T.);
#11115 = EDGE_CURVE('',#11107,#10294,#11116,.T.);
#11116 = LINE('',#11117,#11118);
#11117 = CARTESIAN_POINT('',(-2.25,-2.68345,1.035));
#11118 = VECTOR('',#11119,1.);
#11119 = DIRECTION('',(1.,-1.144237745222E-17,0.));
#11120 = PLANE('',#11121);
#11121 = AXIS2_PLACEMENT_3D('',#11122,#11123,#11124);
#11122 = CARTESIAN_POINT('',(-2.606989201797,-2.68345,0.512419776725));
#11123 = DIRECTION('',(1.144237745222E-17,1.,0.));
#11124 = DIRECTION('',(0.,-0.,1.));
#11125 = ADVANCED_FACE('',(#11126),#11137,.F.);
#11126 = FACE_BOUND('',#11127,.F.);
#11127 = EDGE_LOOP('',(#11128,#11129,#11130,#11136));
#11128 = ORIENTED_EDGE('',*,*,#10279,.T.);
#11129 = ORIENTED_EDGE('',*,*,#10947,.T.);
#11130 = ORIENTED_EDGE('',*,*,#11131,.F.);
#11131 = EDGE_CURVE('',#11040,#10948,#11132,.T.);
#11132 = LINE('',#11133,#11134);
#11133 = CARTESIAN_POINT('',(-2.446961550602,-2.68345,0.599729635533));
#11134 = VECTOR('',#11135,1.);
#11135 = DIRECTION('',(1.144237745222E-17,1.,0.));
#11136 = ORIENTED_EDGE('',*,*,#11039,.F.);
#11137 = CYLINDRICAL_SURFACE('',#11138,0.2);
#11138 = AXIS2_PLACEMENT_3D('',#11139,#11140,#11141);
#11139 = CARTESIAN_POINT('',(-2.25,-2.68345,0.565));
#11140 = DIRECTION('',(-1.144237745222E-17,-1.,0.));
#11141 = DIRECTION('',(0.,0.,1.));
#11142 = ADVANCED_FACE('',(#11143),#11193,.T.);
#11143 = FACE_BOUND('',#11144,.T.);
#11144 = EDGE_LOOP('',(#11145,#11153,#11161,#11169,#11177,#11185,#11191,
    #11192));
#11145 = ORIENTED_EDGE('',*,*,#11146,.T.);
#11146 = EDGE_CURVE('',#10381,#11147,#11149,.T.);
#11147 = VERTEX_POINT('',#11148);
#11148 = CARTESIAN_POINT('',(1.75,-1.15005,1.035));
#11149 = LINE('',#11150,#11151);
#11150 = CARTESIAN_POINT('',(1.75,-3.25,1.035));
#11151 = VECTOR('',#11152,1.);
#11152 = DIRECTION('',(-1.110223024625E-16,1.,0.));
#11153 = ORIENTED_EDGE('',*,*,#11154,.T.);
#11154 = EDGE_CURVE('',#11147,#11155,#11157,.T.);
#11155 = VERTEX_POINT('',#11156);
#11156 = CARTESIAN_POINT('',(1.735,-1.15005,1.035));
#11157 = LINE('',#11158,#11159);
#11158 = CARTESIAN_POINT('',(2.25,-1.15005,1.035));
#11159 = VECTOR('',#11160,1.);
#11160 = DIRECTION('',(-1.,-1.110223024625E-16,0.));
#11161 = ORIENTED_EDGE('',*,*,#11162,.F.);
#11162 = EDGE_CURVE('',#11163,#11155,#11165,.T.);
#11163 = VERTEX_POINT('',#11164);
#11164 = CARTESIAN_POINT('',(1.735,-3.235,1.035));
#11165 = LINE('',#11166,#11167);
#11166 = CARTESIAN_POINT('',(1.735,-3.235,1.035));
#11167 = VECTOR('',#11168,1.);
#11168 = DIRECTION('',(-1.110223024625E-16,1.,0.));
#11169 = ORIENTED_EDGE('',*,*,#11170,.F.);
#11170 = EDGE_CURVE('',#11171,#11163,#11173,.T.);
#11171 = VERTEX_POINT('',#11172);
#11172 = CARTESIAN_POINT('',(-1.735,-3.235,1.035));
#11173 = LINE('',#11174,#11175);
#11174 = CARTESIAN_POINT('',(-1.735,-3.235,1.035));
#11175 = VECTOR('',#11176,1.);
#11176 = DIRECTION('',(1.,1.110223024625E-16,0.));
#11177 = ORIENTED_EDGE('',*,*,#11178,.F.);
#11178 = EDGE_CURVE('',#11179,#11171,#11181,.T.);
#11179 = VERTEX_POINT('',#11180);
#11180 = CARTESIAN_POINT('',(-1.735,-2.68345,1.035));
#11181 = LINE('',#11182,#11183);
#11182 = CARTESIAN_POINT('',(-1.735,3.235,1.035));
#11183 = VECTOR('',#11184,1.);
#11184 = DIRECTION('',(1.110223024625E-16,-1.,0.));
#11185 = ORIENTED_EDGE('',*,*,#11186,.F.);
#11186 = EDGE_CURVE('',#10294,#11179,#11187,.T.);
#11187 = LINE('',#11188,#11189);
#11188 = CARTESIAN_POINT('',(-2.25,-2.68345,1.035));
#11189 = VECTOR('',#11190,1.);
#11190 = DIRECTION('',(1.,-1.144237745222E-17,0.));
#11191 = ORIENTED_EDGE('',*,*,#10309,.T.);
#11192 = ORIENTED_EDGE('',*,*,#10387,.T.);
#11193 = PLANE('',#11194);
#11194 = AXIS2_PLACEMENT_3D('',#11195,#11196,#11197);
#11195 = CARTESIAN_POINT('',(-1.7425,-3.732941412364E-16,1.035));
#11196 = DIRECTION('',(-2.496972947931E-25,-3.410490578954E-32,1.));
#11197 = DIRECTION('',(1.025679957475E-16,-1.,-3.410490576393E-32));
#11198 = ADVANCED_FACE('',(#11199),#11210,.T.);
#11199 = FACE_BOUND('',#11200,.T.);
#11200 = EDGE_LOOP('',(#11201,#11202,#11203,#11209));
#11201 = ORIENTED_EDGE('',*,*,#10380,.F.);
#11202 = ORIENTED_EDGE('',*,*,#10364,.T.);
#11203 = ORIENTED_EDGE('',*,*,#11204,.F.);
#11204 = EDGE_CURVE('',#11147,#10357,#11205,.T.);
#11205 = LINE('',#11206,#11207);
#11206 = CARTESIAN_POINT('',(1.75,-1.15005,0.773709888363));
#11207 = VECTOR('',#11208,1.);
#11208 = DIRECTION('',(0.,0.,-1.));
#11209 = ORIENTED_EDGE('',*,*,#11146,.F.);
#11210 = PLANE('',#11211);
#11211 = AXIS2_PLACEMENT_3D('',#11212,#11213,#11214);
#11212 = CARTESIAN_POINT('',(1.75,-3.25,1.035));
#11213 = DIRECTION('',(1.,1.110223024625E-16,0.));
#11214 = DIRECTION('',(-1.110223024625E-16,1.,0.));
#11215 = ADVANCED_FACE('',(#11216),#11241,.F.);
#11216 = FACE_BOUND('',#11217,.F.);
#11217 = EDGE_LOOP('',(#11218,#11219,#11227,#11235));
#11218 = ORIENTED_EDGE('',*,*,#10356,.F.);
#11219 = ORIENTED_EDGE('',*,*,#11220,.T.);
#11220 = EDGE_CURVE('',#10357,#11221,#11223,.T.);
#11221 = VERTEX_POINT('',#11222);
#11222 = CARTESIAN_POINT('',(2.25,-1.15005,0.765));
#11223 = LINE('',#11224,#11225);
#11224 = CARTESIAN_POINT('',(1.72,-1.15005,0.765));
#11225 = VECTOR('',#11226,1.);
#11226 = DIRECTION('',(1.,1.110223024625E-16,0.));
#11227 = ORIENTED_EDGE('',*,*,#11228,.F.);
#11228 = EDGE_CURVE('',#11229,#11221,#11231,.T.);
#11229 = VERTEX_POINT('',#11230);
#11230 = CARTESIAN_POINT('',(2.25,1.15005,0.765));
#11231 = LINE('',#11232,#11233);
#11232 = CARTESIAN_POINT('',(2.25,1.15005,0.765));
#11233 = VECTOR('',#11234,1.);
#11234 = DIRECTION('',(1.110223024625E-16,-1.,0.));
#11235 = ORIENTED_EDGE('',*,*,#11236,.F.);
#11236 = EDGE_CURVE('',#10349,#11229,#11237,.T.);
#11237 = LINE('',#11238,#11239);
#11238 = CARTESIAN_POINT('',(1.72,1.15005,0.765));
#11239 = VECTOR('',#11240,1.);
#11240 = DIRECTION('',(1.,1.110223024625E-16,0.));
#11241 = PLANE('',#11242);
#11242 = AXIS2_PLACEMENT_3D('',#11243,#11244,#11245);
#11243 = CARTESIAN_POINT('',(1.72,-0.38335,0.765));
#11244 = DIRECTION('',(0.,0.,1.));
#11245 = DIRECTION('',(1.,1.110223024625E-16,-0.));
#11246 = ADVANCED_FACE('',(#11247),#11258,.T.);
#11247 = FACE_BOUND('',#11248,.T.);
#11248 = EDGE_LOOP('',(#11249,#11255,#11256,#11257));
#11249 = ORIENTED_EDGE('',*,*,#11250,.T.);
#11250 = EDGE_CURVE('',#10460,#10349,#11251,.T.);
#11251 = LINE('',#11252,#11253);
#11252 = CARTESIAN_POINT('',(1.75,1.15005,0.773709888363));
#11253 = VECTOR('',#11254,1.);
#11254 = DIRECTION('',(0.,0.,-1.));
#11255 = ORIENTED_EDGE('',*,*,#10348,.T.);
#11256 = ORIENTED_EDGE('',*,*,#10412,.T.);
#11257 = ORIENTED_EDGE('',*,*,#10467,.F.);
#11258 = PLANE('',#11259);
#11259 = AXIS2_PLACEMENT_3D('',#11260,#11261,#11262);
#11260 = CARTESIAN_POINT('',(1.75,-3.25,1.035));
#11261 = DIRECTION('',(1.,1.110223024625E-16,0.));
#11262 = DIRECTION('',(-1.110223024625E-16,1.,0.));
#11263 = ADVANCED_FACE('',(#11264),#11296,.F.);
#11264 = FACE_BOUND('',#11265,.F.);
#11265 = EDGE_LOOP('',(#11266,#11276,#11282,#11283,#11289,#11290));
#11266 = ORIENTED_EDGE('',*,*,#11267,.F.);
#11267 = EDGE_CURVE('',#11268,#11270,#11272,.T.);
#11268 = VERTEX_POINT('',#11269);
#11269 = CARTESIAN_POINT('',(2.25,-1.15005,1.035));
#11270 = VERTEX_POINT('',#11271);
#11271 = CARTESIAN_POINT('',(2.25,1.15005,1.035));
#11272 = LINE('',#11273,#11274);
#11273 = CARTESIAN_POINT('',(2.25,-1.15005,1.035));
#11274 = VECTOR('',#11275,1.);
#11275 = DIRECTION('',(-1.110223024625E-16,1.,0.));
#11276 = ORIENTED_EDGE('',*,*,#11277,.T.);
#11277 = EDGE_CURVE('',#11268,#11147,#11278,.T.);
#11278 = LINE('',#11279,#11280);
#11279 = CARTESIAN_POINT('',(2.25,-1.15005,1.035));
#11280 = VECTOR('',#11281,1.);
#11281 = DIRECTION('',(-1.,-1.110223024625E-16,0.));
#11282 = ORIENTED_EDGE('',*,*,#11154,.T.);
#11283 = ORIENTED_EDGE('',*,*,#11284,.T.);
#11284 = EDGE_CURVE('',#11155,#10452,#11285,.T.);
#11285 = LINE('',#11286,#11287);
#11286 = CARTESIAN_POINT('',(1.735,-3.235,1.035));
#11287 = VECTOR('',#11288,1.);
#11288 = DIRECTION('',(-1.110223024625E-16,1.,0.));
#11289 = ORIENTED_EDGE('',*,*,#10459,.F.);
#11290 = ORIENTED_EDGE('',*,*,#11291,.F.);
#11291 = EDGE_CURVE('',#11270,#10460,#11292,.T.);
#11292 = LINE('',#11293,#11294);
#11293 = CARTESIAN_POINT('',(2.25,1.15005,1.035));
#11294 = VECTOR('',#11295,1.);
#11295 = DIRECTION('',(-1.,-1.110223024625E-16,0.));
#11296 = PLANE('',#11297);
#11297 = AXIS2_PLACEMENT_3D('',#11298,#11299,#11300);
#11298 = CARTESIAN_POINT('',(2.25,-0.38335,1.035));
#11299 = DIRECTION('',(0.,0.,-1.));
#11300 = DIRECTION('',(-1.,-1.110223024625E-16,-0.));
#11301 = ADVANCED_FACE('',(#11302),#11327,.T.);
#11302 = FACE_BOUND('',#11303,.T.);
#11303 = EDGE_LOOP('',(#11304,#11305,#11306,#11307,#11314,#11322));
#11304 = ORIENTED_EDGE('',*,*,#11162,.T.);
#11305 = ORIENTED_EDGE('',*,*,#11284,.T.);
#11306 = ORIENTED_EDGE('',*,*,#10451,.T.);
#11307 = ORIENTED_EDGE('',*,*,#11308,.T.);
#11308 = EDGE_CURVE('',#10444,#11309,#11311,.T.);
#11309 = VERTEX_POINT('',#11310);
#11310 = CARTESIAN_POINT('',(1.641540344923,3.141540344923,1.7));
#11311 = B_SPLINE_CURVE_WITH_KNOTS('',1,(#11312,#11313),.UNSPECIFIED.,
  .F.,.F.,(2,2),(0.,1.),.PIECEWISE_BEZIER_KNOTS.);
#11312 = CARTESIAN_POINT('',(1.735,3.235,1.035));
#11313 = CARTESIAN_POINT('',(1.641540344923,3.141540344923,1.7));
#11314 = ORIENTED_EDGE('',*,*,#11315,.F.);
#11315 = EDGE_CURVE('',#11316,#11309,#11318,.T.);
#11316 = VERTEX_POINT('',#11317);
#11317 = CARTESIAN_POINT('',(1.641540344923,-3.141540344923,1.7));
#11318 = LINE('',#11319,#11320);
#11319 = CARTESIAN_POINT('',(1.641540344923,-3.141540344923,1.7));
#11320 = VECTOR('',#11321,1.);
#11321 = DIRECTION('',(-1.110223024625E-16,1.,0.));
#11322 = ORIENTED_EDGE('',*,*,#11323,.F.);
#11323 = EDGE_CURVE('',#11163,#11316,#11324,.T.);
#11324 = B_SPLINE_CURVE_WITH_KNOTS('',1,(#11325,#11326),.UNSPECIFIED.,
  .F.,.F.,(2,2),(0.,1.),.PIECEWISE_BEZIER_KNOTS.);
#11325 = CARTESIAN_POINT('',(1.735,-3.235,1.035));
#11326 = CARTESIAN_POINT('',(1.641540344923,-3.141540344923,1.7));
#11327 = B_SPLINE_SURFACE_WITH_KNOTS('',1,1,(
    (#11328,#11329)
    ,(#11330,#11331
    )),.UNSPECIFIED.,.F.,.F.,.F.,(2,2),(2,2),(0.,6.47),(0.,1.),
  .PIECEWISE_BEZIER_KNOTS.);
#11328 = CARTESIAN_POINT('',(1.735,-3.235,1.035));
#11329 = CARTESIAN_POINT('',(1.641540344923,-3.141540344923,1.7));
#11330 = CARTESIAN_POINT('',(1.735,3.235,1.035));
#11331 = CARTESIAN_POINT('',(1.641540344923,3.141540344923,1.7));
#11332 = ADVANCED_FACE('',(#11333),#11350,.T.);
#11333 = FACE_BOUND('',#11334,.T.);
#11334 = EDGE_LOOP('',(#11335,#11336,#11343,#11349));
#11335 = ORIENTED_EDGE('',*,*,#10443,.T.);
#11336 = ORIENTED_EDGE('',*,*,#11337,.T.);
#11337 = EDGE_CURVE('',#10436,#11338,#11340,.T.);
#11338 = VERTEX_POINT('',#11339);
#11339 = CARTESIAN_POINT('',(-1.641540344923,3.141540344923,1.7));
#11340 = B_SPLINE_CURVE_WITH_KNOTS('',1,(#11341,#11342),.UNSPECIFIED.,
  .F.,.F.,(2,2),(0.,1.),.PIECEWISE_BEZIER_KNOTS.);
#11341 = CARTESIAN_POINT('',(-1.735,3.235,1.035));
#11342 = CARTESIAN_POINT('',(-1.641540344923,3.141540344923,1.7));
#11343 = ORIENTED_EDGE('',*,*,#11344,.F.);
#11344 = EDGE_CURVE('',#11309,#11338,#11345,.T.);
#11345 = LINE('',#11346,#11347);
#11346 = CARTESIAN_POINT('',(1.641540344923,3.141540344923,1.7));
#11347 = VECTOR('',#11348,1.);
#11348 = DIRECTION('',(-1.,-1.110223024625E-16,0.));
#11349 = ORIENTED_EDGE('',*,*,#11308,.F.);
#11350 = B_SPLINE_SURFACE_WITH_KNOTS('',1,1,(
    (#11351,#11352)
    ,(#11353,#11354
    )),.UNSPECIFIED.,.F.,.F.,.F.,(2,2),(2,2),(0.,3.47),(0.,1.),
  .PIECEWISE_BEZIER_KNOTS.);
#11351 = CARTESIAN_POINT('',(1.735,3.235,1.035));
#11352 = CARTESIAN_POINT('',(1.641540344923,3.141540344923,1.7));
#11353 = CARTESIAN_POINT('',(-1.735,3.235,1.035));
#11354 = CARTESIAN_POINT('',(-1.641540344923,3.141540344923,1.7));
#11355 = ADVANCED_FACE('',(#11356),#11394,.T.);
#11356 = FACE_BOUND('',#11357,.T.);
#11357 = EDGE_LOOP('',(#11358,#11359,#11365,#11366,#11372,#11373,#11379,
    #11380,#11387,#11393));
#11358 = ORIENTED_EDGE('',*,*,#10435,.T.);
#11359 = ORIENTED_EDGE('',*,*,#11360,.T.);
#11360 = EDGE_CURVE('',#10428,#10683,#11361,.T.);
#11361 = LINE('',#11362,#11363);
#11362 = CARTESIAN_POINT('',(-1.735,3.235,1.035));
#11363 = VECTOR('',#11364,1.);
#11364 = DIRECTION('',(1.110223024625E-16,-1.,0.));
#11365 = ORIENTED_EDGE('',*,*,#10699,.T.);
#11366 = ORIENTED_EDGE('',*,*,#11367,.T.);
#11367 = EDGE_CURVE('',#10692,#10915,#11368,.T.);
#11368 = LINE('',#11369,#11370);
#11369 = CARTESIAN_POINT('',(-1.735,3.235,1.035));
#11370 = VECTOR('',#11371,1.);
#11371 = DIRECTION('',(1.110223024625E-16,-1.,0.));
#11372 = ORIENTED_EDGE('',*,*,#10931,.T.);
#11373 = ORIENTED_EDGE('',*,*,#11374,.T.);
#11374 = EDGE_CURVE('',#10924,#11179,#11375,.T.);
#11375 = LINE('',#11376,#11377);
#11376 = CARTESIAN_POINT('',(-1.735,3.235,1.035));
#11377 = VECTOR('',#11378,1.);
#11378 = DIRECTION('',(1.110223024625E-16,-1.,0.));
#11379 = ORIENTED_EDGE('',*,*,#11178,.T.);
#11380 = ORIENTED_EDGE('',*,*,#11381,.T.);
#11381 = EDGE_CURVE('',#11171,#11382,#11384,.T.);
#11382 = VERTEX_POINT('',#11383);
#11383 = CARTESIAN_POINT('',(-1.641540344923,-3.141540344923,1.7));
#11384 = B_SPLINE_CURVE_WITH_KNOTS('',1,(#11385,#11386),.UNSPECIFIED.,
  .F.,.F.,(2,2),(0.,1.),.PIECEWISE_BEZIER_KNOTS.);
#11385 = CARTESIAN_POINT('',(-1.735,-3.235,1.035));
#11386 = CARTESIAN_POINT('',(-1.641540344923,-3.141540344923,1.7));
#11387 = ORIENTED_EDGE('',*,*,#11388,.F.);
#11388 = EDGE_CURVE('',#11338,#11382,#11389,.T.);
#11389 = LINE('',#11390,#11391);
#11390 = CARTESIAN_POINT('',(-1.641540344923,3.141540344923,1.7));
#11391 = VECTOR('',#11392,1.);
#11392 = DIRECTION('',(1.110223024625E-16,-1.,0.));
#11393 = ORIENTED_EDGE('',*,*,#11337,.F.);
#11394 = B_SPLINE_SURFACE_WITH_KNOTS('',1,1,(
    (#11395,#11396)
    ,(#11397,#11398
    )),.UNSPECIFIED.,.F.,.F.,.F.,(2,2),(2,2),(0.,6.47),(0.,1.),
  .PIECEWISE_BEZIER_KNOTS.);
#11395 = CARTESIAN_POINT('',(-1.735,3.235,1.035));
#11396 = CARTESIAN_POINT('',(-1.641540344923,3.141540344923,1.7));
#11397 = CARTESIAN_POINT('',(-1.735,-3.235,1.035));
#11398 = CARTESIAN_POINT('',(-1.641540344923,-3.141540344923,1.7));
#11399 = ADVANCED_FACE('',(#11400),#11413,.F.);
#11400 = FACE_BOUND('',#11401,.F.);
#11401 = EDGE_LOOP('',(#11402,#11403,#11409,#11410,#11411,#11412));
#11402 = ORIENTED_EDGE('',*,*,#10651,.F.);
#11403 = ORIENTED_EDGE('',*,*,#11404,.T.);
#11404 = EDGE_CURVE('',#10643,#10551,#11405,.T.);
#11405 = LINE('',#11406,#11407);
#11406 = CARTESIAN_POINT('',(-2.25,1.91675,1.035));
#11407 = VECTOR('',#11408,1.);
#11408 = DIRECTION('',(1.144237745222E-17,1.,0.));
#11409 = ORIENTED_EDGE('',*,*,#10559,.T.);
#11410 = ORIENTED_EDGE('',*,*,#10427,.T.);
#11411 = ORIENTED_EDGE('',*,*,#11360,.T.);
#11412 = ORIENTED_EDGE('',*,*,#10682,.F.);
#11413 = PLANE('',#11414);
#11414 = AXIS2_PLACEMENT_3D('',#11415,#11416,#11417);
#11415 = CARTESIAN_POINT('',(-2.25,1.91675,1.035));
#11416 = DIRECTION('',(0.,0.,-1.));
#11417 = DIRECTION('',(1.,-1.144237745222E-17,0.));
#11418 = ADVANCED_FACE('',(#11419),#11430,.T.);
#11419 = FACE_BOUND('',#11420,.T.);
#11420 = EDGE_LOOP('',(#11421,#11422,#11423,#11424));
#11421 = ORIENTED_EDGE('',*,*,#10642,.T.);
#11422 = ORIENTED_EDGE('',*,*,#11404,.T.);
#11423 = ORIENTED_EDGE('',*,*,#10550,.F.);
#11424 = ORIENTED_EDGE('',*,*,#11425,.F.);
#11425 = EDGE_CURVE('',#10635,#10543,#11426,.T.);
#11426 = LINE('',#11427,#11428);
#11427 = CARTESIAN_POINT('',(-2.712859643916,1.91675,0.646614643503));
#11428 = VECTOR('',#11429,1.);
#11429 = DIRECTION('',(1.144237745222E-17,1.,0.));
#11430 = CYLINDRICAL_SURFACE('',#11431,0.47);
#11431 = AXIS2_PLACEMENT_3D('',#11432,#11433,#11434);
#11432 = CARTESIAN_POINT('',(-2.25,1.91675,0.565));
#11433 = DIRECTION('',(-1.144237745222E-17,-1.,0.));
#11434 = DIRECTION('',(-0.984807753012,1.126854202784E-17,0.173648177667
    ));
#11435 = ADVANCED_FACE('',(#11436),#11447,.F.);
#11436 = FACE_BOUND('',#11437,.F.);
#11437 = EDGE_LOOP('',(#11438,#11444,#11445,#11446));
#11438 = ORIENTED_EDGE('',*,*,#11439,.T.);
#11439 = EDGE_CURVE('',#10626,#10534,#11440,.T.);
#11440 = LINE('',#11441,#11442);
#11441 = CARTESIAN_POINT('',(-2.739789512565,1.91675,0.435270364467));
#11442 = VECTOR('',#11443,1.);
#11443 = DIRECTION('',(1.144237745222E-17,1.,0.));
#11444 = ORIENTED_EDGE('',*,*,#10542,.T.);
#11445 = ORIENTED_EDGE('',*,*,#11425,.F.);
#11446 = ORIENTED_EDGE('',*,*,#10634,.F.);
#11447 = PLANE('',#11448);
#11448 = AXIS2_PLACEMENT_3D('',#11449,#11450,#11451);
#11449 = CARTESIAN_POINT('',(-2.739789512565,1.91675,0.435270364467));
#11450 = DIRECTION('',(0.991979380222,-1.135060249332E-17,
    -0.126399799104));
#11451 = DIRECTION('',(0.126399799104,-1.446314211233E-18,0.991979380222
    ));
#11452 = ADVANCED_FACE('',(#11453),#11464,.F.);
#11453 = FACE_BOUND('',#11454,.F.);
#11454 = EDGE_LOOP('',(#11455,#11461,#11462,#11463));
#11455 = ORIENTED_EDGE('',*,*,#11456,.T.);
#11456 = EDGE_CURVE('',#10618,#10526,#11457,.T.);
#11457 = LINE('',#11458,#11459);
#11458 = CARTESIAN_POINT('',(-2.936751063167,1.91675,0.27));
#11459 = VECTOR('',#11460,1.);
#11460 = DIRECTION('',(1.144237745222E-17,1.,0.));
#11461 = ORIENTED_EDGE('',*,*,#10533,.T.);
#11462 = ORIENTED_EDGE('',*,*,#11439,.F.);
#11463 = ORIENTED_EDGE('',*,*,#10625,.F.);
#11464 = CYLINDRICAL_SURFACE('',#11465,0.2);
#11465 = AXIS2_PLACEMENT_3D('',#11466,#11467,#11468);
#11466 = CARTESIAN_POINT('',(-2.936751063167,1.91675,0.47));
#11467 = DIRECTION('',(-1.144237745222E-17,-1.,0.));
#11468 = DIRECTION('',(-2.22044604925E-15,2.540718180781E-32,-1.));
#11469 = ADVANCED_FACE('',(#11470),#11481,.F.);
#11470 = FACE_BOUND('',#11471,.F.);
#11471 = EDGE_LOOP('',(#11472,#11478,#11479,#11480));
#11472 = ORIENTED_EDGE('',*,*,#11473,.T.);
#11473 = EDGE_CURVE('',#10610,#10518,#11474,.T.);
#11474 = LINE('',#11475,#11476);
#11475 = CARTESIAN_POINT('',(-3.5,1.91675,0.27));
#11476 = VECTOR('',#11477,1.);
#11477 = DIRECTION('',(1.144237745222E-17,1.,0.));
#11478 = ORIENTED_EDGE('',*,*,#10525,.T.);
#11479 = ORIENTED_EDGE('',*,*,#11456,.F.);
#11480 = ORIENTED_EDGE('',*,*,#10617,.F.);
#11481 = PLANE('',#11482);
#11482 = AXIS2_PLACEMENT_3D('',#11483,#11484,#11485);
#11483 = CARTESIAN_POINT('',(-3.5,1.91675,0.27));
#11484 = DIRECTION('',(0.,0.,-1.));
#11485 = DIRECTION('',(1.,-1.144237745222E-17,0.));
#11486 = ADVANCED_FACE('',(#11487),#11498,.F.);
#11487 = FACE_BOUND('',#11488,.F.);
#11488 = EDGE_LOOP('',(#11489,#11495,#11496,#11497));
#11489 = ORIENTED_EDGE('',*,*,#11490,.T.);
#11490 = EDGE_CURVE('',#10602,#10510,#11491,.T.);
#11491 = LINE('',#11492,#11493);
#11492 = CARTESIAN_POINT('',(-3.5,1.91675,-1.665334536938E-16));
#11493 = VECTOR('',#11494,1.);
#11494 = DIRECTION('',(1.144237745222E-17,1.,0.));
#11495 = ORIENTED_EDGE('',*,*,#10517,.T.);
#11496 = ORIENTED_EDGE('',*,*,#11473,.F.);
#11497 = ORIENTED_EDGE('',*,*,#10609,.F.);
#11498 = PLANE('',#11499);
#11499 = AXIS2_PLACEMENT_3D('',#11500,#11501,#11502);
#11500 = CARTESIAN_POINT('',(-3.5,1.91675,-1.665334536938E-16));
#11501 = DIRECTION('',(1.,-1.144237745222E-17,0.));
#11502 = DIRECTION('',(0.,0.,1.));
#11503 = ADVANCED_FACE('',(#11504),#11515,.F.);
#11504 = FACE_BOUND('',#11505,.F.);
#11505 = EDGE_LOOP('',(#11506,#11512,#11513,#11514));
#11506 = ORIENTED_EDGE('',*,*,#11507,.T.);
#11507 = EDGE_CURVE('',#10593,#10501,#11508,.T.);
#11508 = LINE('',#11509,#11510);
#11509 = CARTESIAN_POINT('',(-2.936751063167,1.91675,-1.665334536938E-16
    ));
#11510 = VECTOR('',#11511,1.);
#11511 = DIRECTION('',(1.144237745222E-17,1.,0.));
#11512 = ORIENTED_EDGE('',*,*,#10509,.T.);
#11513 = ORIENTED_EDGE('',*,*,#11490,.F.);
#11514 = ORIENTED_EDGE('',*,*,#10601,.F.);
#11515 = PLANE('',#11516);
#11516 = AXIS2_PLACEMENT_3D('',#11517,#11518,#11519);
#11517 = CARTESIAN_POINT('',(-2.936751063167,1.91675,-1.665334536938E-16
    ));
#11518 = DIRECTION('',(0.,0.,1.));
#11519 = DIRECTION('',(-1.,1.144237745222E-17,0.));
#11520 = ADVANCED_FACE('',(#11521),#11532,.T.);
#11521 = FACE_BOUND('',#11522,.T.);
#11522 = EDGE_LOOP('',(#11523,#11524,#11525,#11526));
#11523 = ORIENTED_EDGE('',*,*,#10592,.T.);
#11524 = ORIENTED_EDGE('',*,*,#11507,.T.);
#11525 = ORIENTED_EDGE('',*,*,#10500,.F.);
#11526 = ORIENTED_EDGE('',*,*,#11527,.F.);
#11527 = EDGE_CURVE('',#10585,#10493,#11528,.T.);
#11528 = LINE('',#11529,#11530);
#11529 = CARTESIAN_POINT('',(-2.473891419252,1.91675,0.388385356497));
#11530 = VECTOR('',#11531,1.);
#11531 = DIRECTION('',(1.144237745222E-17,1.,0.));
#11532 = CYLINDRICAL_SURFACE('',#11533,0.47);
#11533 = AXIS2_PLACEMENT_3D('',#11534,#11535,#11536);
#11534 = CARTESIAN_POINT('',(-2.936751063167,1.91675,0.47));
#11535 = DIRECTION('',(-1.144237745222E-17,-1.,0.));
#11536 = DIRECTION('',(0.984807753012,-1.126854202784E-17,
    -0.173648177667));
#11537 = ADVANCED_FACE('',(#11538),#11544,.F.);
#11538 = FACE_BOUND('',#11539,.F.);
#11539 = EDGE_LOOP('',(#11540,#11541,#11542,#11543));
#11540 = ORIENTED_EDGE('',*,*,#10667,.T.);
#11541 = ORIENTED_EDGE('',*,*,#10492,.T.);
#11542 = ORIENTED_EDGE('',*,*,#11527,.F.);
#11543 = ORIENTED_EDGE('',*,*,#10584,.F.);
#11544 = PLANE('',#11545);
#11545 = AXIS2_PLACEMENT_3D('',#11546,#11547,#11548);
#11546 = CARTESIAN_POINT('',(-2.446961550602,1.91675,0.599729635533));
#11547 = DIRECTION('',(-0.991979380222,1.135060249332E-17,0.126399799104
    ));
#11548 = DIRECTION('',(-0.126399799104,1.446314211233E-18,
    -0.991979380222));
#11549 = ADVANCED_FACE('',(#11550),#11563,.F.);
#11550 = FACE_BOUND('',#11551,.F.);
#11551 = EDGE_LOOP('',(#11552,#11553,#11559,#11560,#11561,#11562));
#11552 = ORIENTED_EDGE('',*,*,#10883,.F.);
#11553 = ORIENTED_EDGE('',*,*,#11554,.T.);
#11554 = EDGE_CURVE('',#10875,#10783,#11555,.T.);
#11555 = LINE('',#11556,#11557);
#11556 = CARTESIAN_POINT('',(-2.25,-0.38335,1.035));
#11557 = VECTOR('',#11558,1.);
#11558 = DIRECTION('',(1.144237745222E-17,1.,0.));
#11559 = ORIENTED_EDGE('',*,*,#10791,.T.);
#11560 = ORIENTED_EDGE('',*,*,#10691,.T.);
#11561 = ORIENTED_EDGE('',*,*,#11367,.T.);
#11562 = ORIENTED_EDGE('',*,*,#10914,.F.);
#11563 = PLANE('',#11564);
#11564 = AXIS2_PLACEMENT_3D('',#11565,#11566,#11567);
#11565 = CARTESIAN_POINT('',(-2.25,-0.38335,1.035));
#11566 = DIRECTION('',(0.,0.,-1.));
#11567 = DIRECTION('',(1.,-1.144237745222E-17,0.));
#11568 = ADVANCED_FACE('',(#11569),#11580,.T.);
#11569 = FACE_BOUND('',#11570,.T.);
#11570 = EDGE_LOOP('',(#11571,#11572,#11573,#11574));
#11571 = ORIENTED_EDGE('',*,*,#10874,.T.);
#11572 = ORIENTED_EDGE('',*,*,#11554,.T.);
#11573 = ORIENTED_EDGE('',*,*,#10782,.F.);
#11574 = ORIENTED_EDGE('',*,*,#11575,.F.);
#11575 = EDGE_CURVE('',#10867,#10775,#11576,.T.);
#11576 = LINE('',#11577,#11578);
#11577 = CARTESIAN_POINT('',(-2.712859643916,-0.38335,0.646614643503));
#11578 = VECTOR('',#11579,1.);
#11579 = DIRECTION('',(1.144237745222E-17,1.,0.));
#11580 = CYLINDRICAL_SURFACE('',#11581,0.47);
#11581 = AXIS2_PLACEMENT_3D('',#11582,#11583,#11584);
#11582 = CARTESIAN_POINT('',(-2.25,-0.38335,0.565));
#11583 = DIRECTION('',(-1.144237745222E-17,-1.,0.));
#11584 = DIRECTION('',(-0.984807753012,1.126854202784E-17,0.173648177667
    ));
#11585 = ADVANCED_FACE('',(#11586),#11597,.F.);
#11586 = FACE_BOUND('',#11587,.F.);
#11587 = EDGE_LOOP('',(#11588,#11594,#11595,#11596));
#11588 = ORIENTED_EDGE('',*,*,#11589,.T.);
#11589 = EDGE_CURVE('',#10858,#10766,#11590,.T.);
#11590 = LINE('',#11591,#11592);
#11591 = CARTESIAN_POINT('',(-2.739789512565,-0.38335,0.435270364467));
#11592 = VECTOR('',#11593,1.);
#11593 = DIRECTION('',(1.144237745222E-17,1.,0.));
#11594 = ORIENTED_EDGE('',*,*,#10774,.T.);
#11595 = ORIENTED_EDGE('',*,*,#11575,.F.);
#11596 = ORIENTED_EDGE('',*,*,#10866,.F.);
#11597 = PLANE('',#11598);
#11598 = AXIS2_PLACEMENT_3D('',#11599,#11600,#11601);
#11599 = CARTESIAN_POINT('',(-2.739789512565,-0.38335,0.435270364467));
#11600 = DIRECTION('',(0.991979380222,-1.135060249332E-17,
    -0.126399799104));
#11601 = DIRECTION('',(0.126399799104,-1.446314211233E-18,0.991979380222
    ));
#11602 = ADVANCED_FACE('',(#11603),#11614,.F.);
#11603 = FACE_BOUND('',#11604,.F.);
#11604 = EDGE_LOOP('',(#11605,#11611,#11612,#11613));
#11605 = ORIENTED_EDGE('',*,*,#11606,.T.);
#11606 = EDGE_CURVE('',#10850,#10758,#11607,.T.);
#11607 = LINE('',#11608,#11609);
#11608 = CARTESIAN_POINT('',(-2.936751063167,-0.38335,0.27));
#11609 = VECTOR('',#11610,1.);
#11610 = DIRECTION('',(1.144237745222E-17,1.,0.));
#11611 = ORIENTED_EDGE('',*,*,#10765,.T.);
#11612 = ORIENTED_EDGE('',*,*,#11589,.F.);
#11613 = ORIENTED_EDGE('',*,*,#10857,.F.);
#11614 = CYLINDRICAL_SURFACE('',#11615,0.2);
#11615 = AXIS2_PLACEMENT_3D('',#11616,#11617,#11618);
#11616 = CARTESIAN_POINT('',(-2.936751063167,-0.38335,0.47));
#11617 = DIRECTION('',(-1.144237745222E-17,-1.,0.));
#11618 = DIRECTION('',(-2.22044604925E-15,2.540718180781E-32,-1.));
#11619 = ADVANCED_FACE('',(#11620),#11631,.F.);
#11620 = FACE_BOUND('',#11621,.F.);
#11621 = EDGE_LOOP('',(#11622,#11628,#11629,#11630));
#11622 = ORIENTED_EDGE('',*,*,#11623,.T.);
#11623 = EDGE_CURVE('',#10842,#10750,#11624,.T.);
#11624 = LINE('',#11625,#11626);
#11625 = CARTESIAN_POINT('',(-3.5,-0.38335,0.27));
#11626 = VECTOR('',#11627,1.);
#11627 = DIRECTION('',(1.144237745222E-17,1.,0.));
#11628 = ORIENTED_EDGE('',*,*,#10757,.T.);
#11629 = ORIENTED_EDGE('',*,*,#11606,.F.);
#11630 = ORIENTED_EDGE('',*,*,#10849,.F.);
#11631 = PLANE('',#11632);
#11632 = AXIS2_PLACEMENT_3D('',#11633,#11634,#11635);
#11633 = CARTESIAN_POINT('',(-3.5,-0.38335,0.27));
#11634 = DIRECTION('',(0.,0.,-1.));
#11635 = DIRECTION('',(1.,-1.144237745222E-17,0.));
#11636 = ADVANCED_FACE('',(#11637),#11648,.F.);
#11637 = FACE_BOUND('',#11638,.F.);
#11638 = EDGE_LOOP('',(#11639,#11645,#11646,#11647));
#11639 = ORIENTED_EDGE('',*,*,#11640,.T.);
#11640 = EDGE_CURVE('',#10834,#10742,#11641,.T.);
#11641 = LINE('',#11642,#11643);
#11642 = CARTESIAN_POINT('',(-3.5,-0.38335,-1.665334536938E-16));
#11643 = VECTOR('',#11644,1.);
#11644 = DIRECTION('',(1.144237745222E-17,1.,0.));
#11645 = ORIENTED_EDGE('',*,*,#10749,.T.);
#11646 = ORIENTED_EDGE('',*,*,#11623,.F.);
#11647 = ORIENTED_EDGE('',*,*,#10841,.F.);
#11648 = PLANE('',#11649);
#11649 = AXIS2_PLACEMENT_3D('',#11650,#11651,#11652);
#11650 = CARTESIAN_POINT('',(-3.5,-0.38335,-1.665334536938E-16));
#11651 = DIRECTION('',(1.,-1.144237745222E-17,0.));
#11652 = DIRECTION('',(0.,0.,1.));
#11653 = ADVANCED_FACE('',(#11654),#11665,.F.);
#11654 = FACE_BOUND('',#11655,.F.);
#11655 = EDGE_LOOP('',(#11656,#11662,#11663,#11664));
#11656 = ORIENTED_EDGE('',*,*,#11657,.T.);
#11657 = EDGE_CURVE('',#10825,#10733,#11658,.T.);
#11658 = LINE('',#11659,#11660);
#11659 = CARTESIAN_POINT('',(-2.936751063167,-0.38335,
    -1.665334536938E-16));
#11660 = VECTOR('',#11661,1.);
#11661 = DIRECTION('',(1.144237745222E-17,1.,0.));
#11662 = ORIENTED_EDGE('',*,*,#10741,.T.);
#11663 = ORIENTED_EDGE('',*,*,#11640,.F.);
#11664 = ORIENTED_EDGE('',*,*,#10833,.F.);
#11665 = PLANE('',#11666);
#11666 = AXIS2_PLACEMENT_3D('',#11667,#11668,#11669);
#11667 = CARTESIAN_POINT('',(-2.936751063167,-0.38335,
    -1.665334536938E-16));
#11668 = DIRECTION('',(0.,0.,1.));
#11669 = DIRECTION('',(-1.,1.144237745222E-17,0.));
#11670 = ADVANCED_FACE('',(#11671),#11682,.T.);
#11671 = FACE_BOUND('',#11672,.T.);
#11672 = EDGE_LOOP('',(#11673,#11674,#11675,#11676));
#11673 = ORIENTED_EDGE('',*,*,#10824,.T.);
#11674 = ORIENTED_EDGE('',*,*,#11657,.T.);
#11675 = ORIENTED_EDGE('',*,*,#10732,.F.);
#11676 = ORIENTED_EDGE('',*,*,#11677,.F.);
#11677 = EDGE_CURVE('',#10817,#10725,#11678,.T.);
#11678 = LINE('',#11679,#11680);
#11679 = CARTESIAN_POINT('',(-2.473891419252,-0.38335,0.388385356497));
#11680 = VECTOR('',#11681,1.);
#11681 = DIRECTION('',(1.144237745222E-17,1.,0.));
#11682 = CYLINDRICAL_SURFACE('',#11683,0.47);
#11683 = AXIS2_PLACEMENT_3D('',#11684,#11685,#11686);
#11684 = CARTESIAN_POINT('',(-2.936751063167,-0.38335,0.47));
#11685 = DIRECTION('',(-1.144237745222E-17,-1.,0.));
#11686 = DIRECTION('',(0.984807753012,-1.126854202784E-17,
    -0.173648177667));
#11687 = ADVANCED_FACE('',(#11688),#11694,.F.);
#11688 = FACE_BOUND('',#11689,.F.);
#11689 = EDGE_LOOP('',(#11690,#11691,#11692,#11693));
#11690 = ORIENTED_EDGE('',*,*,#10899,.T.);
#11691 = ORIENTED_EDGE('',*,*,#10724,.T.);
#11692 = ORIENTED_EDGE('',*,*,#11677,.F.);
#11693 = ORIENTED_EDGE('',*,*,#10816,.F.);
#11694 = PLANE('',#11695);
#11695 = AXIS2_PLACEMENT_3D('',#11696,#11697,#11698);
#11696 = CARTESIAN_POINT('',(-2.446961550602,-0.38335,0.599729635533));
#11697 = DIRECTION('',(-0.991979380222,1.135060249332E-17,0.126399799104
    ));
#11698 = DIRECTION('',(-0.126399799104,1.446314211233E-18,
    -0.991979380222));
#11699 = ADVANCED_FACE('',(#11700),#11713,.F.);
#11700 = FACE_BOUND('',#11701,.F.);
#11701 = EDGE_LOOP('',(#11702,#11703,#11709,#11710,#11711,#11712));
#11702 = ORIENTED_EDGE('',*,*,#11115,.F.);
#11703 = ORIENTED_EDGE('',*,*,#11704,.T.);
#11704 = EDGE_CURVE('',#11107,#11015,#11705,.T.);
#11705 = LINE('',#11706,#11707);
#11706 = CARTESIAN_POINT('',(-2.25,-2.68345,1.035));
#11707 = VECTOR('',#11708,1.);
#11708 = DIRECTION('',(1.144237745222E-17,1.,0.));
#11709 = ORIENTED_EDGE('',*,*,#11023,.T.);
#11710 = ORIENTED_EDGE('',*,*,#10923,.T.);
#11711 = ORIENTED_EDGE('',*,*,#11374,.T.);
#11712 = ORIENTED_EDGE('',*,*,#11186,.F.);
#11713 = PLANE('',#11714);
#11714 = AXIS2_PLACEMENT_3D('',#11715,#11716,#11717);
#11715 = CARTESIAN_POINT('',(-2.25,-2.68345,1.035));
#11716 = DIRECTION('',(0.,0.,-1.));
#11717 = DIRECTION('',(1.,-1.144237745222E-17,0.));
#11718 = ADVANCED_FACE('',(#11719),#11730,.T.);
#11719 = FACE_BOUND('',#11720,.T.);
#11720 = EDGE_LOOP('',(#11721,#11722,#11723,#11724));
#11721 = ORIENTED_EDGE('',*,*,#11106,.T.);
#11722 = ORIENTED_EDGE('',*,*,#11704,.T.);
#11723 = ORIENTED_EDGE('',*,*,#11014,.F.);
#11724 = ORIENTED_EDGE('',*,*,#11725,.F.);
#11725 = EDGE_CURVE('',#11099,#11007,#11726,.T.);
#11726 = LINE('',#11727,#11728);
#11727 = CARTESIAN_POINT('',(-2.712859643916,-2.68345,0.646614643503));
#11728 = VECTOR('',#11729,1.);
#11729 = DIRECTION('',(1.144237745222E-17,1.,0.));
#11730 = CYLINDRICAL_SURFACE('',#11731,0.47);
#11731 = AXIS2_PLACEMENT_3D('',#11732,#11733,#11734);
#11732 = CARTESIAN_POINT('',(-2.25,-2.68345,0.565));
#11733 = DIRECTION('',(-1.144237745222E-17,-1.,0.));
#11734 = DIRECTION('',(-0.984807753012,1.126854202784E-17,0.173648177667
    ));
#11735 = ADVANCED_FACE('',(#11736),#11747,.F.);
#11736 = FACE_BOUND('',#11737,.F.);
#11737 = EDGE_LOOP('',(#11738,#11744,#11745,#11746));
#11738 = ORIENTED_EDGE('',*,*,#11739,.T.);
#11739 = EDGE_CURVE('',#11090,#10998,#11740,.T.);
#11740 = LINE('',#11741,#11742);
#11741 = CARTESIAN_POINT('',(-2.739789512565,-2.68345,0.435270364467));
#11742 = VECTOR('',#11743,1.);
#11743 = DIRECTION('',(1.144237745222E-17,1.,0.));
#11744 = ORIENTED_EDGE('',*,*,#11006,.T.);
#11745 = ORIENTED_EDGE('',*,*,#11725,.F.);
#11746 = ORIENTED_EDGE('',*,*,#11098,.F.);
#11747 = PLANE('',#11748);
#11748 = AXIS2_PLACEMENT_3D('',#11749,#11750,#11751);
#11749 = CARTESIAN_POINT('',(-2.739789512565,-2.68345,0.435270364467));
#11750 = DIRECTION('',(0.991979380222,-1.135060249332E-17,
    -0.126399799104));
#11751 = DIRECTION('',(0.126399799104,-1.446314211233E-18,0.991979380222
    ));
#11752 = ADVANCED_FACE('',(#11753),#11764,.F.);
#11753 = FACE_BOUND('',#11754,.F.);
#11754 = EDGE_LOOP('',(#11755,#11761,#11762,#11763));
#11755 = ORIENTED_EDGE('',*,*,#11756,.T.);
#11756 = EDGE_CURVE('',#11082,#10990,#11757,.T.);
#11757 = LINE('',#11758,#11759);
#11758 = CARTESIAN_POINT('',(-2.936751063167,-2.68345,0.27));
#11759 = VECTOR('',#11760,1.);
#11760 = DIRECTION('',(1.144237745222E-17,1.,0.));
#11761 = ORIENTED_EDGE('',*,*,#10997,.T.);
#11762 = ORIENTED_EDGE('',*,*,#11739,.F.);
#11763 = ORIENTED_EDGE('',*,*,#11089,.F.);
#11764 = CYLINDRICAL_SURFACE('',#11765,0.2);
#11765 = AXIS2_PLACEMENT_3D('',#11766,#11767,#11768);
#11766 = CARTESIAN_POINT('',(-2.936751063167,-2.68345,0.47));
#11767 = DIRECTION('',(-1.144237745222E-17,-1.,0.));
#11768 = DIRECTION('',(-2.22044604925E-15,2.540718180781E-32,-1.));
#11769 = ADVANCED_FACE('',(#11770),#11781,.F.);
#11770 = FACE_BOUND('',#11771,.F.);
#11771 = EDGE_LOOP('',(#11772,#11778,#11779,#11780));
#11772 = ORIENTED_EDGE('',*,*,#11773,.T.);
#11773 = EDGE_CURVE('',#11074,#10982,#11774,.T.);
#11774 = LINE('',#11775,#11776);
#11775 = CARTESIAN_POINT('',(-3.5,-2.68345,0.27));
#11776 = VECTOR('',#11777,1.);
#11777 = DIRECTION('',(1.144237745222E-17,1.,0.));
#11778 = ORIENTED_EDGE('',*,*,#10989,.T.);
#11779 = ORIENTED_EDGE('',*,*,#11756,.F.);
#11780 = ORIENTED_EDGE('',*,*,#11081,.F.);
#11781 = PLANE('',#11782);
#11782 = AXIS2_PLACEMENT_3D('',#11783,#11784,#11785);
#11783 = CARTESIAN_POINT('',(-3.5,-2.68345,0.27));
#11784 = DIRECTION('',(0.,0.,-1.));
#11785 = DIRECTION('',(1.,-1.144237745222E-17,0.));
#11786 = ADVANCED_FACE('',(#11787),#11798,.F.);
#11787 = FACE_BOUND('',#11788,.F.);
#11788 = EDGE_LOOP('',(#11789,#11795,#11796,#11797));
#11789 = ORIENTED_EDGE('',*,*,#11790,.T.);
#11790 = EDGE_CURVE('',#11066,#10974,#11791,.T.);
#11791 = LINE('',#11792,#11793);
#11792 = CARTESIAN_POINT('',(-3.5,-2.68345,-1.665334536938E-16));
#11793 = VECTOR('',#11794,1.);
#11794 = DIRECTION('',(1.144237745222E-17,1.,0.));
#11795 = ORIENTED_EDGE('',*,*,#10981,.T.);
#11796 = ORIENTED_EDGE('',*,*,#11773,.F.);
#11797 = ORIENTED_EDGE('',*,*,#11073,.F.);
#11798 = PLANE('',#11799);
#11799 = AXIS2_PLACEMENT_3D('',#11800,#11801,#11802);
#11800 = CARTESIAN_POINT('',(-3.5,-2.68345,-1.665334536938E-16));
#11801 = DIRECTION('',(1.,-1.144237745222E-17,0.));
#11802 = DIRECTION('',(0.,0.,1.));
#11803 = ADVANCED_FACE('',(#11804),#11815,.F.);
#11804 = FACE_BOUND('',#11805,.F.);
#11805 = EDGE_LOOP('',(#11806,#11812,#11813,#11814));
#11806 = ORIENTED_EDGE('',*,*,#11807,.T.);
#11807 = EDGE_CURVE('',#11057,#10965,#11808,.T.);
#11808 = LINE('',#11809,#11810);
#11809 = CARTESIAN_POINT('',(-2.936751063167,-2.68345,
    -1.665334536938E-16));
#11810 = VECTOR('',#11811,1.);
#11811 = DIRECTION('',(1.144237745222E-17,1.,0.));
#11812 = ORIENTED_EDGE('',*,*,#10973,.T.);
#11813 = ORIENTED_EDGE('',*,*,#11790,.F.);
#11814 = ORIENTED_EDGE('',*,*,#11065,.F.);
#11815 = PLANE('',#11816);
#11816 = AXIS2_PLACEMENT_3D('',#11817,#11818,#11819);
#11817 = CARTESIAN_POINT('',(-2.936751063167,-2.68345,
    -1.665334536938E-16));
#11818 = DIRECTION('',(0.,0.,1.));
#11819 = DIRECTION('',(-1.,1.144237745222E-17,0.));
#11820 = ADVANCED_FACE('',(#11821),#11832,.T.);
#11821 = FACE_BOUND('',#11822,.T.);
#11822 = EDGE_LOOP('',(#11823,#11824,#11825,#11826));
#11823 = ORIENTED_EDGE('',*,*,#11056,.T.);
#11824 = ORIENTED_EDGE('',*,*,#11807,.T.);
#11825 = ORIENTED_EDGE('',*,*,#10964,.F.);
#11826 = ORIENTED_EDGE('',*,*,#11827,.F.);
#11827 = EDGE_CURVE('',#11049,#10957,#11828,.T.);
#11828 = LINE('',#11829,#11830);
#11829 = CARTESIAN_POINT('',(-2.473891419252,-2.68345,0.388385356497));
#11830 = VECTOR('',#11831,1.);
#11831 = DIRECTION('',(1.144237745222E-17,1.,0.));
#11832 = CYLINDRICAL_SURFACE('',#11833,0.47);
#11833 = AXIS2_PLACEMENT_3D('',#11834,#11835,#11836);
#11834 = CARTESIAN_POINT('',(-2.936751063167,-2.68345,0.47));
#11835 = DIRECTION('',(-1.144237745222E-17,-1.,0.));
#11836 = DIRECTION('',(0.984807753012,-1.126854202784E-17,
    -0.173648177667));
#11837 = ADVANCED_FACE('',(#11838),#11844,.F.);
#11838 = FACE_BOUND('',#11839,.F.);
#11839 = EDGE_LOOP('',(#11840,#11841,#11842,#11843));
#11840 = ORIENTED_EDGE('',*,*,#11131,.T.);
#11841 = ORIENTED_EDGE('',*,*,#10956,.T.);
#11842 = ORIENTED_EDGE('',*,*,#11827,.F.);
#11843 = ORIENTED_EDGE('',*,*,#11048,.F.);
#11844 = PLANE('',#11845);
#11845 = AXIS2_PLACEMENT_3D('',#11846,#11847,#11848);
#11846 = CARTESIAN_POINT('',(-2.446961550602,-2.68345,0.599729635533));
#11847 = DIRECTION('',(-0.991979380222,1.135060249332E-17,0.126399799104
    ));
#11848 = DIRECTION('',(-0.126399799104,1.446314211233E-18,
    -0.991979380222));
#11849 = ADVANCED_FACE('',(#11850),#11861,.T.);
#11850 = FACE_BOUND('',#11851,.T.);
#11851 = EDGE_LOOP('',(#11852,#11853,#11854,#11860));
#11852 = ORIENTED_EDGE('',*,*,#11170,.T.);
#11853 = ORIENTED_EDGE('',*,*,#11323,.T.);
#11854 = ORIENTED_EDGE('',*,*,#11855,.F.);
#11855 = EDGE_CURVE('',#11382,#11316,#11856,.T.);
#11856 = LINE('',#11857,#11858);
#11857 = CARTESIAN_POINT('',(-1.641540344923,-3.141540344923,1.7));
#11858 = VECTOR('',#11859,1.);
#11859 = DIRECTION('',(1.,1.110223024625E-16,0.));
#11860 = ORIENTED_EDGE('',*,*,#11381,.F.);
#11861 = B_SPLINE_SURFACE_WITH_KNOTS('',1,1,(
    (#11862,#11863)
    ,(#11864,#11865
    )),.UNSPECIFIED.,.F.,.F.,.F.,(2,2),(2,2),(0.,3.47),(0.,1.),
  .PIECEWISE_BEZIER_KNOTS.);
#11862 = CARTESIAN_POINT('',(-1.735,-3.235,1.035));
#11863 = CARTESIAN_POINT('',(-1.641540344923,-3.141540344923,1.7));
#11864 = CARTESIAN_POINT('',(1.735,-3.235,1.035));
#11865 = CARTESIAN_POINT('',(1.641540344923,-3.141540344923,1.7));
#11866 = ADVANCED_FACE('',(#11867),#11946,.T.);
#11867 = FACE_BOUND('',#11868,.T.);
#11868 = EDGE_LOOP('',(#11869,#11870,#11871,#11880,#11888,#11897,#11905,
    #11913,#11921,#11930,#11938,#11945));
#11869 = ORIENTED_EDGE('',*,*,#11204,.T.);
#11870 = ORIENTED_EDGE('',*,*,#11220,.T.);
#11871 = ORIENTED_EDGE('',*,*,#11872,.T.);
#11872 = EDGE_CURVE('',#11221,#11873,#11875,.T.);
#11873 = VERTEX_POINT('',#11874);
#11874 = CARTESIAN_POINT('',(2.446961550602,-1.15005,0.599729635533));
#11875 = CIRCLE('',#11876,0.2);
#11876 = AXIS2_PLACEMENT_3D('',#11877,#11878,#11879);
#11877 = CARTESIAN_POINT('',(2.25,-1.15005,0.565));
#11878 = DIRECTION('',(-1.110223024625E-16,1.,0.));
#11879 = DIRECTION('',(0.,0.,1.));
#11880 = ORIENTED_EDGE('',*,*,#11881,.T.);
#11881 = EDGE_CURVE('',#11873,#11882,#11884,.T.);
#11882 = VERTEX_POINT('',#11883);
#11883 = CARTESIAN_POINT('',(2.473891419252,-1.15005,0.388385356497));
#11884 = LINE('',#11885,#11886);
#11885 = CARTESIAN_POINT('',(2.446961550602,-1.15005,0.599729635533));
#11886 = VECTOR('',#11887,1.);
#11887 = DIRECTION('',(0.126399799104,1.403319672733E-17,-0.991979380222
    ));
#11888 = ORIENTED_EDGE('',*,*,#11889,.T.);
#11889 = EDGE_CURVE('',#11882,#11890,#11892,.T.);
#11890 = VERTEX_POINT('',#11891);
#11891 = CARTESIAN_POINT('',(2.936751063167,-1.15005,-1.665334536938E-16
    ));
#11892 = CIRCLE('',#11893,0.47);
#11893 = AXIS2_PLACEMENT_3D('',#11894,#11895,#11896);
#11894 = CARTESIAN_POINT('',(2.936751063167,-1.15005,0.47));
#11895 = DIRECTION('',(1.110223024625E-16,-1.,0.));
#11896 = DIRECTION('',(-0.984807753012,-1.093356242223E-16,
    -0.173648177667));
#11897 = ORIENTED_EDGE('',*,*,#11898,.T.);
#11898 = EDGE_CURVE('',#11890,#11899,#11901,.T.);
#11899 = VERTEX_POINT('',#11900);
#11900 = CARTESIAN_POINT('',(3.5,-1.15005,-1.665334536938E-16));
#11901 = LINE('',#11902,#11903);
#11902 = CARTESIAN_POINT('',(2.936751063167,-1.15005,-1.665334536938E-16
    ));
#11903 = VECTOR('',#11904,1.);
#11904 = DIRECTION('',(1.,1.110223024625E-16,0.));
#11905 = ORIENTED_EDGE('',*,*,#11906,.T.);
#11906 = EDGE_CURVE('',#11899,#11907,#11909,.T.);
#11907 = VERTEX_POINT('',#11908);
#11908 = CARTESIAN_POINT('',(3.5,-1.15005,0.27));
#11909 = LINE('',#11910,#11911);
#11910 = CARTESIAN_POINT('',(3.5,-1.15005,-1.665334536938E-16));
#11911 = VECTOR('',#11912,1.);
#11912 = DIRECTION('',(0.,0.,1.));
#11913 = ORIENTED_EDGE('',*,*,#11914,.T.);
#11914 = EDGE_CURVE('',#11907,#11915,#11917,.T.);
#11915 = VERTEX_POINT('',#11916);
#11916 = CARTESIAN_POINT('',(2.936751063167,-1.15005,0.27));
#11917 = LINE('',#11918,#11919);
#11918 = CARTESIAN_POINT('',(3.5,-1.15005,0.27));
#11919 = VECTOR('',#11920,1.);
#11920 = DIRECTION('',(-1.,-1.110223024625E-16,0.));
#11921 = ORIENTED_EDGE('',*,*,#11922,.T.);
#11922 = EDGE_CURVE('',#11915,#11923,#11925,.T.);
#11923 = VERTEX_POINT('',#11924);
#11924 = CARTESIAN_POINT('',(2.739789512565,-1.15005,0.435270364467));
#11925 = CIRCLE('',#11926,0.2);
#11926 = AXIS2_PLACEMENT_3D('',#11927,#11928,#11929);
#11927 = CARTESIAN_POINT('',(2.936751063167,-1.15005,0.47));
#11928 = DIRECTION('',(-1.110223024625E-16,1.,0.));
#11929 = DIRECTION('',(2.22044604925E-15,2.465190328815E-31,-1.));
#11930 = ORIENTED_EDGE('',*,*,#11931,.T.);
#11931 = EDGE_CURVE('',#11923,#11932,#11934,.T.);
#11932 = VERTEX_POINT('',#11933);
#11933 = CARTESIAN_POINT('',(2.712859643916,-1.15005,0.646614643503));
#11934 = LINE('',#11935,#11936);
#11935 = CARTESIAN_POINT('',(2.739789512565,-1.15005,0.435270364467));
#11936 = VECTOR('',#11937,1.);
#11937 = DIRECTION('',(-0.126399799104,-1.403319672733E-17,
    0.991979380222));
#11938 = ORIENTED_EDGE('',*,*,#11939,.T.);
#11939 = EDGE_CURVE('',#11932,#11268,#11940,.T.);
#11940 = CIRCLE('',#11941,0.47);
#11941 = AXIS2_PLACEMENT_3D('',#11942,#11943,#11944);
#11942 = CARTESIAN_POINT('',(2.25,-1.15005,0.565));
#11943 = DIRECTION('',(1.110223024625E-16,-1.,0.));
#11944 = DIRECTION('',(0.984807753012,1.093356242223E-16,0.173648177667)
  );
#11945 = ORIENTED_EDGE('',*,*,#11277,.T.);
#11946 = PLANE('',#11947);
#11947 = AXIS2_PLACEMENT_3D('',#11948,#11949,#11950);
#11948 = CARTESIAN_POINT('',(2.606989201797,-1.15005,0.512419776725));
#11949 = DIRECTION('',(1.110223024625E-16,-1.,0.));
#11950 = DIRECTION('',(0.,0.,1.));
#11951 = ADVANCED_FACE('',(#11952),#12031,.F.);
#11952 = FACE_BOUND('',#11953,.F.);
#11953 = EDGE_LOOP('',(#11954,#11955,#11956,#11965,#11973,#11982,#11990,
    #11998,#12006,#12015,#12023,#12030));
#11954 = ORIENTED_EDGE('',*,*,#11250,.T.);
#11955 = ORIENTED_EDGE('',*,*,#11236,.T.);
#11956 = ORIENTED_EDGE('',*,*,#11957,.T.);
#11957 = EDGE_CURVE('',#11229,#11958,#11960,.T.);
#11958 = VERTEX_POINT('',#11959);
#11959 = CARTESIAN_POINT('',(2.446961550602,1.15005,0.599729635533));
#11960 = CIRCLE('',#11961,0.2);
#11961 = AXIS2_PLACEMENT_3D('',#11962,#11963,#11964);
#11962 = CARTESIAN_POINT('',(2.25,1.15005,0.565));
#11963 = DIRECTION('',(-1.110223024625E-16,1.,0.));
#11964 = DIRECTION('',(0.,0.,1.));
#11965 = ORIENTED_EDGE('',*,*,#11966,.T.);
#11966 = EDGE_CURVE('',#11958,#11967,#11969,.T.);
#11967 = VERTEX_POINT('',#11968);
#11968 = CARTESIAN_POINT('',(2.473891419252,1.15005,0.388385356497));
#11969 = LINE('',#11970,#11971);
#11970 = CARTESIAN_POINT('',(2.446961550602,1.15005,0.599729635533));
#11971 = VECTOR('',#11972,1.);
#11972 = DIRECTION('',(0.126399799104,1.403319672733E-17,-0.991979380222
    ));
#11973 = ORIENTED_EDGE('',*,*,#11974,.T.);
#11974 = EDGE_CURVE('',#11967,#11975,#11977,.T.);
#11975 = VERTEX_POINT('',#11976);
#11976 = CARTESIAN_POINT('',(2.936751063167,1.15005,-1.665334536938E-16)
  );
#11977 = CIRCLE('',#11978,0.47);
#11978 = AXIS2_PLACEMENT_3D('',#11979,#11980,#11981);
#11979 = CARTESIAN_POINT('',(2.936751063167,1.15005,0.47));
#11980 = DIRECTION('',(1.110223024625E-16,-1.,0.));
#11981 = DIRECTION('',(-0.984807753012,-1.093356242223E-16,
    -0.173648177667));
#11982 = ORIENTED_EDGE('',*,*,#11983,.T.);
#11983 = EDGE_CURVE('',#11975,#11984,#11986,.T.);
#11984 = VERTEX_POINT('',#11985);
#11985 = CARTESIAN_POINT('',(3.5,1.15005,-1.665334536938E-16));
#11986 = LINE('',#11987,#11988);
#11987 = CARTESIAN_POINT('',(2.936751063167,1.15005,-1.665334536938E-16)
  );
#11988 = VECTOR('',#11989,1.);
#11989 = DIRECTION('',(1.,1.110223024625E-16,0.));
#11990 = ORIENTED_EDGE('',*,*,#11991,.T.);
#11991 = EDGE_CURVE('',#11984,#11992,#11994,.T.);
#11992 = VERTEX_POINT('',#11993);
#11993 = CARTESIAN_POINT('',(3.5,1.15005,0.27));
#11994 = LINE('',#11995,#11996);
#11995 = CARTESIAN_POINT('',(3.5,1.15005,-1.665334536938E-16));
#11996 = VECTOR('',#11997,1.);
#11997 = DIRECTION('',(0.,0.,1.));
#11998 = ORIENTED_EDGE('',*,*,#11999,.T.);
#11999 = EDGE_CURVE('',#11992,#12000,#12002,.T.);
#12000 = VERTEX_POINT('',#12001);
#12001 = CARTESIAN_POINT('',(2.936751063167,1.15005,0.27));
#12002 = LINE('',#12003,#12004);
#12003 = CARTESIAN_POINT('',(3.5,1.15005,0.27));
#12004 = VECTOR('',#12005,1.);
#12005 = DIRECTION('',(-1.,-1.110223024625E-16,0.));
#12006 = ORIENTED_EDGE('',*,*,#12007,.T.);
#12007 = EDGE_CURVE('',#12000,#12008,#12010,.T.);
#12008 = VERTEX_POINT('',#12009);
#12009 = CARTESIAN_POINT('',(2.739789512565,1.15005,0.435270364467));
#12010 = CIRCLE('',#12011,0.2);
#12011 = AXIS2_PLACEMENT_3D('',#12012,#12013,#12014);
#12012 = CARTESIAN_POINT('',(2.936751063167,1.15005,0.47));
#12013 = DIRECTION('',(-1.110223024625E-16,1.,0.));
#12014 = DIRECTION('',(2.22044604925E-15,2.465190328815E-31,-1.));
#12015 = ORIENTED_EDGE('',*,*,#12016,.T.);
#12016 = EDGE_CURVE('',#12008,#12017,#12019,.T.);
#12017 = VERTEX_POINT('',#12018);
#12018 = CARTESIAN_POINT('',(2.712859643916,1.15005,0.646614643503));
#12019 = LINE('',#12020,#12021);
#12020 = CARTESIAN_POINT('',(2.739789512565,1.15005,0.435270364467));
#12021 = VECTOR('',#12022,1.);
#12022 = DIRECTION('',(-0.126399799104,-1.403319672733E-17,
    0.991979380222));
#12023 = ORIENTED_EDGE('',*,*,#12024,.T.);
#12024 = EDGE_CURVE('',#12017,#11270,#12025,.T.);
#12025 = CIRCLE('',#12026,0.47);
#12026 = AXIS2_PLACEMENT_3D('',#12027,#12028,#12029);
#12027 = CARTESIAN_POINT('',(2.25,1.15005,0.565));
#12028 = DIRECTION('',(1.110223024625E-16,-1.,0.));
#12029 = DIRECTION('',(0.984807753012,1.093356242223E-16,0.173648177667)
  );
#12030 = ORIENTED_EDGE('',*,*,#11291,.T.);
#12031 = PLANE('',#12032);
#12032 = AXIS2_PLACEMENT_3D('',#12033,#12034,#12035);
#12033 = CARTESIAN_POINT('',(2.606989201797,1.15005,0.512419776725));
#12034 = DIRECTION('',(1.110223024625E-16,-1.,0.));
#12035 = DIRECTION('',(0.,0.,1.));
#12036 = ADVANCED_FACE('',(#12037),#12048,.F.);
#12037 = FACE_BOUND('',#12038,.F.);
#12038 = EDGE_LOOP('',(#12039,#12040,#12046,#12047));
#12039 = ORIENTED_EDGE('',*,*,#11872,.T.);
#12040 = ORIENTED_EDGE('',*,*,#12041,.F.);
#12041 = EDGE_CURVE('',#11958,#11873,#12042,.T.);
#12042 = LINE('',#12043,#12044);
#12043 = CARTESIAN_POINT('',(2.446961550602,1.15005,0.599729635533));
#12044 = VECTOR('',#12045,1.);
#12045 = DIRECTION('',(1.110223024625E-16,-1.,0.));
#12046 = ORIENTED_EDGE('',*,*,#11957,.F.);
#12047 = ORIENTED_EDGE('',*,*,#11228,.T.);
#12048 = CYLINDRICAL_SURFACE('',#12049,0.2);
#12049 = AXIS2_PLACEMENT_3D('',#12050,#12051,#12052);
#12050 = CARTESIAN_POINT('',(2.25,-0.38335,0.565));
#12051 = DIRECTION('',(-1.110223024625E-16,1.,0.));
#12052 = DIRECTION('',(0.,0.,1.));
#12053 = ADVANCED_FACE('',(#12054),#12065,.T.);
#12054 = FACE_BOUND('',#12055,.T.);
#12055 = EDGE_LOOP('',(#12056,#12062,#12063,#12064));
#12056 = ORIENTED_EDGE('',*,*,#12057,.F.);
#12057 = EDGE_CURVE('',#12017,#11932,#12058,.T.);
#12058 = LINE('',#12059,#12060);
#12059 = CARTESIAN_POINT('',(2.712859643916,1.15005,0.646614643503));
#12060 = VECTOR('',#12061,1.);
#12061 = DIRECTION('',(1.110223024625E-16,-1.,0.));
#12062 = ORIENTED_EDGE('',*,*,#12024,.T.);
#12063 = ORIENTED_EDGE('',*,*,#11267,.F.);
#12064 = ORIENTED_EDGE('',*,*,#11939,.F.);
#12065 = CYLINDRICAL_SURFACE('',#12066,0.47);
#12066 = AXIS2_PLACEMENT_3D('',#12067,#12068,#12069);
#12067 = CARTESIAN_POINT('',(2.25,-0.38335,0.565));
#12068 = DIRECTION('',(-1.110223024625E-16,1.,0.));
#12069 = DIRECTION('',(0.984807753012,1.093356242223E-16,0.173648177667)
  );
#12070 = ADVANCED_FACE('',(#12071,#12077),#12088,.F.);
#12071 = FACE_BOUND('',#12072,.F.);
#12072 = EDGE_LOOP('',(#12073,#12074,#12075,#12076));
#12073 = ORIENTED_EDGE('',*,*,#11388,.F.);
#12074 = ORIENTED_EDGE('',*,*,#11344,.F.);
#12075 = ORIENTED_EDGE('',*,*,#11315,.F.);
#12076 = ORIENTED_EDGE('',*,*,#11855,.F.);
#12077 = FACE_BOUND('',#12078,.F.);
#12078 = EDGE_LOOP('',(#12079));
#12079 = ORIENTED_EDGE('',*,*,#12080,.F.);
#12080 = EDGE_CURVE('',#12081,#12081,#12083,.T.);
#12081 = VERTEX_POINT('',#12082);
#12082 = CARTESIAN_POINT('',(-1.441540344923,2.891540344923,1.7));
#12083 = CIRCLE('',#12084,5.E-02);
#12084 = AXIS2_PLACEMENT_3D('',#12085,#12086,#12087);
#12085 = CARTESIAN_POINT('',(-1.441540344923,2.941540344923,1.7));
#12086 = DIRECTION('',(0.,-0.,-1.));
#12087 = DIRECTION('',(1.110223024625E-16,-1.,0.));
#12088 = PLANE('',#12089);
#12089 = AXIS2_PLACEMENT_3D('',#12090,#12091,#12092);
#12090 = CARTESIAN_POINT('',(-1.641540344923,3.141540344923,1.7));
#12091 = DIRECTION('',(0.,0.,-1.));
#12092 = DIRECTION('',(0.463114948424,-0.886298225512,0.));
#12093 = ADVANCED_FACE('',(#12094),#12105,.F.);
#12094 = FACE_BOUND('',#12095,.F.);
#12095 = EDGE_LOOP('',(#12096,#12097,#12098,#12099));
#12096 = ORIENTED_EDGE('',*,*,#11931,.T.);
#12097 = ORIENTED_EDGE('',*,*,#12057,.F.);
#12098 = ORIENTED_EDGE('',*,*,#12016,.F.);
#12099 = ORIENTED_EDGE('',*,*,#12100,.T.);
#12100 = EDGE_CURVE('',#12008,#11923,#12101,.T.);
#12101 = LINE('',#12102,#12103);
#12102 = CARTESIAN_POINT('',(2.739789512565,1.15005,0.435270364467));
#12103 = VECTOR('',#12104,1.);
#12104 = DIRECTION('',(1.110223024625E-16,-1.,0.));
#12105 = PLANE('',#12106);
#12106 = AXIS2_PLACEMENT_3D('',#12107,#12108,#12109);
#12107 = CARTESIAN_POINT('',(2.739789512565,-0.38335,0.435270364467));
#12108 = DIRECTION('',(-0.991979380222,-1.101318347876E-16,
    -0.126399799104));
#12109 = DIRECTION('',(-0.126399799104,-1.403319672733E-17,
    0.991979380222));
#12110 = ADVANCED_FACE('',(#12111),#12122,.F.);
#12111 = FACE_BOUND('',#12112,.F.);
#12112 = EDGE_LOOP('',(#12113,#12114,#12115,#12116));
#12113 = ORIENTED_EDGE('',*,*,#11922,.T.);
#12114 = ORIENTED_EDGE('',*,*,#12100,.F.);
#12115 = ORIENTED_EDGE('',*,*,#12007,.F.);
#12116 = ORIENTED_EDGE('',*,*,#12117,.T.);
#12117 = EDGE_CURVE('',#12000,#11915,#12118,.T.);
#12118 = LINE('',#12119,#12120);
#12119 = CARTESIAN_POINT('',(2.936751063167,1.15005,0.27));
#12120 = VECTOR('',#12121,1.);
#12121 = DIRECTION('',(1.110223024625E-16,-1.,0.));
#12122 = CYLINDRICAL_SURFACE('',#12123,0.2);
#12123 = AXIS2_PLACEMENT_3D('',#12124,#12125,#12126);
#12124 = CARTESIAN_POINT('',(2.936751063167,-0.38335,0.47));
#12125 = DIRECTION('',(-1.110223024625E-16,1.,0.));
#12126 = DIRECTION('',(2.22044604925E-15,2.465190328815E-31,-1.));
#12127 = ADVANCED_FACE('',(#12128),#12139,.F.);
#12128 = FACE_BOUND('',#12129,.F.);
#12129 = EDGE_LOOP('',(#12130,#12131,#12132,#12133));
#12130 = ORIENTED_EDGE('',*,*,#11914,.T.);
#12131 = ORIENTED_EDGE('',*,*,#12117,.F.);
#12132 = ORIENTED_EDGE('',*,*,#11999,.F.);
#12133 = ORIENTED_EDGE('',*,*,#12134,.T.);
#12134 = EDGE_CURVE('',#11992,#11907,#12135,.T.);
#12135 = LINE('',#12136,#12137);
#12136 = CARTESIAN_POINT('',(3.5,1.15005,0.27));
#12137 = VECTOR('',#12138,1.);
#12138 = DIRECTION('',(1.110223024625E-16,-1.,0.));
#12139 = PLANE('',#12140);
#12140 = AXIS2_PLACEMENT_3D('',#12141,#12142,#12143);
#12141 = CARTESIAN_POINT('',(3.5,-0.38335,0.27));
#12142 = DIRECTION('',(0.,0.,-1.));
#12143 = DIRECTION('',(-1.,-1.110223024625E-16,-0.));
#12144 = ADVANCED_FACE('',(#12145),#12156,.F.);
#12145 = FACE_BOUND('',#12146,.F.);
#12146 = EDGE_LOOP('',(#12147,#12148,#12149,#12150));
#12147 = ORIENTED_EDGE('',*,*,#11906,.T.);
#12148 = ORIENTED_EDGE('',*,*,#12134,.F.);
#12149 = ORIENTED_EDGE('',*,*,#11991,.F.);
#12150 = ORIENTED_EDGE('',*,*,#12151,.T.);
#12151 = EDGE_CURVE('',#11984,#11899,#12152,.T.);
#12152 = LINE('',#12153,#12154);
#12153 = CARTESIAN_POINT('',(3.5,1.15005,-1.665334536938E-16));
#12154 = VECTOR('',#12155,1.);
#12155 = DIRECTION('',(1.110223024625E-16,-1.,0.));
#12156 = PLANE('',#12157);
#12157 = AXIS2_PLACEMENT_3D('',#12158,#12159,#12160);
#12158 = CARTESIAN_POINT('',(3.5,-0.38335,-1.665334536938E-16));
#12159 = DIRECTION('',(-1.,-1.110223024625E-16,0.));
#12160 = DIRECTION('',(0.,0.,1.));
#12161 = ADVANCED_FACE('',(#12162),#12173,.F.);
#12162 = FACE_BOUND('',#12163,.F.);
#12163 = EDGE_LOOP('',(#12164,#12165,#12166,#12167));
#12164 = ORIENTED_EDGE('',*,*,#11898,.T.);
#12165 = ORIENTED_EDGE('',*,*,#12151,.F.);
#12166 = ORIENTED_EDGE('',*,*,#11983,.F.);
#12167 = ORIENTED_EDGE('',*,*,#12168,.T.);
#12168 = EDGE_CURVE('',#11975,#11890,#12169,.T.);
#12169 = LINE('',#12170,#12171);
#12170 = CARTESIAN_POINT('',(2.936751063167,1.15005,-1.665334536938E-16)
  );
#12171 = VECTOR('',#12172,1.);
#12172 = DIRECTION('',(1.110223024625E-16,-1.,0.));
#12173 = PLANE('',#12174);
#12174 = AXIS2_PLACEMENT_3D('',#12175,#12176,#12177);
#12175 = CARTESIAN_POINT('',(2.936751063167,-0.38335,-1.665334536938E-16
    ));
#12176 = DIRECTION('',(0.,0.,1.));
#12177 = DIRECTION('',(1.,1.110223024625E-16,-0.));
#12178 = ADVANCED_FACE('',(#12179),#12190,.T.);
#12179 = FACE_BOUND('',#12180,.T.);
#12180 = EDGE_LOOP('',(#12181,#12187,#12188,#12189));
#12181 = ORIENTED_EDGE('',*,*,#12182,.F.);
#12182 = EDGE_CURVE('',#11967,#11882,#12183,.T.);
#12183 = LINE('',#12184,#12185);
#12184 = CARTESIAN_POINT('',(2.473891419252,1.15005,0.388385356497));
#12185 = VECTOR('',#12186,1.);
#12186 = DIRECTION('',(1.110223024625E-16,-1.,0.));
#12187 = ORIENTED_EDGE('',*,*,#11974,.T.);
#12188 = ORIENTED_EDGE('',*,*,#12168,.T.);
#12189 = ORIENTED_EDGE('',*,*,#11889,.F.);
#12190 = CYLINDRICAL_SURFACE('',#12191,0.47);
#12191 = AXIS2_PLACEMENT_3D('',#12192,#12193,#12194);
#12192 = CARTESIAN_POINT('',(2.936751063167,-0.38335,0.47));
#12193 = DIRECTION('',(-1.110223024625E-16,1.,0.));
#12194 = DIRECTION('',(-0.984807753012,-1.093356242223E-16,
    -0.173648177667));
#12195 = ADVANCED_FACE('',(#12196),#12202,.F.);
#12196 = FACE_BOUND('',#12197,.F.);
#12197 = EDGE_LOOP('',(#12198,#12199,#12200,#12201));
#12198 = ORIENTED_EDGE('',*,*,#11881,.T.);
#12199 = ORIENTED_EDGE('',*,*,#12182,.F.);
#12200 = ORIENTED_EDGE('',*,*,#11966,.F.);
#12201 = ORIENTED_EDGE('',*,*,#12041,.T.);
#12202 = PLANE('',#12203);
#12203 = AXIS2_PLACEMENT_3D('',#12204,#12205,#12206);
#12204 = CARTESIAN_POINT('',(2.446961550602,-0.38335,0.599729635533));
#12205 = DIRECTION('',(0.991979380222,1.101318347876E-16,0.126399799104)
  );
#12206 = DIRECTION('',(0.126399799104,1.403319672733E-17,-0.991979380222
    ));
#12207 = ADVANCED_FACE('',(#12208),#12209,.F.);
#12208 = FACE_BOUND('',#12078,.T.);
#12209 = PLANE('',#12210);
#12210 = AXIS2_PLACEMENT_3D('',#12211,#12212,#12213);
#12211 = CARTESIAN_POINT('',(-1.441540344923,2.941540344923,1.7));
#12212 = DIRECTION('',(0.,0.,-1.));
#12213 = DIRECTION('',(1.110223024625E-16,-1.,0.));
#12214 = ( GEOMETRIC_REPRESENTATION_CONTEXT(3) 
GLOBAL_UNCERTAINTY_ASSIGNED_CONTEXT((#12218)) 
GLOBAL_UNIT_ASSIGNED_CONTEXT((#12215,#12216,#12217)) 
REPRESENTATION_CONTEXT('Context #1',
  '3D Context with UNIT and UNCERTAINTY') );
#12215 = ( LENGTH_UNIT() NAMED_UNIT(*) SI_UNIT(.MILLI.,.METRE.) );
#12216 = ( NAMED_UNIT(*) PLANE_ANGLE_UNIT() SI_UNIT($,.RADIAN.) );
#12217 = ( NAMED_UNIT(*) SI_UNIT($,.STERADIAN.) SOLID_ANGLE_UNIT() );
#12218 = UNCERTAINTY_MEASURE_WITH_UNIT(LENGTH_MEASURE(1.E-07),#12215,
  'distance_accuracy_value','confusion accuracy');
#12219 = CONTEXT_DEPENDENT_SHAPE_REPRESENTATION(#12220,#12222);
#12220 = ( REPRESENTATION_RELATIONSHIP('','',#9961,#10) 
REPRESENTATION_RELATIONSHIP_WITH_TRANSFORMATION(#12221) 
SHAPE_REPRESENTATION_RELATIONSHIP() );
#12221 = ITEM_DEFINED_TRANSFORMATION('','',#11,#55);
#12222 = PRODUCT_DEFINITION_SHAPE('Placement','Placement of an item',
  #12223);
#12223 = NEXT_ASSEMBLY_USAGE_OCCURRENCE('11','U4','',#5,#9956,$);
#12224 = PRODUCT_RELATED_PRODUCT_CATEGORY('part',$,(#9958));
#12225 = SHAPE_DEFINITION_REPRESENTATION(#12226,#12232);
#12226 = PRODUCT_DEFINITION_SHAPE('','',#12227);
#12227 = PRODUCT_DEFINITION('design','',#12228,#12231);
#12228 = PRODUCT_DEFINITION_FORMATION('','',#12229);
#12229 = PRODUCT('PinHeader_1x04_P2.54mm_Vertical',
  'PinHeader_1x04_P2.54mm_Vertical','',(#12230));
#12230 = PRODUCT_CONTEXT('',#2,'mechanical');
#12231 = PRODUCT_DEFINITION_CONTEXT('part definition',#2,'design');
#12232 = ADVANCED_BREP_SHAPE_REPRESENTATION('',(#11,#12233),#15013);
#12233 = MANIFOLD_SOLID_BREP('',#12234);
#12234 = CLOSED_SHELL('',(#12235,#12275,#12306,#12337,#12666,#12995,
    #13012,#13029,#13046,#13063,#13080,#13097,#13114,#13131,#13148,
    #13165,#13182,#13199,#13216,#13233,#13250,#13267,#13284,#13301,
    #13318,#13335,#13352,#13369,#13381,#13412,#13436,#13460,#13477,
    #13508,#13532,#13556,#13573,#13604,#13628,#13652,#13669,#13700,
    #13724,#13748,#13765,#13796,#13820,#13844,#13861,#13892,#13916,
    #13940,#13957,#13988,#14012,#14036,#14053,#14084,#14108,#14132,
    #14149,#14180,#14204,#14228,#14245,#14276,#14300,#14324,#14341,
    #14372,#14396,#14420,#14437,#14468,#14492,#14516,#14533,#14564,
    #14588,#14612,#14629,#14660,#14684,#14708,#14725,#14756,#14780,
    #14804,#14821,#14852,#14876,#14900,#14917,#14929,#14941,#14953,
    #14965,#14977,#14989,#15001));
#12235 = ADVANCED_FACE('',(#12236),#12270,.F.);
#12236 = FACE_BOUND('',#12237,.F.);
#12237 = EDGE_LOOP('',(#12238,#12248,#12256,#12264));
#12238 = ORIENTED_EDGE('',*,*,#12239,.T.);
#12239 = EDGE_CURVE('',#12240,#12242,#12244,.T.);
#12240 = VERTEX_POINT('',#12241);
#12241 = CARTESIAN_POINT('',(-1.016,1.27,0.));
#12242 = VERTEX_POINT('',#12243);
#12243 = CARTESIAN_POINT('',(-1.016,1.27,2.54));
#12244 = LINE('',#12245,#12246);
#12245 = CARTESIAN_POINT('',(-1.016,1.27,0.));
#12246 = VECTOR('',#12247,1.);
#12247 = DIRECTION('',(0.,0.,1.));
#12248 = ORIENTED_EDGE('',*,*,#12249,.T.);
#12249 = EDGE_CURVE('',#12242,#12250,#12252,.T.);
#12250 = VERTEX_POINT('',#12251);
#12251 = CARTESIAN_POINT('',(-1.27,1.016,2.54));
#12252 = LINE('',#12253,#12254);
#12253 = CARTESIAN_POINT('',(-1.016,1.27,2.54));
#12254 = VECTOR('',#12255,1.);
#12255 = DIRECTION('',(-0.707106781187,-0.707106781187,0.));
#12256 = ORIENTED_EDGE('',*,*,#12257,.F.);
#12257 = EDGE_CURVE('',#12258,#12250,#12260,.T.);
#12258 = VERTEX_POINT('',#12259);
#12259 = CARTESIAN_POINT('',(-1.27,1.016,0.));
#12260 = LINE('',#12261,#12262);
#12261 = CARTESIAN_POINT('',(-1.27,1.016,0.));
#12262 = VECTOR('',#12263,1.);
#12263 = DIRECTION('',(0.,0.,1.));
#12264 = ORIENTED_EDGE('',*,*,#12265,.F.);
#12265 = EDGE_CURVE('',#12240,#12258,#12266,.T.);
#12266 = LINE('',#12267,#12268);
#12267 = CARTESIAN_POINT('',(-1.016,1.27,0.));
#12268 = VECTOR('',#12269,1.);
#12269 = DIRECTION('',(-0.707106781187,-0.707106781187,0.));
#12270 = PLANE('',#12271);
#12271 = AXIS2_PLACEMENT_3D('',#12272,#12273,#12274);
#12272 = CARTESIAN_POINT('',(-1.016,1.27,0.));
#12273 = DIRECTION('',(0.707106781187,-0.707106781187,0.));
#12274 = DIRECTION('',(-0.707106781187,-0.707106781187,0.));
#12275 = ADVANCED_FACE('',(#12276),#12301,.F.);
#12276 = FACE_BOUND('',#12277,.F.);
#12277 = EDGE_LOOP('',(#12278,#12288,#12294,#12295));
#12278 = ORIENTED_EDGE('',*,*,#12279,.T.);
#12279 = EDGE_CURVE('',#12280,#12282,#12284,.T.);
#12280 = VERTEX_POINT('',#12281);
#12281 = CARTESIAN_POINT('',(1.016,1.27,0.));
#12282 = VERTEX_POINT('',#12283);
#12283 = CARTESIAN_POINT('',(1.016,1.27,2.54));
#12284 = LINE('',#12285,#12286);
#12285 = CARTESIAN_POINT('',(1.016,1.27,0.));
#12286 = VECTOR('',#12287,1.);
#12287 = DIRECTION('',(0.,0.,1.));
#12288 = ORIENTED_EDGE('',*,*,#12289,.T.);
#12289 = EDGE_CURVE('',#12282,#12242,#12290,.T.);
#12290 = LINE('',#12291,#12292);
#12291 = CARTESIAN_POINT('',(1.016,1.27,2.54));
#12292 = VECTOR('',#12293,1.);
#12293 = DIRECTION('',(-1.,0.,0.));
#12294 = ORIENTED_EDGE('',*,*,#12239,.F.);
#12295 = ORIENTED_EDGE('',*,*,#12296,.F.);
#12296 = EDGE_CURVE('',#12280,#12240,#12297,.T.);
#12297 = LINE('',#12298,#12299);
#12298 = CARTESIAN_POINT('',(1.016,1.27,0.));
#12299 = VECTOR('',#12300,1.);
#12300 = DIRECTION('',(-1.,0.,0.));
#12301 = PLANE('',#12302);
#12302 = AXIS2_PLACEMENT_3D('',#12303,#12304,#12305);
#12303 = CARTESIAN_POINT('',(1.016,1.27,0.));
#12304 = DIRECTION('',(0.,-1.,0.));
#12305 = DIRECTION('',(-1.,0.,0.));
#12306 = ADVANCED_FACE('',(#12307),#12332,.F.);
#12307 = FACE_BOUND('',#12308,.F.);
#12308 = EDGE_LOOP('',(#12309,#12310,#12318,#12326));
#12309 = ORIENTED_EDGE('',*,*,#12257,.T.);
#12310 = ORIENTED_EDGE('',*,*,#12311,.T.);
#12311 = EDGE_CURVE('',#12250,#12312,#12314,.T.);
#12312 = VERTEX_POINT('',#12313);
#12313 = CARTESIAN_POINT('',(-1.27,-1.016,2.54));
#12314 = LINE('',#12315,#12316);
#12315 = CARTESIAN_POINT('',(-1.27,1.016,2.54));
#12316 = VECTOR('',#12317,1.);
#12317 = DIRECTION('',(0.,-1.,0.));
#12318 = ORIENTED_EDGE('',*,*,#12319,.F.);
#12319 = EDGE_CURVE('',#12320,#12312,#12322,.T.);
#12320 = VERTEX_POINT('',#12321);
#12321 = CARTESIAN_POINT('',(-1.27,-1.016,0.));
#12322 = LINE('',#12323,#12324);
#12323 = CARTESIAN_POINT('',(-1.27,-1.016,0.));
#12324 = VECTOR('',#12325,1.);
#12325 = DIRECTION('',(0.,0.,1.));
#12326 = ORIENTED_EDGE('',*,*,#12327,.F.);
#12327 = EDGE_CURVE('',#12258,#12320,#12328,.T.);
#12328 = LINE('',#12329,#12330);
#12329 = CARTESIAN_POINT('',(-1.27,1.016,0.));
#12330 = VECTOR('',#12331,1.);
#12331 = DIRECTION('',(0.,-1.,0.));
#12332 = PLANE('',#12333);
#12333 = AXIS2_PLACEMENT_3D('',#12334,#12335,#12336);
#12334 = CARTESIAN_POINT('',(-1.27,1.016,0.));
#12335 = DIRECTION('',(1.,0.,0.));
#12336 = DIRECTION('',(0.,-1.,0.));
#12337 = ADVANCED_FACE('',(#12338,#12525,#12559,#12593,#12627),#12661,
  .F.);
#12338 = FACE_BOUND('',#12339,.F.);
#12339 = EDGE_LOOP('',(#12340,#12341,#12342,#12350,#12358,#12366,#12374,
    #12382,#12390,#12398,#12406,#12414,#12422,#12430,#12438,#12446,
    #12454,#12462,#12470,#12478,#12486,#12494,#12502,#12510,#12518,
    #12524));
#12340 = ORIENTED_EDGE('',*,*,#12265,.T.);
#12341 = ORIENTED_EDGE('',*,*,#12327,.T.);
#12342 = ORIENTED_EDGE('',*,*,#12343,.T.);
#12343 = EDGE_CURVE('',#12320,#12344,#12346,.T.);
#12344 = VERTEX_POINT('',#12345);
#12345 = CARTESIAN_POINT('',(-1.016,-1.27,0.));
#12346 = LINE('',#12347,#12348);
#12347 = CARTESIAN_POINT('',(-1.27,-1.016,0.));
#12348 = VECTOR('',#12349,1.);
#12349 = DIRECTION('',(0.707106781187,-0.707106781187,0.));
#12350 = ORIENTED_EDGE('',*,*,#12351,.T.);
#12351 = EDGE_CURVE('',#12344,#12352,#12354,.T.);
#12352 = VERTEX_POINT('',#12353);
#12353 = CARTESIAN_POINT('',(-1.27,-1.524,0.));
#12354 = LINE('',#12355,#12356);
#12355 = CARTESIAN_POINT('',(-1.016,-1.27,0.));
#12356 = VECTOR('',#12357,1.);
#12357 = DIRECTION('',(-0.707106781187,-0.707106781187,0.));
#12358 = ORIENTED_EDGE('',*,*,#12359,.T.);
#12359 = EDGE_CURVE('',#12352,#12360,#12362,.T.);
#12360 = VERTEX_POINT('',#12361);
#12361 = CARTESIAN_POINT('',(-1.27,-3.556,0.));
#12362 = LINE('',#12363,#12364);
#12363 = CARTESIAN_POINT('',(-1.27,-1.524,0.));
#12364 = VECTOR('',#12365,1.);
#12365 = DIRECTION('',(0.,-1.,0.));
#12366 = ORIENTED_EDGE('',*,*,#12367,.T.);
#12367 = EDGE_CURVE('',#12360,#12368,#12370,.T.);
#12368 = VERTEX_POINT('',#12369);
#12369 = CARTESIAN_POINT('',(-1.016,-3.81,0.));
#12370 = LINE('',#12371,#12372);
#12371 = CARTESIAN_POINT('',(-1.27,-3.556,0.));
#12372 = VECTOR('',#12373,1.);
#12373 = DIRECTION('',(0.707106781187,-0.707106781187,0.));
#12374 = ORIENTED_EDGE('',*,*,#12375,.T.);
#12375 = EDGE_CURVE('',#12368,#12376,#12378,.T.);
#12376 = VERTEX_POINT('',#12377);
#12377 = CARTESIAN_POINT('',(-1.27,-4.064,0.));
#12378 = LINE('',#12379,#12380);
#12379 = CARTESIAN_POINT('',(-1.016,-3.81,0.));
#12380 = VECTOR('',#12381,1.);
#12381 = DIRECTION('',(-0.707106781187,-0.707106781187,0.));
#12382 = ORIENTED_EDGE('',*,*,#12383,.T.);
#12383 = EDGE_CURVE('',#12376,#12384,#12386,.T.);
#12384 = VERTEX_POINT('',#12385);
#12385 = CARTESIAN_POINT('',(-1.27,-6.096,0.));
#12386 = LINE('',#12387,#12388);
#12387 = CARTESIAN_POINT('',(-1.27,-4.064,0.));
#12388 = VECTOR('',#12389,1.);
#12389 = DIRECTION('',(0.,-1.,0.));
#12390 = ORIENTED_EDGE('',*,*,#12391,.T.);
#12391 = EDGE_CURVE('',#12384,#12392,#12394,.T.);
#12392 = VERTEX_POINT('',#12393);
#12393 = CARTESIAN_POINT('',(-1.016,-6.35,0.));
#12394 = LINE('',#12395,#12396);
#12395 = CARTESIAN_POINT('',(-1.27,-6.096,0.));
#12396 = VECTOR('',#12397,1.);
#12397 = DIRECTION('',(0.707106781187,-0.707106781187,0.));
#12398 = ORIENTED_EDGE('',*,*,#12399,.T.);
#12399 = EDGE_CURVE('',#12392,#12400,#12402,.T.);
#12400 = VERTEX_POINT('',#12401);
#12401 = CARTESIAN_POINT('',(-1.27,-6.604,0.));
#12402 = LINE('',#12403,#12404);
#12403 = CARTESIAN_POINT('',(-1.016,-6.35,0.));
#12404 = VECTOR('',#12405,1.);
#12405 = DIRECTION('',(-0.707106781187,-0.707106781187,0.));
#12406 = ORIENTED_EDGE('',*,*,#12407,.T.);
#12407 = EDGE_CURVE('',#12400,#12408,#12410,.T.);
#12408 = VERTEX_POINT('',#12409);
#12409 = CARTESIAN_POINT('',(-1.27,-8.636,0.));
#12410 = LINE('',#12411,#12412);
#12411 = CARTESIAN_POINT('',(-1.27,-6.604,0.));
#12412 = VECTOR('',#12413,1.);
#12413 = DIRECTION('',(0.,-1.,0.));
#12414 = ORIENTED_EDGE('',*,*,#12415,.T.);
#12415 = EDGE_CURVE('',#12408,#12416,#12418,.T.);
#12416 = VERTEX_POINT('',#12417);
#12417 = CARTESIAN_POINT('',(-1.016,-8.89,0.));
#12418 = LINE('',#12419,#12420);
#12419 = CARTESIAN_POINT('',(-1.27,-8.636,0.));
#12420 = VECTOR('',#12421,1.);
#12421 = DIRECTION('',(0.707106781187,-0.707106781187,0.));
#12422 = ORIENTED_EDGE('',*,*,#12423,.T.);
#12423 = EDGE_CURVE('',#12416,#12424,#12426,.T.);
#12424 = VERTEX_POINT('',#12425);
#12425 = CARTESIAN_POINT('',(1.016,-8.89,0.));
#12426 = LINE('',#12427,#12428);
#12427 = CARTESIAN_POINT('',(-1.016,-8.89,0.));
#12428 = VECTOR('',#12429,1.);
#12429 = DIRECTION('',(1.,0.,0.));
#12430 = ORIENTED_EDGE('',*,*,#12431,.T.);
#12431 = EDGE_CURVE('',#12424,#12432,#12434,.T.);
#12432 = VERTEX_POINT('',#12433);
#12433 = CARTESIAN_POINT('',(1.27,-8.636,0.));
#12434 = LINE('',#12435,#12436);
#12435 = CARTESIAN_POINT('',(1.016,-8.89,0.));
#12436 = VECTOR('',#12437,1.);
#12437 = DIRECTION('',(0.707106781187,0.707106781187,0.));
#12438 = ORIENTED_EDGE('',*,*,#12439,.T.);
#12439 = EDGE_CURVE('',#12432,#12440,#12442,.T.);
#12440 = VERTEX_POINT('',#12441);
#12441 = CARTESIAN_POINT('',(1.27,-6.604,0.));
#12442 = LINE('',#12443,#12444);
#12443 = CARTESIAN_POINT('',(1.27,-8.636,0.));
#12444 = VECTOR('',#12445,1.);
#12445 = DIRECTION('',(0.,1.,0.));
#12446 = ORIENTED_EDGE('',*,*,#12447,.T.);
#12447 = EDGE_CURVE('',#12440,#12448,#12450,.T.);
#12448 = VERTEX_POINT('',#12449);
#12449 = CARTESIAN_POINT('',(1.016,-6.35,0.));
#12450 = LINE('',#12451,#12452);
#12451 = CARTESIAN_POINT('',(1.27,-6.604,0.));
#12452 = VECTOR('',#12453,1.);
#12453 = DIRECTION('',(-0.707106781187,0.707106781187,0.));
#12454 = ORIENTED_EDGE('',*,*,#12455,.T.);
#12455 = EDGE_CURVE('',#12448,#12456,#12458,.T.);
#12456 = VERTEX_POINT('',#12457);
#12457 = CARTESIAN_POINT('',(1.27,-6.096,0.));
#12458 = LINE('',#12459,#12460);
#12459 = CARTESIAN_POINT('',(1.016,-6.35,0.));
#12460 = VECTOR('',#12461,1.);
#12461 = DIRECTION('',(0.707106781187,0.707106781187,0.));
#12462 = ORIENTED_EDGE('',*,*,#12463,.T.);
#12463 = EDGE_CURVE('',#12456,#12464,#12466,.T.);
#12464 = VERTEX_POINT('',#12465);
#12465 = CARTESIAN_POINT('',(1.27,-4.064,0.));
#12466 = LINE('',#12467,#12468);
#12467 = CARTESIAN_POINT('',(1.27,-6.096,0.));
#12468 = VECTOR('',#12469,1.);
#12469 = DIRECTION('',(0.,1.,0.));
#12470 = ORIENTED_EDGE('',*,*,#12471,.T.);
#12471 = EDGE_CURVE('',#12464,#12472,#12474,.T.);
#12472 = VERTEX_POINT('',#12473);
#12473 = CARTESIAN_POINT('',(1.016,-3.81,0.));
#12474 = LINE('',#12475,#12476);
#12475 = CARTESIAN_POINT('',(1.27,-4.064,0.));
#12476 = VECTOR('',#12477,1.);
#12477 = DIRECTION('',(-0.707106781187,0.707106781187,0.));
#12478 = ORIENTED_EDGE('',*,*,#12479,.T.);
#12479 = EDGE_CURVE('',#12472,#12480,#12482,.T.);
#12480 = VERTEX_POINT('',#12481);
#12481 = CARTESIAN_POINT('',(1.27,-3.556,0.));
#12482 = LINE('',#12483,#12484);
#12483 = CARTESIAN_POINT('',(1.016,-3.81,0.));
#12484 = VECTOR('',#12485,1.);
#12485 = DIRECTION('',(0.707106781187,0.707106781187,0.));
#12486 = ORIENTED_EDGE('',*,*,#12487,.T.);
#12487 = EDGE_CURVE('',#12480,#12488,#12490,.T.);
#12488 = VERTEX_POINT('',#12489);
#12489 = CARTESIAN_POINT('',(1.27,-1.524,0.));
#12490 = LINE('',#12491,#12492);
#12491 = CARTESIAN_POINT('',(1.27,-3.556,0.));
#12492 = VECTOR('',#12493,1.);
#12493 = DIRECTION('',(0.,1.,0.));
#12494 = ORIENTED_EDGE('',*,*,#12495,.T.);
#12495 = EDGE_CURVE('',#12488,#12496,#12498,.T.);
#12496 = VERTEX_POINT('',#12497);
#12497 = CARTESIAN_POINT('',(1.016,-1.27,0.));
#12498 = LINE('',#12499,#12500);
#12499 = CARTESIAN_POINT('',(1.27,-1.524,0.));
#12500 = VECTOR('',#12501,1.);
#12501 = DIRECTION('',(-0.707106781187,0.707106781187,0.));
#12502 = ORIENTED_EDGE('',*,*,#12503,.T.);
#12503 = EDGE_CURVE('',#12496,#12504,#12506,.T.);
#12504 = VERTEX_POINT('',#12505);
#12505 = CARTESIAN_POINT('',(1.27,-1.016,0.));
#12506 = LINE('',#12507,#12508);
#12507 = CARTESIAN_POINT('',(1.016,-1.27,0.));
#12508 = VECTOR('',#12509,1.);
#12509 = DIRECTION('',(0.707106781187,0.707106781187,0.));
#12510 = ORIENTED_EDGE('',*,*,#12511,.T.);
#12511 = EDGE_CURVE('',#12504,#12512,#12514,.T.);
#12512 = VERTEX_POINT('',#12513);
#12513 = CARTESIAN_POINT('',(1.27,1.016,0.));
#12514 = LINE('',#12515,#12516);
#12515 = CARTESIAN_POINT('',(1.27,-1.016,0.));
#12516 = VECTOR('',#12517,1.);
#12517 = DIRECTION('',(0.,1.,0.));
#12518 = ORIENTED_EDGE('',*,*,#12519,.T.);
#12519 = EDGE_CURVE('',#12512,#12280,#12520,.T.);
#12520 = LINE('',#12521,#12522);
#12521 = CARTESIAN_POINT('',(1.27,1.016,0.));
#12522 = VECTOR('',#12523,1.);
#12523 = DIRECTION('',(-0.707106781187,0.707106781187,0.));
#12524 = ORIENTED_EDGE('',*,*,#12296,.T.);
#12525 = FACE_BOUND('',#12526,.F.);
#12526 = EDGE_LOOP('',(#12527,#12537,#12545,#12553));
#12527 = ORIENTED_EDGE('',*,*,#12528,.F.);
#12528 = EDGE_CURVE('',#12529,#12531,#12533,.T.);
#12529 = VERTEX_POINT('',#12530);
#12530 = CARTESIAN_POINT('',(0.32,-4.76,0.));
#12531 = VERTEX_POINT('',#12532);
#12532 = CARTESIAN_POINT('',(-0.32,-4.76,0.));
#12533 = LINE('',#12534,#12535);
#12534 = CARTESIAN_POINT('',(-0.16,-4.76,0.));
#12535 = VECTOR('',#12536,1.);
#12536 = DIRECTION('',(-1.,0.,0.));
#12537 = ORIENTED_EDGE('',*,*,#12538,.F.);
#12538 = EDGE_CURVE('',#12539,#12529,#12541,.T.);
#12539 = VERTEX_POINT('',#12540);
#12540 = CARTESIAN_POINT('',(0.32,-5.4,0.));
#12541 = LINE('',#12542,#12543);
#12542 = CARTESIAN_POINT('',(0.32,-4.605,0.));
#12543 = VECTOR('',#12544,1.);
#12544 = DIRECTION('',(0.,1.,0.));
#12545 = ORIENTED_EDGE('',*,*,#12546,.T.);
#12546 = EDGE_CURVE('',#12539,#12547,#12549,.T.);
#12547 = VERTEX_POINT('',#12548);
#12548 = CARTESIAN_POINT('',(-0.32,-5.4,0.));
#12549 = LINE('',#12550,#12551);
#12550 = CARTESIAN_POINT('',(-0.16,-5.4,0.));
#12551 = VECTOR('',#12552,1.);
#12552 = DIRECTION('',(-1.,0.,0.));
#12553 = ORIENTED_EDGE('',*,*,#12554,.T.);
#12554 = EDGE_CURVE('',#12547,#12531,#12555,.T.);
#12555 = LINE('',#12556,#12557);
#12556 = CARTESIAN_POINT('',(-0.32,-4.605,0.));
#12557 = VECTOR('',#12558,1.);
#12558 = DIRECTION('',(0.,1.,0.));
#12559 = FACE_BOUND('',#12560,.F.);
#12560 = EDGE_LOOP('',(#12561,#12571,#12579,#12587));
#12561 = ORIENTED_EDGE('',*,*,#12562,.F.);
#12562 = EDGE_CURVE('',#12563,#12565,#12567,.T.);
#12563 = VERTEX_POINT('',#12564);
#12564 = CARTESIAN_POINT('',(0.32,-7.94,0.));
#12565 = VERTEX_POINT('',#12566);
#12566 = CARTESIAN_POINT('',(0.32,-7.3,0.));
#12567 = LINE('',#12568,#12569);
#12568 = CARTESIAN_POINT('',(0.32,-5.875,0.));
#12569 = VECTOR('',#12570,1.);
#12570 = DIRECTION('',(0.,1.,0.));
#12571 = ORIENTED_EDGE('',*,*,#12572,.T.);
#12572 = EDGE_CURVE('',#12563,#12573,#12575,.T.);
#12573 = VERTEX_POINT('',#12574);
#12574 = CARTESIAN_POINT('',(-0.32,-7.94,0.));
#12575 = LINE('',#12576,#12577);
#12576 = CARTESIAN_POINT('',(-0.16,-7.94,0.));
#12577 = VECTOR('',#12578,1.);
#12578 = DIRECTION('',(-1.,0.,0.));
#12579 = ORIENTED_EDGE('',*,*,#12580,.T.);
#12580 = EDGE_CURVE('',#12573,#12581,#12583,.T.);
#12581 = VERTEX_POINT('',#12582);
#12582 = CARTESIAN_POINT('',(-0.32,-7.3,0.));
#12583 = LINE('',#12584,#12585);
#12584 = CARTESIAN_POINT('',(-0.32,-5.875,0.));
#12585 = VECTOR('',#12586,1.);
#12586 = DIRECTION('',(0.,1.,0.));
#12587 = ORIENTED_EDGE('',*,*,#12588,.F.);
#12588 = EDGE_CURVE('',#12565,#12581,#12589,.T.);
#12589 = LINE('',#12590,#12591);
#12590 = CARTESIAN_POINT('',(-0.16,-7.3,0.));
#12591 = VECTOR('',#12592,1.);
#12592 = DIRECTION('',(-1.,0.,0.));
#12593 = FACE_BOUND('',#12594,.F.);
#12594 = EDGE_LOOP('',(#12595,#12605,#12613,#12621));
#12595 = ORIENTED_EDGE('',*,*,#12596,.F.);
#12596 = EDGE_CURVE('',#12597,#12599,#12601,.T.);
#12597 = VERTEX_POINT('',#12598);
#12598 = CARTESIAN_POINT('',(0.32,-0.32,0.));
#12599 = VERTEX_POINT('',#12600);
#12600 = CARTESIAN_POINT('',(0.32,0.32,0.));
#12601 = LINE('',#12602,#12603);
#12602 = CARTESIAN_POINT('',(0.32,-2.065,0.));
#12603 = VECTOR('',#12604,1.);
#12604 = DIRECTION('',(0.,1.,0.));
#12605 = ORIENTED_EDGE('',*,*,#12606,.T.);
#12606 = EDGE_CURVE('',#12597,#12607,#12609,.T.);
#12607 = VERTEX_POINT('',#12608);
#12608 = CARTESIAN_POINT('',(-0.32,-0.32,0.));
#12609 = LINE('',#12610,#12611);
#12610 = CARTESIAN_POINT('',(-0.16,-0.32,0.));
#12611 = VECTOR('',#12612,1.);
#12612 = DIRECTION('',(-1.,0.,0.));
#12613 = ORIENTED_EDGE('',*,*,#12614,.T.);
#12614 = EDGE_CURVE('',#12607,#12615,#12617,.T.);
#12615 = VERTEX_POINT('',#12616);
#12616 = CARTESIAN_POINT('',(-0.32,0.32,0.));
#12617 = LINE('',#12618,#12619);
#12618 = CARTESIAN_POINT('',(-0.32,-2.065,0.));
#12619 = VECTOR('',#12620,1.);
#12620 = DIRECTION('',(0.,1.,0.));
#12621 = ORIENTED_EDGE('',*,*,#12622,.F.);
#12622 = EDGE_CURVE('',#12599,#12615,#12623,.T.);
#12623 = LINE('',#12624,#12625);
#12624 = CARTESIAN_POINT('',(-0.16,0.32,0.));
#12625 = VECTOR('',#12626,1.);
#12626 = DIRECTION('',(-1.,0.,0.));
#12627 = FACE_BOUND('',#12628,.F.);
#12628 = EDGE_LOOP('',(#12629,#12639,#12647,#12655));
#12629 = ORIENTED_EDGE('',*,*,#12630,.F.);
#12630 = EDGE_CURVE('',#12631,#12633,#12635,.T.);
#12631 = VERTEX_POINT('',#12632);
#12632 = CARTESIAN_POINT('',(0.32,-2.22,0.));
#12633 = VERTEX_POINT('',#12634);
#12634 = CARTESIAN_POINT('',(-0.32,-2.22,0.));
#12635 = LINE('',#12636,#12637);
#12636 = CARTESIAN_POINT('',(-0.16,-2.22,0.));
#12637 = VECTOR('',#12638,1.);
#12638 = DIRECTION('',(-1.,0.,0.));
#12639 = ORIENTED_EDGE('',*,*,#12640,.F.);
#12640 = EDGE_CURVE('',#12641,#12631,#12643,.T.);
#12641 = VERTEX_POINT('',#12642);
#12642 = CARTESIAN_POINT('',(0.32,-2.86,0.));
#12643 = LINE('',#12644,#12645);
#12644 = CARTESIAN_POINT('',(0.32,-3.335,0.));
#12645 = VECTOR('',#12646,1.);
#12646 = DIRECTION('',(0.,1.,0.));
#12647 = ORIENTED_EDGE('',*,*,#12648,.T.);
#12648 = EDGE_CURVE('',#12641,#12649,#12651,.T.);
#12649 = VERTEX_POINT('',#12650);
#12650 = CARTESIAN_POINT('',(-0.32,-2.86,0.));
#12651 = LINE('',#12652,#12653);
#12652 = CARTESIAN_POINT('',(-0.16,-2.86,0.));
#12653 = VECTOR('',#12654,1.);
#12654 = DIRECTION('',(-1.,0.,0.));
#12655 = ORIENTED_EDGE('',*,*,#12656,.T.);
#12656 = EDGE_CURVE('',#12649,#12633,#12657,.T.);
#12657 = LINE('',#12658,#12659);
#12658 = CARTESIAN_POINT('',(-0.32,-3.335,0.));
#12659 = VECTOR('',#12660,1.);
#12660 = DIRECTION('',(0.,1.,0.));
#12661 = PLANE('',#12662);
#12662 = AXIS2_PLACEMENT_3D('',#12663,#12664,#12665);
#12663 = CARTESIAN_POINT('',(4.259053689278E-17,-3.81,0.));
#12664 = DIRECTION('',(0.,0.,1.));
#12665 = DIRECTION('',(1.,0.,-0.));
#12666 = ADVANCED_FACE('',(#12667,#12854,#12888,#12922,#12956),#12990,
  .T.);
#12667 = FACE_BOUND('',#12668,.T.);
#12668 = EDGE_LOOP('',(#12669,#12670,#12671,#12679,#12687,#12695,#12703,
    #12711,#12719,#12727,#12735,#12743,#12751,#12759,#12767,#12775,
    #12783,#12791,#12799,#12807,#12815,#12823,#12831,#12839,#12847,
    #12853));
#12669 = ORIENTED_EDGE('',*,*,#12249,.T.);
#12670 = ORIENTED_EDGE('',*,*,#12311,.T.);
#12671 = ORIENTED_EDGE('',*,*,#12672,.T.);
#12672 = EDGE_CURVE('',#12312,#12673,#12675,.T.);
#12673 = VERTEX_POINT('',#12674);
#12674 = CARTESIAN_POINT('',(-1.016,-1.27,2.54));
#12675 = LINE('',#12676,#12677);
#12676 = CARTESIAN_POINT('',(-1.27,-1.016,2.54));
#12677 = VECTOR('',#12678,1.);
#12678 = DIRECTION('',(0.707106781187,-0.707106781187,0.));
#12679 = ORIENTED_EDGE('',*,*,#12680,.T.);
#12680 = EDGE_CURVE('',#12673,#12681,#12683,.T.);
#12681 = VERTEX_POINT('',#12682);
#12682 = CARTESIAN_POINT('',(-1.27,-1.524,2.54));
#12683 = LINE('',#12684,#12685);
#12684 = CARTESIAN_POINT('',(-1.016,-1.27,2.54));
#12685 = VECTOR('',#12686,1.);
#12686 = DIRECTION('',(-0.707106781187,-0.707106781187,0.));
#12687 = ORIENTED_EDGE('',*,*,#12688,.T.);
#12688 = EDGE_CURVE('',#12681,#12689,#12691,.T.);
#12689 = VERTEX_POINT('',#12690);
#12690 = CARTESIAN_POINT('',(-1.27,-3.556,2.54));
#12691 = LINE('',#12692,#12693);
#12692 = CARTESIAN_POINT('',(-1.27,-1.524,2.54));
#12693 = VECTOR('',#12694,1.);
#12694 = DIRECTION('',(0.,-1.,0.));
#12695 = ORIENTED_EDGE('',*,*,#12696,.T.);
#12696 = EDGE_CURVE('',#12689,#12697,#12699,.T.);
#12697 = VERTEX_POINT('',#12698);
#12698 = CARTESIAN_POINT('',(-1.016,-3.81,2.54));
#12699 = LINE('',#12700,#12701);
#12700 = CARTESIAN_POINT('',(-1.27,-3.556,2.54));
#12701 = VECTOR('',#12702,1.);
#12702 = DIRECTION('',(0.707106781187,-0.707106781187,0.));
#12703 = ORIENTED_EDGE('',*,*,#12704,.T.);
#12704 = EDGE_CURVE('',#12697,#12705,#12707,.T.);
#12705 = VERTEX_POINT('',#12706);
#12706 = CARTESIAN_POINT('',(-1.27,-4.064,2.54));
#12707 = LINE('',#12708,#12709);
#12708 = CARTESIAN_POINT('',(-1.016,-3.81,2.54));
#12709 = VECTOR('',#12710,1.);
#12710 = DIRECTION('',(-0.707106781187,-0.707106781187,0.));
#12711 = ORIENTED_EDGE('',*,*,#12712,.T.);
#12712 = EDGE_CURVE('',#12705,#12713,#12715,.T.);
#12713 = VERTEX_POINT('',#12714);
#12714 = CARTESIAN_POINT('',(-1.27,-6.096,2.54));
#12715 = LINE('',#12716,#12717);
#12716 = CARTESIAN_POINT('',(-1.27,-4.064,2.54));
#12717 = VECTOR('',#12718,1.);
#12718 = DIRECTION('',(0.,-1.,0.));
#12719 = ORIENTED_EDGE('',*,*,#12720,.T.);
#12720 = EDGE_CURVE('',#12713,#12721,#12723,.T.);
#12721 = VERTEX_POINT('',#12722);
#12722 = CARTESIAN_POINT('',(-1.016,-6.35,2.54));
#12723 = LINE('',#12724,#12725);
#12724 = CARTESIAN_POINT('',(-1.27,-6.096,2.54));
#12725 = VECTOR('',#12726,1.);
#12726 = DIRECTION('',(0.707106781187,-0.707106781187,0.));
#12727 = ORIENTED_EDGE('',*,*,#12728,.T.);
#12728 = EDGE_CURVE('',#12721,#12729,#12731,.T.);
#12729 = VERTEX_POINT('',#12730);
#12730 = CARTESIAN_POINT('',(-1.27,-6.604,2.54));
#12731 = LINE('',#12732,#12733);
#12732 = CARTESIAN_POINT('',(-1.016,-6.35,2.54));
#12733 = VECTOR('',#12734,1.);
#12734 = DIRECTION('',(-0.707106781187,-0.707106781187,0.));
#12735 = ORIENTED_EDGE('',*,*,#12736,.T.);
#12736 = EDGE_CURVE('',#12729,#12737,#12739,.T.);
#12737 = VERTEX_POINT('',#12738);
#12738 = CARTESIAN_POINT('',(-1.27,-8.636,2.54));
#12739 = LINE('',#12740,#12741);
#12740 = CARTESIAN_POINT('',(-1.27,-6.604,2.54));
#12741 = VECTOR('',#12742,1.);
#12742 = DIRECTION('',(0.,-1.,0.));
#12743 = ORIENTED_EDGE('',*,*,#12744,.T.);
#12744 = EDGE_CURVE('',#12737,#12745,#12747,.T.);
#12745 = VERTEX_POINT('',#12746);
#12746 = CARTESIAN_POINT('',(-1.016,-8.89,2.54));
#12747 = LINE('',#12748,#12749);
#12748 = CARTESIAN_POINT('',(-1.27,-8.636,2.54));
#12749 = VECTOR('',#12750,1.);
#12750 = DIRECTION('',(0.707106781187,-0.707106781187,0.));
#12751 = ORIENTED_EDGE('',*,*,#12752,.T.);
#12752 = EDGE_CURVE('',#12745,#12753,#12755,.T.);
#12753 = VERTEX_POINT('',#12754);
#12754 = CARTESIAN_POINT('',(1.016,-8.89,2.54));
#12755 = LINE('',#12756,#12757);
#12756 = CARTESIAN_POINT('',(-1.016,-8.89,2.54));
#12757 = VECTOR('',#12758,1.);
#12758 = DIRECTION('',(1.,0.,0.));
#12759 = ORIENTED_EDGE('',*,*,#12760,.T.);
#12760 = EDGE_CURVE('',#12753,#12761,#12763,.T.);
#12761 = VERTEX_POINT('',#12762);
#12762 = CARTESIAN_POINT('',(1.27,-8.636,2.54));
#12763 = LINE('',#12764,#12765);
#12764 = CARTESIAN_POINT('',(1.016,-8.89,2.54));
#12765 = VECTOR('',#12766,1.);
#12766 = DIRECTION('',(0.707106781187,0.707106781187,0.));
#12767 = ORIENTED_EDGE('',*,*,#12768,.T.);
#12768 = EDGE_CURVE('',#12761,#12769,#12771,.T.);
#12769 = VERTEX_POINT('',#12770);
#12770 = CARTESIAN_POINT('',(1.27,-6.604,2.54));
#12771 = LINE('',#12772,#12773);
#12772 = CARTESIAN_POINT('',(1.27,-8.636,2.54));
#12773 = VECTOR('',#12774,1.);
#12774 = DIRECTION('',(0.,1.,0.));
#12775 = ORIENTED_EDGE('',*,*,#12776,.T.);
#12776 = EDGE_CURVE('',#12769,#12777,#12779,.T.);
#12777 = VERTEX_POINT('',#12778);
#12778 = CARTESIAN_POINT('',(1.016,-6.35,2.54));
#12779 = LINE('',#12780,#12781);
#12780 = CARTESIAN_POINT('',(1.27,-6.604,2.54));
#12781 = VECTOR('',#12782,1.);
#12782 = DIRECTION('',(-0.707106781187,0.707106781187,0.));
#12783 = ORIENTED_EDGE('',*,*,#12784,.T.);
#12784 = EDGE_CURVE('',#12777,#12785,#12787,.T.);
#12785 = VERTEX_POINT('',#12786);
#12786 = CARTESIAN_POINT('',(1.27,-6.096,2.54));
#12787 = LINE('',#12788,#12789);
#12788 = CARTESIAN_POINT('',(1.016,-6.35,2.54));
#12789 = VECTOR('',#12790,1.);
#12790 = DIRECTION('',(0.707106781187,0.707106781187,0.));
#12791 = ORIENTED_EDGE('',*,*,#12792,.T.);
#12792 = EDGE_CURVE('',#12785,#12793,#12795,.T.);
#12793 = VERTEX_POINT('',#12794);
#12794 = CARTESIAN_POINT('',(1.27,-4.064,2.54));
#12795 = LINE('',#12796,#12797);
#12796 = CARTESIAN_POINT('',(1.27,-6.096,2.54));
#12797 = VECTOR('',#12798,1.);
#12798 = DIRECTION('',(0.,1.,0.));
#12799 = ORIENTED_EDGE('',*,*,#12800,.T.);
#12800 = EDGE_CURVE('',#12793,#12801,#12803,.T.);
#12801 = VERTEX_POINT('',#12802);
#12802 = CARTESIAN_POINT('',(1.016,-3.81,2.54));
#12803 = LINE('',#12804,#12805);
#12804 = CARTESIAN_POINT('',(1.27,-4.064,2.54));
#12805 = VECTOR('',#12806,1.);
#12806 = DIRECTION('',(-0.707106781187,0.707106781187,0.));
#12807 = ORIENTED_EDGE('',*,*,#12808,.T.);
#12808 = EDGE_CURVE('',#12801,#12809,#12811,.T.);
#12809 = VERTEX_POINT('',#12810);
#12810 = CARTESIAN_POINT('',(1.27,-3.556,2.54));
#12811 = LINE('',#12812,#12813);
#12812 = CARTESIAN_POINT('',(1.016,-3.81,2.54));
#12813 = VECTOR('',#12814,1.);
#12814 = DIRECTION('',(0.707106781187,0.707106781187,0.));
#12815 = ORIENTED_EDGE('',*,*,#12816,.T.);
#12816 = EDGE_CURVE('',#12809,#12817,#12819,.T.);
#12817 = VERTEX_POINT('',#12818);
#12818 = CARTESIAN_POINT('',(1.27,-1.524,2.54));
#12819 = LINE('',#12820,#12821);
#12820 = CARTESIAN_POINT('',(1.27,-3.556,2.54));
#12821 = VECTOR('',#12822,1.);
#12822 = DIRECTION('',(0.,1.,0.));
#12823 = ORIENTED_EDGE('',*,*,#12824,.T.);
#12824 = EDGE_CURVE('',#12817,#12825,#12827,.T.);
#12825 = VERTEX_POINT('',#12826);
#12826 = CARTESIAN_POINT('',(1.016,-1.27,2.54));
#12827 = LINE('',#12828,#12829);
#12828 = CARTESIAN_POINT('',(1.27,-1.524,2.54));
#12829 = VECTOR('',#12830,1.);
#12830 = DIRECTION('',(-0.707106781187,0.707106781187,0.));
#12831 = ORIENTED_EDGE('',*,*,#12832,.T.);
#12832 = EDGE_CURVE('',#12825,#12833,#12835,.T.);
#12833 = VERTEX_POINT('',#12834);
#12834 = CARTESIAN_POINT('',(1.27,-1.016,2.54));
#12835 = LINE('',#12836,#12837);
#12836 = CARTESIAN_POINT('',(1.016,-1.27,2.54));
#12837 = VECTOR('',#12838,1.);
#12838 = DIRECTION('',(0.707106781187,0.707106781187,0.));
#12839 = ORIENTED_EDGE('',*,*,#12840,.T.);
#12840 = EDGE_CURVE('',#12833,#12841,#12843,.T.);
#12841 = VERTEX_POINT('',#12842);
#12842 = CARTESIAN_POINT('',(1.27,1.016,2.54));
#12843 = LINE('',#12844,#12845);
#12844 = CARTESIAN_POINT('',(1.27,-1.016,2.54));
#12845 = VECTOR('',#12846,1.);
#12846 = DIRECTION('',(0.,1.,0.));
#12847 = ORIENTED_EDGE('',*,*,#12848,.T.);
#12848 = EDGE_CURVE('',#12841,#12282,#12849,.T.);
#12849 = LINE('',#12850,#12851);
#12850 = CARTESIAN_POINT('',(1.27,1.016,2.54));
#12851 = VECTOR('',#12852,1.);
#12852 = DIRECTION('',(-0.707106781187,0.707106781187,0.));
#12853 = ORIENTED_EDGE('',*,*,#12289,.T.);
#12854 = FACE_BOUND('',#12855,.T.);
#12855 = EDGE_LOOP('',(#12856,#12866,#12874,#12882));
#12856 = ORIENTED_EDGE('',*,*,#12857,.F.);
#12857 = EDGE_CURVE('',#12858,#12860,#12862,.T.);
#12858 = VERTEX_POINT('',#12859);
#12859 = CARTESIAN_POINT('',(0.32,-4.76,2.54));
#12860 = VERTEX_POINT('',#12861);
#12861 = CARTESIAN_POINT('',(-0.32,-4.76,2.54));
#12862 = LINE('',#12863,#12864);
#12863 = CARTESIAN_POINT('',(-0.16,-4.76,2.54));
#12864 = VECTOR('',#12865,1.);
#12865 = DIRECTION('',(-1.,0.,0.));
#12866 = ORIENTED_EDGE('',*,*,#12867,.F.);
#12867 = EDGE_CURVE('',#12868,#12858,#12870,.T.);
#12868 = VERTEX_POINT('',#12869);
#12869 = CARTESIAN_POINT('',(0.32,-5.4,2.54));
#12870 = LINE('',#12871,#12872);
#12871 = CARTESIAN_POINT('',(0.32,-4.605,2.54));
#12872 = VECTOR('',#12873,1.);
#12873 = DIRECTION('',(0.,1.,0.));
#12874 = ORIENTED_EDGE('',*,*,#12875,.T.);
#12875 = EDGE_CURVE('',#12868,#12876,#12878,.T.);
#12876 = VERTEX_POINT('',#12877);
#12877 = CARTESIAN_POINT('',(-0.32,-5.4,2.54));
#12878 = LINE('',#12879,#12880);
#12879 = CARTESIAN_POINT('',(-0.16,-5.4,2.54));
#12880 = VECTOR('',#12881,1.);
#12881 = DIRECTION('',(-1.,0.,0.));
#12882 = ORIENTED_EDGE('',*,*,#12883,.T.);
#12883 = EDGE_CURVE('',#12876,#12860,#12884,.T.);
#12884 = LINE('',#12885,#12886);
#12885 = CARTESIAN_POINT('',(-0.32,-4.605,2.54));
#12886 = VECTOR('',#12887,1.);
#12887 = DIRECTION('',(0.,1.,0.));
#12888 = FACE_BOUND('',#12889,.T.);
#12889 = EDGE_LOOP('',(#12890,#12900,#12908,#12916));
#12890 = ORIENTED_EDGE('',*,*,#12891,.F.);
#12891 = EDGE_CURVE('',#12892,#12894,#12896,.T.);
#12892 = VERTEX_POINT('',#12893);
#12893 = CARTESIAN_POINT('',(0.32,-7.94,2.54));
#12894 = VERTEX_POINT('',#12895);
#12895 = CARTESIAN_POINT('',(0.32,-7.3,2.54));
#12896 = LINE('',#12897,#12898);
#12897 = CARTESIAN_POINT('',(0.32,-5.875,2.54));
#12898 = VECTOR('',#12899,1.);
#12899 = DIRECTION('',(0.,1.,0.));
#12900 = ORIENTED_EDGE('',*,*,#12901,.T.);
#12901 = EDGE_CURVE('',#12892,#12902,#12904,.T.);
#12902 = VERTEX_POINT('',#12903);
#12903 = CARTESIAN_POINT('',(-0.32,-7.94,2.54));
#12904 = LINE('',#12905,#12906);
#12905 = CARTESIAN_POINT('',(-0.16,-7.94,2.54));
#12906 = VECTOR('',#12907,1.);
#12907 = DIRECTION('',(-1.,0.,0.));
#12908 = ORIENTED_EDGE('',*,*,#12909,.T.);
#12909 = EDGE_CURVE('',#12902,#12910,#12912,.T.);
#12910 = VERTEX_POINT('',#12911);
#12911 = CARTESIAN_POINT('',(-0.32,-7.3,2.54));
#12912 = LINE('',#12913,#12914);
#12913 = CARTESIAN_POINT('',(-0.32,-5.875,2.54));
#12914 = VECTOR('',#12915,1.);
#12915 = DIRECTION('',(0.,1.,0.));
#12916 = ORIENTED_EDGE('',*,*,#12917,.F.);
#12917 = EDGE_CURVE('',#12894,#12910,#12918,.T.);
#12918 = LINE('',#12919,#12920);
#12919 = CARTESIAN_POINT('',(-0.16,-7.3,2.54));
#12920 = VECTOR('',#12921,1.);
#12921 = DIRECTION('',(-1.,0.,0.));
#12922 = FACE_BOUND('',#12923,.T.);
#12923 = EDGE_LOOP('',(#12924,#12934,#12942,#12950));
#12924 = ORIENTED_EDGE('',*,*,#12925,.F.);
#12925 = EDGE_CURVE('',#12926,#12928,#12930,.T.);
#12926 = VERTEX_POINT('',#12927);
#12927 = CARTESIAN_POINT('',(0.32,-0.32,2.54));
#12928 = VERTEX_POINT('',#12929);
#12929 = CARTESIAN_POINT('',(0.32,0.32,2.54));
#12930 = LINE('',#12931,#12932);
#12931 = CARTESIAN_POINT('',(0.32,-2.065,2.54));
#12932 = VECTOR('',#12933,1.);
#12933 = DIRECTION('',(0.,1.,0.));
#12934 = ORIENTED_EDGE('',*,*,#12935,.T.);
#12935 = EDGE_CURVE('',#12926,#12936,#12938,.T.);
#12936 = VERTEX_POINT('',#12937);
#12937 = CARTESIAN_POINT('',(-0.32,-0.32,2.54));
#12938 = LINE('',#12939,#12940);
#12939 = CARTESIAN_POINT('',(-0.16,-0.32,2.54));
#12940 = VECTOR('',#12941,1.);
#12941 = DIRECTION('',(-1.,0.,0.));
#12942 = ORIENTED_EDGE('',*,*,#12943,.T.);
#12943 = EDGE_CURVE('',#12936,#12944,#12946,.T.);
#12944 = VERTEX_POINT('',#12945);
#12945 = CARTESIAN_POINT('',(-0.32,0.32,2.54));
#12946 = LINE('',#12947,#12948);
#12947 = CARTESIAN_POINT('',(-0.32,-2.065,2.54));
#12948 = VECTOR('',#12949,1.);
#12949 = DIRECTION('',(0.,1.,0.));
#12950 = ORIENTED_EDGE('',*,*,#12951,.F.);
#12951 = EDGE_CURVE('',#12928,#12944,#12952,.T.);
#12952 = LINE('',#12953,#12954);
#12953 = CARTESIAN_POINT('',(-0.16,0.32,2.54));
#12954 = VECTOR('',#12955,1.);
#12955 = DIRECTION('',(-1.,0.,0.));
#12956 = FACE_BOUND('',#12957,.T.);
#12957 = EDGE_LOOP('',(#12958,#12968,#12976,#12984));
#12958 = ORIENTED_EDGE('',*,*,#12959,.F.);
#12959 = EDGE_CURVE('',#12960,#12962,#12964,.T.);
#12960 = VERTEX_POINT('',#12961);
#12961 = CARTESIAN_POINT('',(0.32,-2.22,2.54));
#12962 = VERTEX_POINT('',#12963);
#12963 = CARTESIAN_POINT('',(-0.32,-2.22,2.54));
#12964 = LINE('',#12965,#12966);
#12965 = CARTESIAN_POINT('',(-0.16,-2.22,2.54));
#12966 = VECTOR('',#12967,1.);
#12967 = DIRECTION('',(-1.,0.,0.));
#12968 = ORIENTED_EDGE('',*,*,#12969,.F.);
#12969 = EDGE_CURVE('',#12970,#12960,#12972,.T.);
#12970 = VERTEX_POINT('',#12971);
#12971 = CARTESIAN_POINT('',(0.32,-2.86,2.54));
#12972 = LINE('',#12973,#12974);
#12973 = CARTESIAN_POINT('',(0.32,-3.335,2.54));
#12974 = VECTOR('',#12975,1.);
#12975 = DIRECTION('',(0.,1.,0.));
#12976 = ORIENTED_EDGE('',*,*,#12977,.T.);
#12977 = EDGE_CURVE('',#12970,#12978,#12980,.T.);
#12978 = VERTEX_POINT('',#12979);
#12979 = CARTESIAN_POINT('',(-0.32,-2.86,2.54));
#12980 = LINE('',#12981,#12982);
#12981 = CARTESIAN_POINT('',(-0.16,-2.86,2.54));
#12982 = VECTOR('',#12983,1.);
#12983 = DIRECTION('',(-1.,0.,0.));
#12984 = ORIENTED_EDGE('',*,*,#12985,.T.);
#12985 = EDGE_CURVE('',#12978,#12962,#12986,.T.);
#12986 = LINE('',#12987,#12988);
#12987 = CARTESIAN_POINT('',(-0.32,-3.335,2.54));
#12988 = VECTOR('',#12989,1.);
#12989 = DIRECTION('',(0.,1.,0.));
#12990 = PLANE('',#12991);
#12991 = AXIS2_PLACEMENT_3D('',#12992,#12993,#12994);
#12992 = CARTESIAN_POINT('',(4.259053689278E-17,-3.81,2.54));
#12993 = DIRECTION('',(0.,0.,1.));
#12994 = DIRECTION('',(1.,0.,-0.));
#12995 = ADVANCED_FACE('',(#12996),#13007,.F.);
#12996 = FACE_BOUND('',#12997,.F.);
#12997 = EDGE_LOOP('',(#12998,#13004,#13005,#13006));
#12998 = ORIENTED_EDGE('',*,*,#12999,.T.);
#12999 = EDGE_CURVE('',#12512,#12841,#13000,.T.);
#13000 = LINE('',#13001,#13002);
#13001 = CARTESIAN_POINT('',(1.27,1.016,0.));
#13002 = VECTOR('',#13003,1.);
#13003 = DIRECTION('',(0.,0.,1.));
#13004 = ORIENTED_EDGE('',*,*,#12848,.T.);
#13005 = ORIENTED_EDGE('',*,*,#12279,.F.);
#13006 = ORIENTED_EDGE('',*,*,#12519,.F.);
#13007 = PLANE('',#13008);
#13008 = AXIS2_PLACEMENT_3D('',#13009,#13010,#13011);
#13009 = CARTESIAN_POINT('',(1.27,1.016,0.));
#13010 = DIRECTION('',(-0.707106781187,-0.707106781187,0.));
#13011 = DIRECTION('',(-0.707106781187,0.707106781187,0.));
#13012 = ADVANCED_FACE('',(#13013),#13024,.F.);
#13013 = FACE_BOUND('',#13014,.F.);
#13014 = EDGE_LOOP('',(#13015,#13016,#13017,#13023));
#13015 = ORIENTED_EDGE('',*,*,#12319,.T.);
#13016 = ORIENTED_EDGE('',*,*,#12672,.T.);
#13017 = ORIENTED_EDGE('',*,*,#13018,.F.);
#13018 = EDGE_CURVE('',#12344,#12673,#13019,.T.);
#13019 = LINE('',#13020,#13021);
#13020 = CARTESIAN_POINT('',(-1.016,-1.27,0.));
#13021 = VECTOR('',#13022,1.);
#13022 = DIRECTION('',(0.,0.,1.));
#13023 = ORIENTED_EDGE('',*,*,#12343,.F.);
#13024 = PLANE('',#13025);
#13025 = AXIS2_PLACEMENT_3D('',#13026,#13027,#13028);
#13026 = CARTESIAN_POINT('',(-1.27,-1.016,0.));
#13027 = DIRECTION('',(0.707106781187,0.707106781187,0.));
#13028 = DIRECTION('',(0.707106781187,-0.707106781187,0.));
#13029 = ADVANCED_FACE('',(#13030),#13041,.F.);
#13030 = FACE_BOUND('',#13031,.F.);
#13031 = EDGE_LOOP('',(#13032,#13038,#13039,#13040));
#13032 = ORIENTED_EDGE('',*,*,#13033,.T.);
#13033 = EDGE_CURVE('',#12504,#12833,#13034,.T.);
#13034 = LINE('',#13035,#13036);
#13035 = CARTESIAN_POINT('',(1.27,-1.016,0.));
#13036 = VECTOR('',#13037,1.);
#13037 = DIRECTION('',(0.,0.,1.));
#13038 = ORIENTED_EDGE('',*,*,#12840,.T.);
#13039 = ORIENTED_EDGE('',*,*,#12999,.F.);
#13040 = ORIENTED_EDGE('',*,*,#12511,.F.);
#13041 = PLANE('',#13042);
#13042 = AXIS2_PLACEMENT_3D('',#13043,#13044,#13045);
#13043 = CARTESIAN_POINT('',(1.27,-1.016,0.));
#13044 = DIRECTION('',(-1.,0.,0.));
#13045 = DIRECTION('',(0.,1.,0.));
#13046 = ADVANCED_FACE('',(#13047),#13058,.F.);
#13047 = FACE_BOUND('',#13048,.F.);
#13048 = EDGE_LOOP('',(#13049,#13050,#13051,#13057));
#13049 = ORIENTED_EDGE('',*,*,#13018,.T.);
#13050 = ORIENTED_EDGE('',*,*,#12680,.T.);
#13051 = ORIENTED_EDGE('',*,*,#13052,.F.);
#13052 = EDGE_CURVE('',#12352,#12681,#13053,.T.);
#13053 = LINE('',#13054,#13055);
#13054 = CARTESIAN_POINT('',(-1.27,-1.524,0.));
#13055 = VECTOR('',#13056,1.);
#13056 = DIRECTION('',(0.,0.,1.));
#13057 = ORIENTED_EDGE('',*,*,#12351,.F.);
#13058 = PLANE('',#13059);
#13059 = AXIS2_PLACEMENT_3D('',#13060,#13061,#13062);
#13060 = CARTESIAN_POINT('',(-1.016,-1.27,0.));
#13061 = DIRECTION('',(0.707106781187,-0.707106781187,0.));
#13062 = DIRECTION('',(-0.707106781187,-0.707106781187,0.));
#13063 = ADVANCED_FACE('',(#13064),#13075,.F.);
#13064 = FACE_BOUND('',#13065,.F.);
#13065 = EDGE_LOOP('',(#13066,#13072,#13073,#13074));
#13066 = ORIENTED_EDGE('',*,*,#13067,.T.);
#13067 = EDGE_CURVE('',#12496,#12825,#13068,.T.);
#13068 = LINE('',#13069,#13070);
#13069 = CARTESIAN_POINT('',(1.016,-1.27,0.));
#13070 = VECTOR('',#13071,1.);
#13071 = DIRECTION('',(0.,0.,1.));
#13072 = ORIENTED_EDGE('',*,*,#12832,.T.);
#13073 = ORIENTED_EDGE('',*,*,#13033,.F.);
#13074 = ORIENTED_EDGE('',*,*,#12503,.F.);
#13075 = PLANE('',#13076);
#13076 = AXIS2_PLACEMENT_3D('',#13077,#13078,#13079);
#13077 = CARTESIAN_POINT('',(1.016,-1.27,0.));
#13078 = DIRECTION('',(-0.707106781187,0.707106781187,0.));
#13079 = DIRECTION('',(0.707106781187,0.707106781187,0.));
#13080 = ADVANCED_FACE('',(#13081),#13092,.F.);
#13081 = FACE_BOUND('',#13082,.F.);
#13082 = EDGE_LOOP('',(#13083,#13084,#13085,#13091));
#13083 = ORIENTED_EDGE('',*,*,#13052,.T.);
#13084 = ORIENTED_EDGE('',*,*,#12688,.T.);
#13085 = ORIENTED_EDGE('',*,*,#13086,.F.);
#13086 = EDGE_CURVE('',#12360,#12689,#13087,.T.);
#13087 = LINE('',#13088,#13089);
#13088 = CARTESIAN_POINT('',(-1.27,-3.556,0.));
#13089 = VECTOR('',#13090,1.);
#13090 = DIRECTION('',(0.,0.,1.));
#13091 = ORIENTED_EDGE('',*,*,#12359,.F.);
#13092 = PLANE('',#13093);
#13093 = AXIS2_PLACEMENT_3D('',#13094,#13095,#13096);
#13094 = CARTESIAN_POINT('',(-1.27,-1.524,0.));
#13095 = DIRECTION('',(1.,0.,0.));
#13096 = DIRECTION('',(0.,-1.,0.));
#13097 = ADVANCED_FACE('',(#13098),#13109,.F.);
#13098 = FACE_BOUND('',#13099,.F.);
#13099 = EDGE_LOOP('',(#13100,#13106,#13107,#13108));
#13100 = ORIENTED_EDGE('',*,*,#13101,.T.);
#13101 = EDGE_CURVE('',#12488,#12817,#13102,.T.);
#13102 = LINE('',#13103,#13104);
#13103 = CARTESIAN_POINT('',(1.27,-1.524,0.));
#13104 = VECTOR('',#13105,1.);
#13105 = DIRECTION('',(0.,0.,1.));
#13106 = ORIENTED_EDGE('',*,*,#12824,.T.);
#13107 = ORIENTED_EDGE('',*,*,#13067,.F.);
#13108 = ORIENTED_EDGE('',*,*,#12495,.F.);
#13109 = PLANE('',#13110);
#13110 = AXIS2_PLACEMENT_3D('',#13111,#13112,#13113);
#13111 = CARTESIAN_POINT('',(1.27,-1.524,0.));
#13112 = DIRECTION('',(-0.707106781187,-0.707106781187,0.));
#13113 = DIRECTION('',(-0.707106781187,0.707106781187,0.));
#13114 = ADVANCED_FACE('',(#13115),#13126,.F.);
#13115 = FACE_BOUND('',#13116,.F.);
#13116 = EDGE_LOOP('',(#13117,#13118,#13119,#13125));
#13117 = ORIENTED_EDGE('',*,*,#13086,.T.);
#13118 = ORIENTED_EDGE('',*,*,#12696,.T.);
#13119 = ORIENTED_EDGE('',*,*,#13120,.F.);
#13120 = EDGE_CURVE('',#12368,#12697,#13121,.T.);
#13121 = LINE('',#13122,#13123);
#13122 = CARTESIAN_POINT('',(-1.016,-3.81,0.));
#13123 = VECTOR('',#13124,1.);
#13124 = DIRECTION('',(0.,0.,1.));
#13125 = ORIENTED_EDGE('',*,*,#12367,.F.);
#13126 = PLANE('',#13127);
#13127 = AXIS2_PLACEMENT_3D('',#13128,#13129,#13130);
#13128 = CARTESIAN_POINT('',(-1.27,-3.556,0.));
#13129 = DIRECTION('',(0.707106781187,0.707106781187,0.));
#13130 = DIRECTION('',(0.707106781187,-0.707106781187,0.));
#13131 = ADVANCED_FACE('',(#13132),#13143,.F.);
#13132 = FACE_BOUND('',#13133,.F.);
#13133 = EDGE_LOOP('',(#13134,#13140,#13141,#13142));
#13134 = ORIENTED_EDGE('',*,*,#13135,.T.);
#13135 = EDGE_CURVE('',#12480,#12809,#13136,.T.);
#13136 = LINE('',#13137,#13138);
#13137 = CARTESIAN_POINT('',(1.27,-3.556,0.));
#13138 = VECTOR('',#13139,1.);
#13139 = DIRECTION('',(0.,0.,1.));
#13140 = ORIENTED_EDGE('',*,*,#12816,.T.);
#13141 = ORIENTED_EDGE('',*,*,#13101,.F.);
#13142 = ORIENTED_EDGE('',*,*,#12487,.F.);
#13143 = PLANE('',#13144);
#13144 = AXIS2_PLACEMENT_3D('',#13145,#13146,#13147);
#13145 = CARTESIAN_POINT('',(1.27,-3.556,0.));
#13146 = DIRECTION('',(-1.,0.,0.));
#13147 = DIRECTION('',(0.,1.,0.));
#13148 = ADVANCED_FACE('',(#13149),#13160,.F.);
#13149 = FACE_BOUND('',#13150,.F.);
#13150 = EDGE_LOOP('',(#13151,#13152,#13153,#13159));
#13151 = ORIENTED_EDGE('',*,*,#13120,.T.);
#13152 = ORIENTED_EDGE('',*,*,#12704,.T.);
#13153 = ORIENTED_EDGE('',*,*,#13154,.F.);
#13154 = EDGE_CURVE('',#12376,#12705,#13155,.T.);
#13155 = LINE('',#13156,#13157);
#13156 = CARTESIAN_POINT('',(-1.27,-4.064,0.));
#13157 = VECTOR('',#13158,1.);
#13158 = DIRECTION('',(0.,0.,1.));
#13159 = ORIENTED_EDGE('',*,*,#12375,.F.);
#13160 = PLANE('',#13161);
#13161 = AXIS2_PLACEMENT_3D('',#13162,#13163,#13164);
#13162 = CARTESIAN_POINT('',(-1.016,-3.81,0.));
#13163 = DIRECTION('',(0.707106781187,-0.707106781187,0.));
#13164 = DIRECTION('',(-0.707106781187,-0.707106781187,0.));
#13165 = ADVANCED_FACE('',(#13166),#13177,.F.);
#13166 = FACE_BOUND('',#13167,.F.);
#13167 = EDGE_LOOP('',(#13168,#13174,#13175,#13176));
#13168 = ORIENTED_EDGE('',*,*,#13169,.T.);
#13169 = EDGE_CURVE('',#12472,#12801,#13170,.T.);
#13170 = LINE('',#13171,#13172);
#13171 = CARTESIAN_POINT('',(1.016,-3.81,0.));
#13172 = VECTOR('',#13173,1.);
#13173 = DIRECTION('',(0.,0.,1.));
#13174 = ORIENTED_EDGE('',*,*,#12808,.T.);
#13175 = ORIENTED_EDGE('',*,*,#13135,.F.);
#13176 = ORIENTED_EDGE('',*,*,#12479,.F.);
#13177 = PLANE('',#13178);
#13178 = AXIS2_PLACEMENT_3D('',#13179,#13180,#13181);
#13179 = CARTESIAN_POINT('',(1.016,-3.81,0.));
#13180 = DIRECTION('',(-0.707106781187,0.707106781187,0.));
#13181 = DIRECTION('',(0.707106781187,0.707106781187,0.));
#13182 = ADVANCED_FACE('',(#13183),#13194,.F.);
#13183 = FACE_BOUND('',#13184,.F.);
#13184 = EDGE_LOOP('',(#13185,#13186,#13187,#13193));
#13185 = ORIENTED_EDGE('',*,*,#13154,.T.);
#13186 = ORIENTED_EDGE('',*,*,#12712,.T.);
#13187 = ORIENTED_EDGE('',*,*,#13188,.F.);
#13188 = EDGE_CURVE('',#12384,#12713,#13189,.T.);
#13189 = LINE('',#13190,#13191);
#13190 = CARTESIAN_POINT('',(-1.27,-6.096,0.));
#13191 = VECTOR('',#13192,1.);
#13192 = DIRECTION('',(0.,0.,1.));
#13193 = ORIENTED_EDGE('',*,*,#12383,.F.);
#13194 = PLANE('',#13195);
#13195 = AXIS2_PLACEMENT_3D('',#13196,#13197,#13198);
#13196 = CARTESIAN_POINT('',(-1.27,-4.064,0.));
#13197 = DIRECTION('',(1.,0.,0.));
#13198 = DIRECTION('',(0.,-1.,0.));
#13199 = ADVANCED_FACE('',(#13200),#13211,.F.);
#13200 = FACE_BOUND('',#13201,.F.);
#13201 = EDGE_LOOP('',(#13202,#13208,#13209,#13210));
#13202 = ORIENTED_EDGE('',*,*,#13203,.T.);
#13203 = EDGE_CURVE('',#12464,#12793,#13204,.T.);
#13204 = LINE('',#13205,#13206);
#13205 = CARTESIAN_POINT('',(1.27,-4.064,0.));
#13206 = VECTOR('',#13207,1.);
#13207 = DIRECTION('',(0.,0.,1.));
#13208 = ORIENTED_EDGE('',*,*,#12800,.T.);
#13209 = ORIENTED_EDGE('',*,*,#13169,.F.);
#13210 = ORIENTED_EDGE('',*,*,#12471,.F.);
#13211 = PLANE('',#13212);
#13212 = AXIS2_PLACEMENT_3D('',#13213,#13214,#13215);
#13213 = CARTESIAN_POINT('',(1.27,-4.064,0.));
#13214 = DIRECTION('',(-0.707106781187,-0.707106781187,0.));
#13215 = DIRECTION('',(-0.707106781187,0.707106781187,0.));
#13216 = ADVANCED_FACE('',(#13217),#13228,.F.);
#13217 = FACE_BOUND('',#13218,.F.);
#13218 = EDGE_LOOP('',(#13219,#13220,#13221,#13227));
#13219 = ORIENTED_EDGE('',*,*,#13188,.T.);
#13220 = ORIENTED_EDGE('',*,*,#12720,.T.);
#13221 = ORIENTED_EDGE('',*,*,#13222,.F.);
#13222 = EDGE_CURVE('',#12392,#12721,#13223,.T.);
#13223 = LINE('',#13224,#13225);
#13224 = CARTESIAN_POINT('',(-1.016,-6.35,0.));
#13225 = VECTOR('',#13226,1.);
#13226 = DIRECTION('',(0.,0.,1.));
#13227 = ORIENTED_EDGE('',*,*,#12391,.F.);
#13228 = PLANE('',#13229);
#13229 = AXIS2_PLACEMENT_3D('',#13230,#13231,#13232);
#13230 = CARTESIAN_POINT('',(-1.27,-6.096,0.));
#13231 = DIRECTION('',(0.707106781187,0.707106781187,0.));
#13232 = DIRECTION('',(0.707106781187,-0.707106781187,0.));
#13233 = ADVANCED_FACE('',(#13234),#13245,.F.);
#13234 = FACE_BOUND('',#13235,.F.);
#13235 = EDGE_LOOP('',(#13236,#13242,#13243,#13244));
#13236 = ORIENTED_EDGE('',*,*,#13237,.T.);
#13237 = EDGE_CURVE('',#12456,#12785,#13238,.T.);
#13238 = LINE('',#13239,#13240);
#13239 = CARTESIAN_POINT('',(1.27,-6.096,0.));
#13240 = VECTOR('',#13241,1.);
#13241 = DIRECTION('',(0.,0.,1.));
#13242 = ORIENTED_EDGE('',*,*,#12792,.T.);
#13243 = ORIENTED_EDGE('',*,*,#13203,.F.);
#13244 = ORIENTED_EDGE('',*,*,#12463,.F.);
#13245 = PLANE('',#13246);
#13246 = AXIS2_PLACEMENT_3D('',#13247,#13248,#13249);
#13247 = CARTESIAN_POINT('',(1.27,-6.096,0.));
#13248 = DIRECTION('',(-1.,0.,0.));
#13249 = DIRECTION('',(0.,1.,0.));
#13250 = ADVANCED_FACE('',(#13251),#13262,.F.);
#13251 = FACE_BOUND('',#13252,.F.);
#13252 = EDGE_LOOP('',(#13253,#13254,#13255,#13261));
#13253 = ORIENTED_EDGE('',*,*,#13222,.T.);
#13254 = ORIENTED_EDGE('',*,*,#12728,.T.);
#13255 = ORIENTED_EDGE('',*,*,#13256,.F.);
#13256 = EDGE_CURVE('',#12400,#12729,#13257,.T.);
#13257 = LINE('',#13258,#13259);
#13258 = CARTESIAN_POINT('',(-1.27,-6.604,0.));
#13259 = VECTOR('',#13260,1.);
#13260 = DIRECTION('',(0.,0.,1.));
#13261 = ORIENTED_EDGE('',*,*,#12399,.F.);
#13262 = PLANE('',#13263);
#13263 = AXIS2_PLACEMENT_3D('',#13264,#13265,#13266);
#13264 = CARTESIAN_POINT('',(-1.016,-6.35,0.));
#13265 = DIRECTION('',(0.707106781187,-0.707106781187,0.));
#13266 = DIRECTION('',(-0.707106781187,-0.707106781187,0.));
#13267 = ADVANCED_FACE('',(#13268),#13279,.F.);
#13268 = FACE_BOUND('',#13269,.F.);
#13269 = EDGE_LOOP('',(#13270,#13276,#13277,#13278));
#13270 = ORIENTED_EDGE('',*,*,#13271,.T.);
#13271 = EDGE_CURVE('',#12448,#12777,#13272,.T.);
#13272 = LINE('',#13273,#13274);
#13273 = CARTESIAN_POINT('',(1.016,-6.35,0.));
#13274 = VECTOR('',#13275,1.);
#13275 = DIRECTION('',(0.,0.,1.));
#13276 = ORIENTED_EDGE('',*,*,#12784,.T.);
#13277 = ORIENTED_EDGE('',*,*,#13237,.F.);
#13278 = ORIENTED_EDGE('',*,*,#12455,.F.);
#13279 = PLANE('',#13280);
#13280 = AXIS2_PLACEMENT_3D('',#13281,#13282,#13283);
#13281 = CARTESIAN_POINT('',(1.016,-6.35,0.));
#13282 = DIRECTION('',(-0.707106781187,0.707106781187,0.));
#13283 = DIRECTION('',(0.707106781187,0.707106781187,0.));
#13284 = ADVANCED_FACE('',(#13285),#13296,.F.);
#13285 = FACE_BOUND('',#13286,.F.);
#13286 = EDGE_LOOP('',(#13287,#13288,#13289,#13295));
#13287 = ORIENTED_EDGE('',*,*,#13256,.T.);
#13288 = ORIENTED_EDGE('',*,*,#12736,.T.);
#13289 = ORIENTED_EDGE('',*,*,#13290,.F.);
#13290 = EDGE_CURVE('',#12408,#12737,#13291,.T.);
#13291 = LINE('',#13292,#13293);
#13292 = CARTESIAN_POINT('',(-1.27,-8.636,0.));
#13293 = VECTOR('',#13294,1.);
#13294 = DIRECTION('',(0.,0.,1.));
#13295 = ORIENTED_EDGE('',*,*,#12407,.F.);
#13296 = PLANE('',#13297);
#13297 = AXIS2_PLACEMENT_3D('',#13298,#13299,#13300);
#13298 = CARTESIAN_POINT('',(-1.27,-6.604,0.));
#13299 = DIRECTION('',(1.,0.,0.));
#13300 = DIRECTION('',(0.,-1.,0.));
#13301 = ADVANCED_FACE('',(#13302),#13313,.F.);
#13302 = FACE_BOUND('',#13303,.F.);
#13303 = EDGE_LOOP('',(#13304,#13310,#13311,#13312));
#13304 = ORIENTED_EDGE('',*,*,#13305,.T.);
#13305 = EDGE_CURVE('',#12440,#12769,#13306,.T.);
#13306 = LINE('',#13307,#13308);
#13307 = CARTESIAN_POINT('',(1.27,-6.604,0.));
#13308 = VECTOR('',#13309,1.);
#13309 = DIRECTION('',(0.,0.,1.));
#13310 = ORIENTED_EDGE('',*,*,#12776,.T.);
#13311 = ORIENTED_EDGE('',*,*,#13271,.F.);
#13312 = ORIENTED_EDGE('',*,*,#12447,.F.);
#13313 = PLANE('',#13314);
#13314 = AXIS2_PLACEMENT_3D('',#13315,#13316,#13317);
#13315 = CARTESIAN_POINT('',(1.27,-6.604,0.));
#13316 = DIRECTION('',(-0.707106781187,-0.707106781187,0.));
#13317 = DIRECTION('',(-0.707106781187,0.707106781187,0.));
#13318 = ADVANCED_FACE('',(#13319),#13330,.F.);
#13319 = FACE_BOUND('',#13320,.F.);
#13320 = EDGE_LOOP('',(#13321,#13322,#13323,#13329));
#13321 = ORIENTED_EDGE('',*,*,#13290,.T.);
#13322 = ORIENTED_EDGE('',*,*,#12744,.T.);
#13323 = ORIENTED_EDGE('',*,*,#13324,.F.);
#13324 = EDGE_CURVE('',#12416,#12745,#13325,.T.);
#13325 = LINE('',#13326,#13327);
#13326 = CARTESIAN_POINT('',(-1.016,-8.89,0.));
#13327 = VECTOR('',#13328,1.);
#13328 = DIRECTION('',(0.,0.,1.));
#13329 = ORIENTED_EDGE('',*,*,#12415,.F.);
#13330 = PLANE('',#13331);
#13331 = AXIS2_PLACEMENT_3D('',#13332,#13333,#13334);
#13332 = CARTESIAN_POINT('',(-1.27,-8.636,0.));
#13333 = DIRECTION('',(0.707106781187,0.707106781187,0.));
#13334 = DIRECTION('',(0.707106781187,-0.707106781187,0.));
#13335 = ADVANCED_FACE('',(#13336),#13347,.F.);
#13336 = FACE_BOUND('',#13337,.F.);
#13337 = EDGE_LOOP('',(#13338,#13344,#13345,#13346));
#13338 = ORIENTED_EDGE('',*,*,#13339,.T.);
#13339 = EDGE_CURVE('',#12432,#12761,#13340,.T.);
#13340 = LINE('',#13341,#13342);
#13341 = CARTESIAN_POINT('',(1.27,-8.636,0.));
#13342 = VECTOR('',#13343,1.);
#13343 = DIRECTION('',(0.,0.,1.));
#13344 = ORIENTED_EDGE('',*,*,#12768,.T.);
#13345 = ORIENTED_EDGE('',*,*,#13305,.F.);
#13346 = ORIENTED_EDGE('',*,*,#12439,.F.);
#13347 = PLANE('',#13348);
#13348 = AXIS2_PLACEMENT_3D('',#13349,#13350,#13351);
#13349 = CARTESIAN_POINT('',(1.27,-8.636,0.));
#13350 = DIRECTION('',(-1.,0.,0.));
#13351 = DIRECTION('',(0.,1.,0.));
#13352 = ADVANCED_FACE('',(#13353),#13364,.F.);
#13353 = FACE_BOUND('',#13354,.F.);
#13354 = EDGE_LOOP('',(#13355,#13356,#13357,#13363));
#13355 = ORIENTED_EDGE('',*,*,#13324,.T.);
#13356 = ORIENTED_EDGE('',*,*,#12752,.T.);
#13357 = ORIENTED_EDGE('',*,*,#13358,.F.);
#13358 = EDGE_CURVE('',#12424,#12753,#13359,.T.);
#13359 = LINE('',#13360,#13361);
#13360 = CARTESIAN_POINT('',(1.016,-8.89,0.));
#13361 = VECTOR('',#13362,1.);
#13362 = DIRECTION('',(0.,0.,1.));
#13363 = ORIENTED_EDGE('',*,*,#12423,.F.);
#13364 = PLANE('',#13365);
#13365 = AXIS2_PLACEMENT_3D('',#13366,#13367,#13368);
#13366 = CARTESIAN_POINT('',(-1.016,-8.89,0.));
#13367 = DIRECTION('',(0.,1.,0.));
#13368 = DIRECTION('',(1.,0.,0.));
#13369 = ADVANCED_FACE('',(#13370),#13376,.F.);
#13370 = FACE_BOUND('',#13371,.F.);
#13371 = EDGE_LOOP('',(#13372,#13373,#13374,#13375));
#13372 = ORIENTED_EDGE('',*,*,#13358,.T.);
#13373 = ORIENTED_EDGE('',*,*,#12760,.T.);
#13374 = ORIENTED_EDGE('',*,*,#13339,.F.);
#13375 = ORIENTED_EDGE('',*,*,#12431,.F.);
#13376 = PLANE('',#13377);
#13377 = AXIS2_PLACEMENT_3D('',#13378,#13379,#13380);
#13378 = CARTESIAN_POINT('',(1.016,-8.89,0.));
#13379 = DIRECTION('',(-0.707106781187,0.707106781187,0.));
#13380 = DIRECTION('',(0.707106781187,0.707106781187,0.));
#13381 = ADVANCED_FACE('',(#13382),#13407,.T.);
#13382 = FACE_BOUND('',#13383,.T.);
#13383 = EDGE_LOOP('',(#13384,#13392,#13400,#13406));
#13384 = ORIENTED_EDGE('',*,*,#13385,.F.);
#13385 = EDGE_CURVE('',#13386,#12529,#13388,.T.);
#13386 = VERTEX_POINT('',#13387);
#13387 = CARTESIAN_POINT('',(0.32,-4.76,-2.84));
#13388 = LINE('',#13389,#13390);
#13389 = CARTESIAN_POINT('',(0.32,-4.76,-3.));
#13390 = VECTOR('',#13391,1.);
#13391 = DIRECTION('',(0.,0.,1.));
#13392 = ORIENTED_EDGE('',*,*,#13393,.F.);
#13393 = EDGE_CURVE('',#13394,#13386,#13396,.T.);
#13394 = VERTEX_POINT('',#13395);
#13395 = CARTESIAN_POINT('',(-0.32,-4.76,-2.84));
#13396 = LINE('',#13397,#13398);
#13397 = CARTESIAN_POINT('',(-0.32,-4.76,-2.84));
#13398 = VECTOR('',#13399,1.);
#13399 = DIRECTION('',(1.,0.,0.));
#13400 = ORIENTED_EDGE('',*,*,#13401,.T.);
#13401 = EDGE_CURVE('',#13394,#12531,#13402,.T.);
#13402 = LINE('',#13403,#13404);
#13403 = CARTESIAN_POINT('',(-0.32,-4.76,-3.));
#13404 = VECTOR('',#13405,1.);
#13405 = DIRECTION('',(0.,0.,1.));
#13406 = ORIENTED_EDGE('',*,*,#12528,.F.);
#13407 = PLANE('',#13408);
#13408 = AXIS2_PLACEMENT_3D('',#13409,#13410,#13411);
#13409 = CARTESIAN_POINT('',(-0.32,-4.76,-3.));
#13410 = DIRECTION('',(0.,1.,0.));
#13411 = DIRECTION('',(0.,-0.,1.));
#13412 = ADVANCED_FACE('',(#13413),#13431,.F.);
#13413 = FACE_BOUND('',#13414,.F.);
#13414 = EDGE_LOOP('',(#13415,#13423,#13429,#13430));
#13415 = ORIENTED_EDGE('',*,*,#13416,.F.);
#13416 = EDGE_CURVE('',#13417,#12547,#13419,.T.);
#13417 = VERTEX_POINT('',#13418);
#13418 = CARTESIAN_POINT('',(-0.32,-5.4,-2.84));
#13419 = LINE('',#13420,#13421);
#13420 = CARTESIAN_POINT('',(-0.32,-5.4,-3.));
#13421 = VECTOR('',#13422,1.);
#13422 = DIRECTION('',(0.,0.,1.));
#13423 = ORIENTED_EDGE('',*,*,#13424,.T.);
#13424 = EDGE_CURVE('',#13417,#13394,#13425,.T.);
#13425 = LINE('',#13426,#13427);
#13426 = CARTESIAN_POINT('',(-0.32,-5.4,-2.84));
#13427 = VECTOR('',#13428,1.);
#13428 = DIRECTION('',(0.,1.,0.));
#13429 = ORIENTED_EDGE('',*,*,#13401,.T.);
#13430 = ORIENTED_EDGE('',*,*,#12554,.F.);
#13431 = PLANE('',#13432);
#13432 = AXIS2_PLACEMENT_3D('',#13433,#13434,#13435);
#13433 = CARTESIAN_POINT('',(-0.32,-5.4,-3.));
#13434 = DIRECTION('',(1.,0.,0.));
#13435 = DIRECTION('',(0.,0.,1.));
#13436 = ADVANCED_FACE('',(#13437),#13455,.F.);
#13437 = FACE_BOUND('',#13438,.F.);
#13438 = EDGE_LOOP('',(#13439,#13447,#13453,#13454));
#13439 = ORIENTED_EDGE('',*,*,#13440,.F.);
#13440 = EDGE_CURVE('',#13441,#12539,#13443,.T.);
#13441 = VERTEX_POINT('',#13442);
#13442 = CARTESIAN_POINT('',(0.32,-5.4,-2.84));
#13443 = LINE('',#13444,#13445);
#13444 = CARTESIAN_POINT('',(0.32,-5.4,-3.));
#13445 = VECTOR('',#13446,1.);
#13446 = DIRECTION('',(0.,0.,1.));
#13447 = ORIENTED_EDGE('',*,*,#13448,.F.);
#13448 = EDGE_CURVE('',#13417,#13441,#13449,.T.);
#13449 = LINE('',#13450,#13451);
#13450 = CARTESIAN_POINT('',(-0.32,-5.4,-2.84));
#13451 = VECTOR('',#13452,1.);
#13452 = DIRECTION('',(1.,0.,0.));
#13453 = ORIENTED_EDGE('',*,*,#13416,.T.);
#13454 = ORIENTED_EDGE('',*,*,#12546,.F.);
#13455 = PLANE('',#13456);
#13456 = AXIS2_PLACEMENT_3D('',#13457,#13458,#13459);
#13457 = CARTESIAN_POINT('',(-0.32,-5.4,-3.));
#13458 = DIRECTION('',(0.,1.,0.));
#13459 = DIRECTION('',(0.,-0.,1.));
#13460 = ADVANCED_FACE('',(#13461),#13472,.T.);
#13461 = FACE_BOUND('',#13462,.T.);
#13462 = EDGE_LOOP('',(#13463,#13464,#13470,#13471));
#13463 = ORIENTED_EDGE('',*,*,#13440,.F.);
#13464 = ORIENTED_EDGE('',*,*,#13465,.T.);
#13465 = EDGE_CURVE('',#13441,#13386,#13466,.T.);
#13466 = LINE('',#13467,#13468);
#13467 = CARTESIAN_POINT('',(0.32,-5.4,-2.84));
#13468 = VECTOR('',#13469,1.);
#13469 = DIRECTION('',(0.,1.,0.));
#13470 = ORIENTED_EDGE('',*,*,#13385,.T.);
#13471 = ORIENTED_EDGE('',*,*,#12538,.F.);
#13472 = PLANE('',#13473);
#13473 = AXIS2_PLACEMENT_3D('',#13474,#13475,#13476);
#13474 = CARTESIAN_POINT('',(0.32,-5.4,-3.));
#13475 = DIRECTION('',(1.,0.,0.));
#13476 = DIRECTION('',(0.,0.,1.));
#13477 = ADVANCED_FACE('',(#13478),#13503,.T.);
#13478 = FACE_BOUND('',#13479,.T.);
#13479 = EDGE_LOOP('',(#13480,#13488,#13496,#13502));
#13480 = ORIENTED_EDGE('',*,*,#13481,.F.);
#13481 = EDGE_CURVE('',#13482,#12563,#13484,.T.);
#13482 = VERTEX_POINT('',#13483);
#13483 = CARTESIAN_POINT('',(0.32,-7.94,-2.84));
#13484 = LINE('',#13485,#13486);
#13485 = CARTESIAN_POINT('',(0.32,-7.94,-3.));
#13486 = VECTOR('',#13487,1.);
#13487 = DIRECTION('',(0.,0.,1.));
#13488 = ORIENTED_EDGE('',*,*,#13489,.T.);
#13489 = EDGE_CURVE('',#13482,#13490,#13492,.T.);
#13490 = VERTEX_POINT('',#13491);
#13491 = CARTESIAN_POINT('',(0.32,-7.3,-2.84));
#13492 = LINE('',#13493,#13494);
#13493 = CARTESIAN_POINT('',(0.32,-7.94,-2.84));
#13494 = VECTOR('',#13495,1.);
#13495 = DIRECTION('',(0.,1.,0.));
#13496 = ORIENTED_EDGE('',*,*,#13497,.T.);
#13497 = EDGE_CURVE('',#13490,#12565,#13498,.T.);
#13498 = LINE('',#13499,#13500);
#13499 = CARTESIAN_POINT('',(0.32,-7.3,-3.));
#13500 = VECTOR('',#13501,1.);
#13501 = DIRECTION('',(0.,0.,1.));
#13502 = ORIENTED_EDGE('',*,*,#12562,.F.);
#13503 = PLANE('',#13504);
#13504 = AXIS2_PLACEMENT_3D('',#13505,#13506,#13507);
#13505 = CARTESIAN_POINT('',(0.32,-7.94,-3.));
#13506 = DIRECTION('',(1.,0.,0.));
#13507 = DIRECTION('',(0.,0.,1.));
#13508 = ADVANCED_FACE('',(#13509),#13527,.T.);
#13509 = FACE_BOUND('',#13510,.T.);
#13510 = EDGE_LOOP('',(#13511,#13512,#13520,#13526));
#13511 = ORIENTED_EDGE('',*,*,#13497,.F.);
#13512 = ORIENTED_EDGE('',*,*,#13513,.F.);
#13513 = EDGE_CURVE('',#13514,#13490,#13516,.T.);
#13514 = VERTEX_POINT('',#13515);
#13515 = CARTESIAN_POINT('',(-0.32,-7.3,-2.84));
#13516 = LINE('',#13517,#13518);
#13517 = CARTESIAN_POINT('',(-0.32,-7.3,-2.84));
#13518 = VECTOR('',#13519,1.);
#13519 = DIRECTION('',(1.,0.,0.));
#13520 = ORIENTED_EDGE('',*,*,#13521,.T.);
#13521 = EDGE_CURVE('',#13514,#12581,#13522,.T.);
#13522 = LINE('',#13523,#13524);
#13523 = CARTESIAN_POINT('',(-0.32,-7.3,-3.));
#13524 = VECTOR('',#13525,1.);
#13525 = DIRECTION('',(0.,0.,1.));
#13526 = ORIENTED_EDGE('',*,*,#12588,.F.);
#13527 = PLANE('',#13528);
#13528 = AXIS2_PLACEMENT_3D('',#13529,#13530,#13531);
#13529 = CARTESIAN_POINT('',(-0.32,-7.3,-3.));
#13530 = DIRECTION('',(0.,1.,0.));
#13531 = DIRECTION('',(0.,-0.,1.));
#13532 = ADVANCED_FACE('',(#13533),#13551,.F.);
#13533 = FACE_BOUND('',#13534,.F.);
#13534 = EDGE_LOOP('',(#13535,#13543,#13549,#13550));
#13535 = ORIENTED_EDGE('',*,*,#13536,.F.);
#13536 = EDGE_CURVE('',#13537,#12573,#13539,.T.);
#13537 = VERTEX_POINT('',#13538);
#13538 = CARTESIAN_POINT('',(-0.32,-7.94,-2.84));
#13539 = LINE('',#13540,#13541);
#13540 = CARTESIAN_POINT('',(-0.32,-7.94,-3.));
#13541 = VECTOR('',#13542,1.);
#13542 = DIRECTION('',(0.,0.,1.));
#13543 = ORIENTED_EDGE('',*,*,#13544,.T.);
#13544 = EDGE_CURVE('',#13537,#13514,#13545,.T.);
#13545 = LINE('',#13546,#13547);
#13546 = CARTESIAN_POINT('',(-0.32,-7.94,-2.84));
#13547 = VECTOR('',#13548,1.);
#13548 = DIRECTION('',(0.,1.,0.));
#13549 = ORIENTED_EDGE('',*,*,#13521,.T.);
#13550 = ORIENTED_EDGE('',*,*,#12580,.F.);
#13551 = PLANE('',#13552);
#13552 = AXIS2_PLACEMENT_3D('',#13553,#13554,#13555);
#13553 = CARTESIAN_POINT('',(-0.32,-7.94,-3.));
#13554 = DIRECTION('',(1.,0.,0.));
#13555 = DIRECTION('',(0.,0.,1.));
#13556 = ADVANCED_FACE('',(#13557),#13568,.F.);
#13557 = FACE_BOUND('',#13558,.F.);
#13558 = EDGE_LOOP('',(#13559,#13560,#13566,#13567));
#13559 = ORIENTED_EDGE('',*,*,#13481,.F.);
#13560 = ORIENTED_EDGE('',*,*,#13561,.F.);
#13561 = EDGE_CURVE('',#13537,#13482,#13562,.T.);
#13562 = LINE('',#13563,#13564);
#13563 = CARTESIAN_POINT('',(-0.32,-7.94,-2.84));
#13564 = VECTOR('',#13565,1.);
#13565 = DIRECTION('',(1.,0.,0.));
#13566 = ORIENTED_EDGE('',*,*,#13536,.T.);
#13567 = ORIENTED_EDGE('',*,*,#12572,.F.);
#13568 = PLANE('',#13569);
#13569 = AXIS2_PLACEMENT_3D('',#13570,#13571,#13572);
#13570 = CARTESIAN_POINT('',(-0.32,-7.94,-3.));
#13571 = DIRECTION('',(0.,1.,0.));
#13572 = DIRECTION('',(0.,-0.,1.));
#13573 = ADVANCED_FACE('',(#13574),#13599,.T.);
#13574 = FACE_BOUND('',#13575,.T.);
#13575 = EDGE_LOOP('',(#13576,#13584,#13592,#13598));
#13576 = ORIENTED_EDGE('',*,*,#13577,.F.);
#13577 = EDGE_CURVE('',#13578,#12597,#13580,.T.);
#13578 = VERTEX_POINT('',#13579);
#13579 = CARTESIAN_POINT('',(0.32,-0.32,-2.84));
#13580 = LINE('',#13581,#13582);
#13581 = CARTESIAN_POINT('',(0.32,-0.32,-3.));
#13582 = VECTOR('',#13583,1.);
#13583 = DIRECTION('',(0.,0.,1.));
#13584 = ORIENTED_EDGE('',*,*,#13585,.T.);
#13585 = EDGE_CURVE('',#13578,#13586,#13588,.T.);
#13586 = VERTEX_POINT('',#13587);
#13587 = CARTESIAN_POINT('',(0.32,0.32,-2.84));
#13588 = LINE('',#13589,#13590);
#13589 = CARTESIAN_POINT('',(0.32,-0.32,-2.84));
#13590 = VECTOR('',#13591,1.);
#13591 = DIRECTION('',(0.,1.,0.));
#13592 = ORIENTED_EDGE('',*,*,#13593,.T.);
#13593 = EDGE_CURVE('',#13586,#12599,#13594,.T.);
#13594 = LINE('',#13595,#13596);
#13595 = CARTESIAN_POINT('',(0.32,0.32,-3.));
#13596 = VECTOR('',#13597,1.);
#13597 = DIRECTION('',(0.,0.,1.));
#13598 = ORIENTED_EDGE('',*,*,#12596,.F.);
#13599 = PLANE('',#13600);
#13600 = AXIS2_PLACEMENT_3D('',#13601,#13602,#13603);
#13601 = CARTESIAN_POINT('',(0.32,-0.32,-3.));
#13602 = DIRECTION('',(1.,0.,0.));
#13603 = DIRECTION('',(0.,0.,1.));
#13604 = ADVANCED_FACE('',(#13605),#13623,.T.);
#13605 = FACE_BOUND('',#13606,.T.);
#13606 = EDGE_LOOP('',(#13607,#13608,#13616,#13622));
#13607 = ORIENTED_EDGE('',*,*,#13593,.F.);
#13608 = ORIENTED_EDGE('',*,*,#13609,.F.);
#13609 = EDGE_CURVE('',#13610,#13586,#13612,.T.);
#13610 = VERTEX_POINT('',#13611);
#13611 = CARTESIAN_POINT('',(-0.32,0.32,-2.84));
#13612 = LINE('',#13613,#13614);
#13613 = CARTESIAN_POINT('',(-0.32,0.32,-2.84));
#13614 = VECTOR('',#13615,1.);
#13615 = DIRECTION('',(1.,0.,0.));
#13616 = ORIENTED_EDGE('',*,*,#13617,.T.);
#13617 = EDGE_CURVE('',#13610,#12615,#13618,.T.);
#13618 = LINE('',#13619,#13620);
#13619 = CARTESIAN_POINT('',(-0.32,0.32,-3.));
#13620 = VECTOR('',#13621,1.);
#13621 = DIRECTION('',(0.,0.,1.));
#13622 = ORIENTED_EDGE('',*,*,#12622,.F.);
#13623 = PLANE('',#13624);
#13624 = AXIS2_PLACEMENT_3D('',#13625,#13626,#13627);
#13625 = CARTESIAN_POINT('',(-0.32,0.32,-3.));
#13626 = DIRECTION('',(0.,1.,0.));
#13627 = DIRECTION('',(0.,-0.,1.));
#13628 = ADVANCED_FACE('',(#13629),#13647,.F.);
#13629 = FACE_BOUND('',#13630,.F.);
#13630 = EDGE_LOOP('',(#13631,#13639,#13645,#13646));
#13631 = ORIENTED_EDGE('',*,*,#13632,.F.);
#13632 = EDGE_CURVE('',#13633,#12607,#13635,.T.);
#13633 = VERTEX_POINT('',#13634);
#13634 = CARTESIAN_POINT('',(-0.32,-0.32,-2.84));
#13635 = LINE('',#13636,#13637);
#13636 = CARTESIAN_POINT('',(-0.32,-0.32,-3.));
#13637 = VECTOR('',#13638,1.);
#13638 = DIRECTION('',(0.,0.,1.));
#13639 = ORIENTED_EDGE('',*,*,#13640,.T.);
#13640 = EDGE_CURVE('',#13633,#13610,#13641,.T.);
#13641 = LINE('',#13642,#13643);
#13642 = CARTESIAN_POINT('',(-0.32,-0.32,-2.84));
#13643 = VECTOR('',#13644,1.);
#13644 = DIRECTION('',(0.,1.,0.));
#13645 = ORIENTED_EDGE('',*,*,#13617,.T.);
#13646 = ORIENTED_EDGE('',*,*,#12614,.F.);
#13647 = PLANE('',#13648);
#13648 = AXIS2_PLACEMENT_3D('',#13649,#13650,#13651);
#13649 = CARTESIAN_POINT('',(-0.32,-0.32,-3.));
#13650 = DIRECTION('',(1.,0.,0.));
#13651 = DIRECTION('',(0.,0.,1.));
#13652 = ADVANCED_FACE('',(#13653),#13664,.F.);
#13653 = FACE_BOUND('',#13654,.F.);
#13654 = EDGE_LOOP('',(#13655,#13656,#13662,#13663));
#13655 = ORIENTED_EDGE('',*,*,#13577,.F.);
#13656 = ORIENTED_EDGE('',*,*,#13657,.F.);
#13657 = EDGE_CURVE('',#13633,#13578,#13658,.T.);
#13658 = LINE('',#13659,#13660);
#13659 = CARTESIAN_POINT('',(-0.32,-0.32,-2.84));
#13660 = VECTOR('',#13661,1.);
#13661 = DIRECTION('',(1.,0.,0.));
#13662 = ORIENTED_EDGE('',*,*,#13632,.T.);
#13663 = ORIENTED_EDGE('',*,*,#12606,.F.);
#13664 = PLANE('',#13665);
#13665 = AXIS2_PLACEMENT_3D('',#13666,#13667,#13668);
#13666 = CARTESIAN_POINT('',(-0.32,-0.32,-3.));
#13667 = DIRECTION('',(0.,1.,0.));
#13668 = DIRECTION('',(0.,-0.,1.));
#13669 = ADVANCED_FACE('',(#13670),#13695,.T.);
#13670 = FACE_BOUND('',#13671,.T.);
#13671 = EDGE_LOOP('',(#13672,#13680,#13688,#13694));
#13672 = ORIENTED_EDGE('',*,*,#13673,.F.);
#13673 = EDGE_CURVE('',#13674,#12631,#13676,.T.);
#13674 = VERTEX_POINT('',#13675);
#13675 = CARTESIAN_POINT('',(0.32,-2.22,-2.84));
#13676 = LINE('',#13677,#13678);
#13677 = CARTESIAN_POINT('',(0.32,-2.22,-3.));
#13678 = VECTOR('',#13679,1.);
#13679 = DIRECTION('',(0.,0.,1.));
#13680 = ORIENTED_EDGE('',*,*,#13681,.F.);
#13681 = EDGE_CURVE('',#13682,#13674,#13684,.T.);
#13682 = VERTEX_POINT('',#13683);
#13683 = CARTESIAN_POINT('',(-0.32,-2.22,-2.84));
#13684 = LINE('',#13685,#13686);
#13685 = CARTESIAN_POINT('',(-0.32,-2.22,-2.84));
#13686 = VECTOR('',#13687,1.);
#13687 = DIRECTION('',(1.,0.,0.));
#13688 = ORIENTED_EDGE('',*,*,#13689,.T.);
#13689 = EDGE_CURVE('',#13682,#12633,#13690,.T.);
#13690 = LINE('',#13691,#13692);
#13691 = CARTESIAN_POINT('',(-0.32,-2.22,-3.));
#13692 = VECTOR('',#13693,1.);
#13693 = DIRECTION('',(0.,0.,1.));
#13694 = ORIENTED_EDGE('',*,*,#12630,.F.);
#13695 = PLANE('',#13696);
#13696 = AXIS2_PLACEMENT_3D('',#13697,#13698,#13699);
#13697 = CARTESIAN_POINT('',(-0.32,-2.22,-3.));
#13698 = DIRECTION('',(0.,1.,0.));
#13699 = DIRECTION('',(0.,-0.,1.));
#13700 = ADVANCED_FACE('',(#13701),#13719,.F.);
#13701 = FACE_BOUND('',#13702,.F.);
#13702 = EDGE_LOOP('',(#13703,#13711,#13717,#13718));
#13703 = ORIENTED_EDGE('',*,*,#13704,.F.);
#13704 = EDGE_CURVE('',#13705,#12649,#13707,.T.);
#13705 = VERTEX_POINT('',#13706);
#13706 = CARTESIAN_POINT('',(-0.32,-2.86,-2.84));
#13707 = LINE('',#13708,#13709);
#13708 = CARTESIAN_POINT('',(-0.32,-2.86,-3.));
#13709 = VECTOR('',#13710,1.);
#13710 = DIRECTION('',(0.,0.,1.));
#13711 = ORIENTED_EDGE('',*,*,#13712,.T.);
#13712 = EDGE_CURVE('',#13705,#13682,#13713,.T.);
#13713 = LINE('',#13714,#13715);
#13714 = CARTESIAN_POINT('',(-0.32,-2.86,-2.84));
#13715 = VECTOR('',#13716,1.);
#13716 = DIRECTION('',(0.,1.,0.));
#13717 = ORIENTED_EDGE('',*,*,#13689,.T.);
#13718 = ORIENTED_EDGE('',*,*,#12656,.F.);
#13719 = PLANE('',#13720);
#13720 = AXIS2_PLACEMENT_3D('',#13721,#13722,#13723);
#13721 = CARTESIAN_POINT('',(-0.32,-2.86,-3.));
#13722 = DIRECTION('',(1.,0.,0.));
#13723 = DIRECTION('',(0.,0.,1.));
#13724 = ADVANCED_FACE('',(#13725),#13743,.F.);
#13725 = FACE_BOUND('',#13726,.F.);
#13726 = EDGE_LOOP('',(#13727,#13735,#13741,#13742));
#13727 = ORIENTED_EDGE('',*,*,#13728,.F.);
#13728 = EDGE_CURVE('',#13729,#12641,#13731,.T.);
#13729 = VERTEX_POINT('',#13730);
#13730 = CARTESIAN_POINT('',(0.32,-2.86,-2.84));
#13731 = LINE('',#13732,#13733);
#13732 = CARTESIAN_POINT('',(0.32,-2.86,-3.));
#13733 = VECTOR('',#13734,1.);
#13734 = DIRECTION('',(0.,0.,1.));
#13735 = ORIENTED_EDGE('',*,*,#13736,.F.);
#13736 = EDGE_CURVE('',#13705,#13729,#13737,.T.);
#13737 = LINE('',#13738,#13739);
#13738 = CARTESIAN_POINT('',(-0.32,-2.86,-2.84));
#13739 = VECTOR('',#13740,1.);
#13740 = DIRECTION('',(1.,0.,0.));
#13741 = ORIENTED_EDGE('',*,*,#13704,.T.);
#13742 = ORIENTED_EDGE('',*,*,#12648,.F.);
#13743 = PLANE('',#13744);
#13744 = AXIS2_PLACEMENT_3D('',#13745,#13746,#13747);
#13745 = CARTESIAN_POINT('',(-0.32,-2.86,-3.));
#13746 = DIRECTION('',(0.,1.,0.));
#13747 = DIRECTION('',(0.,-0.,1.));
#13748 = ADVANCED_FACE('',(#13749),#13760,.T.);
#13749 = FACE_BOUND('',#13750,.T.);
#13750 = EDGE_LOOP('',(#13751,#13752,#13758,#13759));
#13751 = ORIENTED_EDGE('',*,*,#13728,.F.);
#13752 = ORIENTED_EDGE('',*,*,#13753,.T.);
#13753 = EDGE_CURVE('',#13729,#13674,#13754,.T.);
#13754 = LINE('',#13755,#13756);
#13755 = CARTESIAN_POINT('',(0.32,-2.86,-2.84));
#13756 = VECTOR('',#13757,1.);
#13757 = DIRECTION('',(0.,1.,0.));
#13758 = ORIENTED_EDGE('',*,*,#13673,.T.);
#13759 = ORIENTED_EDGE('',*,*,#12640,.F.);
#13760 = PLANE('',#13761);
#13761 = AXIS2_PLACEMENT_3D('',#13762,#13763,#13764);
#13762 = CARTESIAN_POINT('',(0.32,-2.86,-3.));
#13763 = DIRECTION('',(1.,0.,0.));
#13764 = DIRECTION('',(0.,0.,1.));
#13765 = ADVANCED_FACE('',(#13766),#13791,.T.);
#13766 = FACE_BOUND('',#13767,.T.);
#13767 = EDGE_LOOP('',(#13768,#13776,#13777,#13785));
#13768 = ORIENTED_EDGE('',*,*,#13769,.F.);
#13769 = EDGE_CURVE('',#12858,#13770,#13772,.T.);
#13770 = VERTEX_POINT('',#13771);
#13771 = CARTESIAN_POINT('',(0.32,-4.76,8.38));
#13772 = LINE('',#13773,#13774);
#13773 = CARTESIAN_POINT('',(0.32,-4.76,-3.));
#13774 = VECTOR('',#13775,1.);
#13775 = DIRECTION('',(0.,0.,1.));
#13776 = ORIENTED_EDGE('',*,*,#12857,.T.);
#13777 = ORIENTED_EDGE('',*,*,#13778,.T.);
#13778 = EDGE_CURVE('',#12860,#13779,#13781,.T.);
#13779 = VERTEX_POINT('',#13780);
#13780 = CARTESIAN_POINT('',(-0.32,-4.76,8.38));
#13781 = LINE('',#13782,#13783);
#13782 = CARTESIAN_POINT('',(-0.32,-4.76,-3.));
#13783 = VECTOR('',#13784,1.);
#13784 = DIRECTION('',(0.,0.,1.));
#13785 = ORIENTED_EDGE('',*,*,#13786,.T.);
#13786 = EDGE_CURVE('',#13779,#13770,#13787,.T.);
#13787 = LINE('',#13788,#13789);
#13788 = CARTESIAN_POINT('',(-0.32,-4.76,8.38));
#13789 = VECTOR('',#13790,1.);
#13790 = DIRECTION('',(1.,0.,0.));
#13791 = PLANE('',#13792);
#13792 = AXIS2_PLACEMENT_3D('',#13793,#13794,#13795);
#13793 = CARTESIAN_POINT('',(-0.32,-4.76,-3.));
#13794 = DIRECTION('',(0.,1.,0.));
#13795 = DIRECTION('',(0.,-0.,1.));
#13796 = ADVANCED_FACE('',(#13797),#13815,.F.);
#13797 = FACE_BOUND('',#13798,.F.);
#13798 = EDGE_LOOP('',(#13799,#13807,#13808,#13809));
#13799 = ORIENTED_EDGE('',*,*,#13800,.F.);
#13800 = EDGE_CURVE('',#12876,#13801,#13803,.T.);
#13801 = VERTEX_POINT('',#13802);
#13802 = CARTESIAN_POINT('',(-0.32,-5.4,8.38));
#13803 = LINE('',#13804,#13805);
#13804 = CARTESIAN_POINT('',(-0.32,-5.4,-3.));
#13805 = VECTOR('',#13806,1.);
#13806 = DIRECTION('',(0.,0.,1.));
#13807 = ORIENTED_EDGE('',*,*,#12883,.T.);
#13808 = ORIENTED_EDGE('',*,*,#13778,.T.);
#13809 = ORIENTED_EDGE('',*,*,#13810,.F.);
#13810 = EDGE_CURVE('',#13801,#13779,#13811,.T.);
#13811 = LINE('',#13812,#13813);
#13812 = CARTESIAN_POINT('',(-0.32,-5.4,8.38));
#13813 = VECTOR('',#13814,1.);
#13814 = DIRECTION('',(0.,1.,0.));
#13815 = PLANE('',#13816);
#13816 = AXIS2_PLACEMENT_3D('',#13817,#13818,#13819);
#13817 = CARTESIAN_POINT('',(-0.32,-5.4,-3.));
#13818 = DIRECTION('',(1.,0.,0.));
#13819 = DIRECTION('',(0.,0.,1.));
#13820 = ADVANCED_FACE('',(#13821),#13839,.F.);
#13821 = FACE_BOUND('',#13822,.F.);
#13822 = EDGE_LOOP('',(#13823,#13831,#13832,#13833));
#13823 = ORIENTED_EDGE('',*,*,#13824,.F.);
#13824 = EDGE_CURVE('',#12868,#13825,#13827,.T.);
#13825 = VERTEX_POINT('',#13826);
#13826 = CARTESIAN_POINT('',(0.32,-5.4,8.38));
#13827 = LINE('',#13828,#13829);
#13828 = CARTESIAN_POINT('',(0.32,-5.4,-3.));
#13829 = VECTOR('',#13830,1.);
#13830 = DIRECTION('',(0.,0.,1.));
#13831 = ORIENTED_EDGE('',*,*,#12875,.T.);
#13832 = ORIENTED_EDGE('',*,*,#13800,.T.);
#13833 = ORIENTED_EDGE('',*,*,#13834,.T.);
#13834 = EDGE_CURVE('',#13801,#13825,#13835,.T.);
#13835 = LINE('',#13836,#13837);
#13836 = CARTESIAN_POINT('',(-0.32,-5.4,8.38));
#13837 = VECTOR('',#13838,1.);
#13838 = DIRECTION('',(1.,0.,0.));
#13839 = PLANE('',#13840);
#13840 = AXIS2_PLACEMENT_3D('',#13841,#13842,#13843);
#13841 = CARTESIAN_POINT('',(-0.32,-5.4,-3.));
#13842 = DIRECTION('',(0.,1.,0.));
#13843 = DIRECTION('',(0.,-0.,1.));
#13844 = ADVANCED_FACE('',(#13845),#13856,.T.);
#13845 = FACE_BOUND('',#13846,.T.);
#13846 = EDGE_LOOP('',(#13847,#13848,#13849,#13850));
#13847 = ORIENTED_EDGE('',*,*,#13824,.F.);
#13848 = ORIENTED_EDGE('',*,*,#12867,.T.);
#13849 = ORIENTED_EDGE('',*,*,#13769,.T.);
#13850 = ORIENTED_EDGE('',*,*,#13851,.F.);
#13851 = EDGE_CURVE('',#13825,#13770,#13852,.T.);
#13852 = LINE('',#13853,#13854);
#13853 = CARTESIAN_POINT('',(0.32,-5.4,8.38));
#13854 = VECTOR('',#13855,1.);
#13855 = DIRECTION('',(0.,1.,0.));
#13856 = PLANE('',#13857);
#13857 = AXIS2_PLACEMENT_3D('',#13858,#13859,#13860);
#13858 = CARTESIAN_POINT('',(0.32,-5.4,-3.));
#13859 = DIRECTION('',(1.,0.,0.));
#13860 = DIRECTION('',(0.,0.,1.));
#13861 = ADVANCED_FACE('',(#13862),#13887,.T.);
#13862 = FACE_BOUND('',#13863,.T.);
#13863 = EDGE_LOOP('',(#13864,#13872,#13873,#13881));
#13864 = ORIENTED_EDGE('',*,*,#13865,.F.);
#13865 = EDGE_CURVE('',#12892,#13866,#13868,.T.);
#13866 = VERTEX_POINT('',#13867);
#13867 = CARTESIAN_POINT('',(0.32,-7.94,8.38));
#13868 = LINE('',#13869,#13870);
#13869 = CARTESIAN_POINT('',(0.32,-7.94,-3.));
#13870 = VECTOR('',#13871,1.);
#13871 = DIRECTION('',(0.,0.,1.));
#13872 = ORIENTED_EDGE('',*,*,#12891,.T.);
#13873 = ORIENTED_EDGE('',*,*,#13874,.T.);
#13874 = EDGE_CURVE('',#12894,#13875,#13877,.T.);
#13875 = VERTEX_POINT('',#13876);
#13876 = CARTESIAN_POINT('',(0.32,-7.3,8.38));
#13877 = LINE('',#13878,#13879);
#13878 = CARTESIAN_POINT('',(0.32,-7.3,-3.));
#13879 = VECTOR('',#13880,1.);
#13880 = DIRECTION('',(0.,0.,1.));
#13881 = ORIENTED_EDGE('',*,*,#13882,.F.);
#13882 = EDGE_CURVE('',#13866,#13875,#13883,.T.);
#13883 = LINE('',#13884,#13885);
#13884 = CARTESIAN_POINT('',(0.32,-7.94,8.38));
#13885 = VECTOR('',#13886,1.);
#13886 = DIRECTION('',(0.,1.,0.));
#13887 = PLANE('',#13888);
#13888 = AXIS2_PLACEMENT_3D('',#13889,#13890,#13891);
#13889 = CARTESIAN_POINT('',(0.32,-7.94,-3.));
#13890 = DIRECTION('',(1.,0.,0.));
#13891 = DIRECTION('',(0.,0.,1.));
#13892 = ADVANCED_FACE('',(#13893),#13911,.T.);
#13893 = FACE_BOUND('',#13894,.T.);
#13894 = EDGE_LOOP('',(#13895,#13896,#13897,#13905));
#13895 = ORIENTED_EDGE('',*,*,#13874,.F.);
#13896 = ORIENTED_EDGE('',*,*,#12917,.T.);
#13897 = ORIENTED_EDGE('',*,*,#13898,.T.);
#13898 = EDGE_CURVE('',#12910,#13899,#13901,.T.);
#13899 = VERTEX_POINT('',#13900);
#13900 = CARTESIAN_POINT('',(-0.32,-7.3,8.38));
#13901 = LINE('',#13902,#13903);
#13902 = CARTESIAN_POINT('',(-0.32,-7.3,-3.));
#13903 = VECTOR('',#13904,1.);
#13904 = DIRECTION('',(0.,0.,1.));
#13905 = ORIENTED_EDGE('',*,*,#13906,.T.);
#13906 = EDGE_CURVE('',#13899,#13875,#13907,.T.);
#13907 = LINE('',#13908,#13909);
#13908 = CARTESIAN_POINT('',(-0.32,-7.3,8.38));
#13909 = VECTOR('',#13910,1.);
#13910 = DIRECTION('',(1.,0.,0.));
#13911 = PLANE('',#13912);
#13912 = AXIS2_PLACEMENT_3D('',#13913,#13914,#13915);
#13913 = CARTESIAN_POINT('',(-0.32,-7.3,-3.));
#13914 = DIRECTION('',(0.,1.,0.));
#13915 = DIRECTION('',(0.,-0.,1.));
#13916 = ADVANCED_FACE('',(#13917),#13935,.F.);
#13917 = FACE_BOUND('',#13918,.F.);
#13918 = EDGE_LOOP('',(#13919,#13927,#13928,#13929));
#13919 = ORIENTED_EDGE('',*,*,#13920,.F.);
#13920 = EDGE_CURVE('',#12902,#13921,#13923,.T.);
#13921 = VERTEX_POINT('',#13922);
#13922 = CARTESIAN_POINT('',(-0.32,-7.94,8.38));
#13923 = LINE('',#13924,#13925);
#13924 = CARTESIAN_POINT('',(-0.32,-7.94,-3.));
#13925 = VECTOR('',#13926,1.);
#13926 = DIRECTION('',(0.,0.,1.));
#13927 = ORIENTED_EDGE('',*,*,#12909,.T.);
#13928 = ORIENTED_EDGE('',*,*,#13898,.T.);
#13929 = ORIENTED_EDGE('',*,*,#13930,.F.);
#13930 = EDGE_CURVE('',#13921,#13899,#13931,.T.);
#13931 = LINE('',#13932,#13933);
#13932 = CARTESIAN_POINT('',(-0.32,-7.94,8.38));
#13933 = VECTOR('',#13934,1.);
#13934 = DIRECTION('',(0.,1.,0.));
#13935 = PLANE('',#13936);
#13936 = AXIS2_PLACEMENT_3D('',#13937,#13938,#13939);
#13937 = CARTESIAN_POINT('',(-0.32,-7.94,-3.));
#13938 = DIRECTION('',(1.,0.,0.));
#13939 = DIRECTION('',(0.,0.,1.));
#13940 = ADVANCED_FACE('',(#13941),#13952,.F.);
#13941 = FACE_BOUND('',#13942,.F.);
#13942 = EDGE_LOOP('',(#13943,#13944,#13945,#13946));
#13943 = ORIENTED_EDGE('',*,*,#13865,.F.);
#13944 = ORIENTED_EDGE('',*,*,#12901,.T.);
#13945 = ORIENTED_EDGE('',*,*,#13920,.T.);
#13946 = ORIENTED_EDGE('',*,*,#13947,.T.);
#13947 = EDGE_CURVE('',#13921,#13866,#13948,.T.);
#13948 = LINE('',#13949,#13950);
#13949 = CARTESIAN_POINT('',(-0.32,-7.94,8.38));
#13950 = VECTOR('',#13951,1.);
#13951 = DIRECTION('',(1.,0.,0.));
#13952 = PLANE('',#13953);
#13953 = AXIS2_PLACEMENT_3D('',#13954,#13955,#13956);
#13954 = CARTESIAN_POINT('',(-0.32,-7.94,-3.));
#13955 = DIRECTION('',(0.,1.,0.));
#13956 = DIRECTION('',(0.,-0.,1.));
#13957 = ADVANCED_FACE('',(#13958),#13983,.T.);
#13958 = FACE_BOUND('',#13959,.T.);
#13959 = EDGE_LOOP('',(#13960,#13968,#13969,#13977));
#13960 = ORIENTED_EDGE('',*,*,#13961,.F.);
#13961 = EDGE_CURVE('',#12926,#13962,#13964,.T.);
#13962 = VERTEX_POINT('',#13963);
#13963 = CARTESIAN_POINT('',(0.32,-0.32,8.38));
#13964 = LINE('',#13965,#13966);
#13965 = CARTESIAN_POINT('',(0.32,-0.32,-3.));
#13966 = VECTOR('',#13967,1.);
#13967 = DIRECTION('',(0.,0.,1.));
#13968 = ORIENTED_EDGE('',*,*,#12925,.T.);
#13969 = ORIENTED_EDGE('',*,*,#13970,.T.);
#13970 = EDGE_CURVE('',#12928,#13971,#13973,.T.);
#13971 = VERTEX_POINT('',#13972);
#13972 = CARTESIAN_POINT('',(0.32,0.32,8.38));
#13973 = LINE('',#13974,#13975);
#13974 = CARTESIAN_POINT('',(0.32,0.32,-3.));
#13975 = VECTOR('',#13976,1.);
#13976 = DIRECTION('',(0.,0.,1.));
#13977 = ORIENTED_EDGE('',*,*,#13978,.F.);
#13978 = EDGE_CURVE('',#13962,#13971,#13979,.T.);
#13979 = LINE('',#13980,#13981);
#13980 = CARTESIAN_POINT('',(0.32,-0.32,8.38));
#13981 = VECTOR('',#13982,1.);
#13982 = DIRECTION('',(0.,1.,0.));
#13983 = PLANE('',#13984);
#13984 = AXIS2_PLACEMENT_3D('',#13985,#13986,#13987);
#13985 = CARTESIAN_POINT('',(0.32,-0.32,-3.));
#13986 = DIRECTION('',(1.,0.,0.));
#13987 = DIRECTION('',(0.,0.,1.));
#13988 = ADVANCED_FACE('',(#13989),#14007,.T.);
#13989 = FACE_BOUND('',#13990,.T.);
#13990 = EDGE_LOOP('',(#13991,#13992,#13993,#14001));
#13991 = ORIENTED_EDGE('',*,*,#13970,.F.);
#13992 = ORIENTED_EDGE('',*,*,#12951,.T.);
#13993 = ORIENTED_EDGE('',*,*,#13994,.T.);
#13994 = EDGE_CURVE('',#12944,#13995,#13997,.T.);
#13995 = VERTEX_POINT('',#13996);
#13996 = CARTESIAN_POINT('',(-0.32,0.32,8.38));
#13997 = LINE('',#13998,#13999);
#13998 = CARTESIAN_POINT('',(-0.32,0.32,-3.));
#13999 = VECTOR('',#14000,1.);
#14000 = DIRECTION('',(0.,0.,1.));
#14001 = ORIENTED_EDGE('',*,*,#14002,.T.);
#14002 = EDGE_CURVE('',#13995,#13971,#14003,.T.);
#14003 = LINE('',#14004,#14005);
#14004 = CARTESIAN_POINT('',(-0.32,0.32,8.38));
#14005 = VECTOR('',#14006,1.);
#14006 = DIRECTION('',(1.,0.,0.));
#14007 = PLANE('',#14008);
#14008 = AXIS2_PLACEMENT_3D('',#14009,#14010,#14011);
#14009 = CARTESIAN_POINT('',(-0.32,0.32,-3.));
#14010 = DIRECTION('',(0.,1.,0.));
#14011 = DIRECTION('',(0.,-0.,1.));
#14012 = ADVANCED_FACE('',(#14013),#14031,.F.);
#14013 = FACE_BOUND('',#14014,.F.);
#14014 = EDGE_LOOP('',(#14015,#14023,#14024,#14025));
#14015 = ORIENTED_EDGE('',*,*,#14016,.F.);
#14016 = EDGE_CURVE('',#12936,#14017,#14019,.T.);
#14017 = VERTEX_POINT('',#14018);
#14018 = CARTESIAN_POINT('',(-0.32,-0.32,8.38));
#14019 = LINE('',#14020,#14021);
#14020 = CARTESIAN_POINT('',(-0.32,-0.32,-3.));
#14021 = VECTOR('',#14022,1.);
#14022 = DIRECTION('',(0.,0.,1.));
#14023 = ORIENTED_EDGE('',*,*,#12943,.T.);
#14024 = ORIENTED_EDGE('',*,*,#13994,.T.);
#14025 = ORIENTED_EDGE('',*,*,#14026,.F.);
#14026 = EDGE_CURVE('',#14017,#13995,#14027,.T.);
#14027 = LINE('',#14028,#14029);
#14028 = CARTESIAN_POINT('',(-0.32,-0.32,8.38));
#14029 = VECTOR('',#14030,1.);
#14030 = DIRECTION('',(0.,1.,0.));
#14031 = PLANE('',#14032);
#14032 = AXIS2_PLACEMENT_3D('',#14033,#14034,#14035);
#14033 = CARTESIAN_POINT('',(-0.32,-0.32,-3.));
#14034 = DIRECTION('',(1.,0.,0.));
#14035 = DIRECTION('',(0.,0.,1.));
#14036 = ADVANCED_FACE('',(#14037),#14048,.F.);
#14037 = FACE_BOUND('',#14038,.F.);
#14038 = EDGE_LOOP('',(#14039,#14040,#14041,#14042));
#14039 = ORIENTED_EDGE('',*,*,#13961,.F.);
#14040 = ORIENTED_EDGE('',*,*,#12935,.T.);
#14041 = ORIENTED_EDGE('',*,*,#14016,.T.);
#14042 = ORIENTED_EDGE('',*,*,#14043,.T.);
#14043 = EDGE_CURVE('',#14017,#13962,#14044,.T.);
#14044 = LINE('',#14045,#14046);
#14045 = CARTESIAN_POINT('',(-0.32,-0.32,8.38));
#14046 = VECTOR('',#14047,1.);
#14047 = DIRECTION('',(1.,0.,0.));
#14048 = PLANE('',#14049);
#14049 = AXIS2_PLACEMENT_3D('',#14050,#14051,#14052);
#14050 = CARTESIAN_POINT('',(-0.32,-0.32,-3.));
#14051 = DIRECTION('',(0.,1.,0.));
#14052 = DIRECTION('',(0.,-0.,1.));
#14053 = ADVANCED_FACE('',(#14054),#14079,.T.);
#14054 = FACE_BOUND('',#14055,.T.);
#14055 = EDGE_LOOP('',(#14056,#14064,#14065,#14073));
#14056 = ORIENTED_EDGE('',*,*,#14057,.F.);
#14057 = EDGE_CURVE('',#12960,#14058,#14060,.T.);
#14058 = VERTEX_POINT('',#14059);
#14059 = CARTESIAN_POINT('',(0.32,-2.22,8.38));
#14060 = LINE('',#14061,#14062);
#14061 = CARTESIAN_POINT('',(0.32,-2.22,-3.));
#14062 = VECTOR('',#14063,1.);
#14063 = DIRECTION('',(0.,0.,1.));
#14064 = ORIENTED_EDGE('',*,*,#12959,.T.);
#14065 = ORIENTED_EDGE('',*,*,#14066,.T.);
#14066 = EDGE_CURVE('',#12962,#14067,#14069,.T.);
#14067 = VERTEX_POINT('',#14068);
#14068 = CARTESIAN_POINT('',(-0.32,-2.22,8.38));
#14069 = LINE('',#14070,#14071);
#14070 = CARTESIAN_POINT('',(-0.32,-2.22,-3.));
#14071 = VECTOR('',#14072,1.);
#14072 = DIRECTION('',(0.,0.,1.));
#14073 = ORIENTED_EDGE('',*,*,#14074,.T.);
#14074 = EDGE_CURVE('',#14067,#14058,#14075,.T.);
#14075 = LINE('',#14076,#14077);
#14076 = CARTESIAN_POINT('',(-0.32,-2.22,8.38));
#14077 = VECTOR('',#14078,1.);
#14078 = DIRECTION('',(1.,0.,0.));
#14079 = PLANE('',#14080);
#14080 = AXIS2_PLACEMENT_3D('',#14081,#14082,#14083);
#14081 = CARTESIAN_POINT('',(-0.32,-2.22,-3.));
#14082 = DIRECTION('',(0.,1.,0.));
#14083 = DIRECTION('',(0.,-0.,1.));
#14084 = ADVANCED_FACE('',(#14085),#14103,.F.);
#14085 = FACE_BOUND('',#14086,.F.);
#14086 = EDGE_LOOP('',(#14087,#14095,#14096,#14097));
#14087 = ORIENTED_EDGE('',*,*,#14088,.F.);
#14088 = EDGE_CURVE('',#12978,#14089,#14091,.T.);
#14089 = VERTEX_POINT('',#14090);
#14090 = CARTESIAN_POINT('',(-0.32,-2.86,8.38));
#14091 = LINE('',#14092,#14093);
#14092 = CARTESIAN_POINT('',(-0.32,-2.86,-3.));
#14093 = VECTOR('',#14094,1.);
#14094 = DIRECTION('',(0.,0.,1.));
#14095 = ORIENTED_EDGE('',*,*,#12985,.T.);
#14096 = ORIENTED_EDGE('',*,*,#14066,.T.);
#14097 = ORIENTED_EDGE('',*,*,#14098,.F.);
#14098 = EDGE_CURVE('',#14089,#14067,#14099,.T.);
#14099 = LINE('',#14100,#14101);
#14100 = CARTESIAN_POINT('',(-0.32,-2.86,8.38));
#14101 = VECTOR('',#14102,1.);
#14102 = DIRECTION('',(0.,1.,0.));
#14103 = PLANE('',#14104);
#14104 = AXIS2_PLACEMENT_3D('',#14105,#14106,#14107);
#14105 = CARTESIAN_POINT('',(-0.32,-2.86,-3.));
#14106 = DIRECTION('',(1.,0.,0.));
#14107 = DIRECTION('',(0.,0.,1.));
#14108 = ADVANCED_FACE('',(#14109),#14127,.F.);
#14109 = FACE_BOUND('',#14110,.F.);
#14110 = EDGE_LOOP('',(#14111,#14119,#14120,#14121));
#14111 = ORIENTED_EDGE('',*,*,#14112,.F.);
#14112 = EDGE_CURVE('',#12970,#14113,#14115,.T.);
#14113 = VERTEX_POINT('',#14114);
#14114 = CARTESIAN_POINT('',(0.32,-2.86,8.38));
#14115 = LINE('',#14116,#14117);
#14116 = CARTESIAN_POINT('',(0.32,-2.86,-3.));
#14117 = VECTOR('',#14118,1.);
#14118 = DIRECTION('',(0.,0.,1.));
#14119 = ORIENTED_EDGE('',*,*,#12977,.T.);
#14120 = ORIENTED_EDGE('',*,*,#14088,.T.);
#14121 = ORIENTED_EDGE('',*,*,#14122,.T.);
#14122 = EDGE_CURVE('',#14089,#14113,#14123,.T.);
#14123 = LINE('',#14124,#14125);
#14124 = CARTESIAN_POINT('',(-0.32,-2.86,8.38));
#14125 = VECTOR('',#14126,1.);
#14126 = DIRECTION('',(1.,0.,0.));
#14127 = PLANE('',#14128);
#14128 = AXIS2_PLACEMENT_3D('',#14129,#14130,#14131);
#14129 = CARTESIAN_POINT('',(-0.32,-2.86,-3.));
#14130 = DIRECTION('',(0.,1.,0.));
#14131 = DIRECTION('',(0.,-0.,1.));
#14132 = ADVANCED_FACE('',(#14133),#14144,.T.);
#14133 = FACE_BOUND('',#14134,.T.);
#14134 = EDGE_LOOP('',(#14135,#14136,#14137,#14138));
#14135 = ORIENTED_EDGE('',*,*,#14112,.F.);
#14136 = ORIENTED_EDGE('',*,*,#12969,.T.);
#14137 = ORIENTED_EDGE('',*,*,#14057,.T.);
#14138 = ORIENTED_EDGE('',*,*,#14139,.F.);
#14139 = EDGE_CURVE('',#14113,#14058,#14140,.T.);
#14140 = LINE('',#14141,#14142);
#14141 = CARTESIAN_POINT('',(0.32,-2.86,8.38));
#14142 = VECTOR('',#14143,1.);
#14143 = DIRECTION('',(0.,1.,0.));
#14144 = PLANE('',#14145);
#14145 = AXIS2_PLACEMENT_3D('',#14146,#14147,#14148);
#14146 = CARTESIAN_POINT('',(0.32,-2.86,-3.));
#14147 = DIRECTION('',(1.,0.,0.));
#14148 = DIRECTION('',(0.,0.,1.));
#14149 = ADVANCED_FACE('',(#14150),#14175,.F.);
#14150 = FACE_BOUND('',#14151,.T.);
#14151 = EDGE_LOOP('',(#14152,#14160,#14161,#14169));
#14152 = ORIENTED_EDGE('',*,*,#14153,.F.);
#14153 = EDGE_CURVE('',#13394,#14154,#14156,.T.);
#14154 = VERTEX_POINT('',#14155);
#14155 = CARTESIAN_POINT('',(-0.16,-4.92,-3.));
#14156 = LINE('',#14157,#14158);
#14157 = CARTESIAN_POINT('',(-0.16,-4.92,-3.));
#14158 = VECTOR('',#14159,1.);
#14159 = DIRECTION('',(0.57735026919,-0.57735026919,-0.57735026919));
#14160 = ORIENTED_EDGE('',*,*,#13393,.T.);
#14161 = ORIENTED_EDGE('',*,*,#14162,.T.);
#14162 = EDGE_CURVE('',#13386,#14163,#14165,.T.);
#14163 = VERTEX_POINT('',#14164);
#14164 = CARTESIAN_POINT('',(0.16,-4.92,-3.));
#14165 = LINE('',#14166,#14167);
#14166 = CARTESIAN_POINT('',(5.333333333333E-02,-5.026666666667,
    -3.106666666667));
#14167 = VECTOR('',#14168,1.);
#14168 = DIRECTION('',(-0.57735026919,-0.57735026919,-0.57735026919));
#14169 = ORIENTED_EDGE('',*,*,#14170,.F.);
#14170 = EDGE_CURVE('',#14154,#14163,#14171,.T.);
#14171 = LINE('',#14172,#14173);
#14172 = CARTESIAN_POINT('',(-0.32,-4.92,-3.));
#14173 = VECTOR('',#14174,1.);
#14174 = DIRECTION('',(1.,0.,0.));
#14175 = PLANE('',#14176);
#14176 = AXIS2_PLACEMENT_3D('',#14177,#14178,#14179);
#14177 = CARTESIAN_POINT('',(-0.32,-4.84,-2.92));
#14178 = DIRECTION('',(-1.735167508357E-18,-0.707106781187,
    0.707106781187));
#14179 = DIRECTION('',(-1.,1.226948711654E-18,-1.226948711654E-18));
#14180 = ADVANCED_FACE('',(#14181),#14199,.T.);
#14181 = FACE_BOUND('',#14182,.T.);
#14182 = EDGE_LOOP('',(#14183,#14191,#14192,#14193));
#14183 = ORIENTED_EDGE('',*,*,#14184,.F.);
#14184 = EDGE_CURVE('',#13417,#14185,#14187,.T.);
#14185 = VERTEX_POINT('',#14186);
#14186 = CARTESIAN_POINT('',(-0.16,-5.24,-3.));
#14187 = LINE('',#14188,#14189);
#14188 = CARTESIAN_POINT('',(-0.266666666667,-5.346666666667,
    -2.893333333333));
#14189 = VECTOR('',#14190,1.);
#14190 = DIRECTION('',(0.57735026919,0.57735026919,-0.57735026919));
#14191 = ORIENTED_EDGE('',*,*,#13424,.T.);
#14192 = ORIENTED_EDGE('',*,*,#14153,.T.);
#14193 = ORIENTED_EDGE('',*,*,#14194,.F.);
#14194 = EDGE_CURVE('',#14185,#14154,#14195,.T.);
#14195 = LINE('',#14196,#14197);
#14196 = CARTESIAN_POINT('',(-0.16,-5.4,-3.));
#14197 = VECTOR('',#14198,1.);
#14198 = DIRECTION('',(0.,1.,0.));
#14199 = PLANE('',#14200);
#14200 = AXIS2_PLACEMENT_3D('',#14201,#14202,#14203);
#14201 = CARTESIAN_POINT('',(-0.24,-5.4,-2.92));
#14202 = DIRECTION('',(-0.707106781187,-1.735167508357E-18,
    -0.707106781187));
#14203 = DIRECTION('',(-1.226948711654E-18,1.,-1.226948711654E-18));
#14204 = ADVANCED_FACE('',(#14205),#14223,.T.);
#14205 = FACE_BOUND('',#14206,.F.);
#14206 = EDGE_LOOP('',(#14207,#14208,#14209,#14217));
#14207 = ORIENTED_EDGE('',*,*,#14184,.F.);
#14208 = ORIENTED_EDGE('',*,*,#13448,.T.);
#14209 = ORIENTED_EDGE('',*,*,#14210,.T.);
#14210 = EDGE_CURVE('',#13441,#14211,#14213,.T.);
#14211 = VERTEX_POINT('',#14212);
#14212 = CARTESIAN_POINT('',(0.16,-5.24,-3.));
#14213 = LINE('',#14214,#14215);
#14214 = CARTESIAN_POINT('',(0.16,-5.24,-3.));
#14215 = VECTOR('',#14216,1.);
#14216 = DIRECTION('',(-0.57735026919,0.57735026919,-0.57735026919));
#14217 = ORIENTED_EDGE('',*,*,#14218,.F.);
#14218 = EDGE_CURVE('',#14185,#14211,#14219,.T.);
#14219 = LINE('',#14220,#14221);
#14220 = CARTESIAN_POINT('',(-0.32,-5.24,-3.));
#14221 = VECTOR('',#14222,1.);
#14222 = DIRECTION('',(1.,0.,0.));
#14223 = PLANE('',#14224);
#14224 = AXIS2_PLACEMENT_3D('',#14225,#14226,#14227);
#14225 = CARTESIAN_POINT('',(-0.32,-5.32,-2.92));
#14226 = DIRECTION('',(1.735167508357E-18,-0.707106781187,
    -0.707106781187));
#14227 = DIRECTION('',(-1.,-1.226948711654E-18,-1.226948711654E-18));
#14228 = ADVANCED_FACE('',(#14229),#14240,.F.);
#14229 = FACE_BOUND('',#14230,.F.);
#14230 = EDGE_LOOP('',(#14231,#14232,#14233,#14234));
#14231 = ORIENTED_EDGE('',*,*,#14210,.F.);
#14232 = ORIENTED_EDGE('',*,*,#13465,.T.);
#14233 = ORIENTED_EDGE('',*,*,#14162,.T.);
#14234 = ORIENTED_EDGE('',*,*,#14235,.F.);
#14235 = EDGE_CURVE('',#14211,#14163,#14236,.T.);
#14236 = LINE('',#14237,#14238);
#14237 = CARTESIAN_POINT('',(0.16,-5.4,-3.));
#14238 = VECTOR('',#14239,1.);
#14239 = DIRECTION('',(0.,1.,0.));
#14240 = PLANE('',#14241);
#14241 = AXIS2_PLACEMENT_3D('',#14242,#14243,#14244);
#14242 = CARTESIAN_POINT('',(0.24,-5.4,-2.92));
#14243 = DIRECTION('',(-0.707106781187,1.735167508357E-18,0.707106781187
    ));
#14244 = DIRECTION('',(1.226948711654E-18,1.,-1.226948711654E-18));
#14245 = ADVANCED_FACE('',(#14246),#14271,.F.);
#14246 = FACE_BOUND('',#14247,.F.);
#14247 = EDGE_LOOP('',(#14248,#14256,#14257,#14265));
#14248 = ORIENTED_EDGE('',*,*,#14249,.F.);
#14249 = EDGE_CURVE('',#13482,#14250,#14252,.T.);
#14250 = VERTEX_POINT('',#14251);
#14251 = CARTESIAN_POINT('',(0.16,-7.78,-3.));
#14252 = LINE('',#14253,#14254);
#14253 = CARTESIAN_POINT('',(0.16,-7.78,-3.));
#14254 = VECTOR('',#14255,1.);
#14255 = DIRECTION('',(-0.57735026919,0.57735026919,-0.57735026919));
#14256 = ORIENTED_EDGE('',*,*,#13489,.T.);
#14257 = ORIENTED_EDGE('',*,*,#14258,.T.);
#14258 = EDGE_CURVE('',#13490,#14259,#14261,.T.);
#14259 = VERTEX_POINT('',#14260);
#14260 = CARTESIAN_POINT('',(0.16,-7.46,-3.));
#14261 = LINE('',#14262,#14263);
#14262 = CARTESIAN_POINT('',(5.333333333333E-02,-7.566666666667,
    -3.106666666667));
#14263 = VECTOR('',#14264,1.);
#14264 = DIRECTION('',(-0.57735026919,-0.57735026919,-0.57735026919));
#14265 = ORIENTED_EDGE('',*,*,#14266,.F.);
#14266 = EDGE_CURVE('',#14250,#14259,#14267,.T.);
#14267 = LINE('',#14268,#14269);
#14268 = CARTESIAN_POINT('',(0.16,-7.94,-3.));
#14269 = VECTOR('',#14270,1.);
#14270 = DIRECTION('',(0.,1.,0.));
#14271 = PLANE('',#14272);
#14272 = AXIS2_PLACEMENT_3D('',#14273,#14274,#14275);
#14273 = CARTESIAN_POINT('',(0.24,-7.94,-2.92));
#14274 = DIRECTION('',(-0.707106781187,1.735167508357E-18,0.707106781187
    ));
#14275 = DIRECTION('',(1.226948711654E-18,1.,-1.226948711654E-18));
#14276 = ADVANCED_FACE('',(#14277),#14295,.F.);
#14277 = FACE_BOUND('',#14278,.T.);
#14278 = EDGE_LOOP('',(#14279,#14287,#14288,#14289));
#14279 = ORIENTED_EDGE('',*,*,#14280,.F.);
#14280 = EDGE_CURVE('',#13514,#14281,#14283,.T.);
#14281 = VERTEX_POINT('',#14282);
#14282 = CARTESIAN_POINT('',(-0.16,-7.46,-3.));
#14283 = LINE('',#14284,#14285);
#14284 = CARTESIAN_POINT('',(-0.16,-7.46,-3.));
#14285 = VECTOR('',#14286,1.);
#14286 = DIRECTION('',(0.57735026919,-0.57735026919,-0.57735026919));
#14287 = ORIENTED_EDGE('',*,*,#13513,.T.);
#14288 = ORIENTED_EDGE('',*,*,#14258,.T.);
#14289 = ORIENTED_EDGE('',*,*,#14290,.F.);
#14290 = EDGE_CURVE('',#14281,#14259,#14291,.T.);
#14291 = LINE('',#14292,#14293);
#14292 = CARTESIAN_POINT('',(-0.32,-7.46,-3.));
#14293 = VECTOR('',#14294,1.);
#14294 = DIRECTION('',(1.,0.,0.));
#14295 = PLANE('',#14296);
#14296 = AXIS2_PLACEMENT_3D('',#14297,#14298,#14299);
#14297 = CARTESIAN_POINT('',(-0.32,-7.38,-2.92));
#14298 = DIRECTION('',(-1.735167508357E-18,-0.707106781187,
    0.707106781187));
#14299 = DIRECTION('',(-1.,1.226948711654E-18,-1.226948711654E-18));
#14300 = ADVANCED_FACE('',(#14301),#14319,.T.);
#14301 = FACE_BOUND('',#14302,.T.);
#14302 = EDGE_LOOP('',(#14303,#14311,#14312,#14313));
#14303 = ORIENTED_EDGE('',*,*,#14304,.F.);
#14304 = EDGE_CURVE('',#13537,#14305,#14307,.T.);
#14305 = VERTEX_POINT('',#14306);
#14306 = CARTESIAN_POINT('',(-0.16,-7.78,-3.));
#14307 = LINE('',#14308,#14309);
#14308 = CARTESIAN_POINT('',(-0.266666666667,-7.886666666667,
    -2.893333333333));
#14309 = VECTOR('',#14310,1.);
#14310 = DIRECTION('',(0.57735026919,0.57735026919,-0.57735026919));
#14311 = ORIENTED_EDGE('',*,*,#13544,.T.);
#14312 = ORIENTED_EDGE('',*,*,#14280,.T.);
#14313 = ORIENTED_EDGE('',*,*,#14314,.F.);
#14314 = EDGE_CURVE('',#14305,#14281,#14315,.T.);
#14315 = LINE('',#14316,#14317);
#14316 = CARTESIAN_POINT('',(-0.16,-7.94,-3.));
#14317 = VECTOR('',#14318,1.);
#14318 = DIRECTION('',(0.,1.,0.));
#14319 = PLANE('',#14320);
#14320 = AXIS2_PLACEMENT_3D('',#14321,#14322,#14323);
#14321 = CARTESIAN_POINT('',(-0.24,-7.94,-2.92));
#14322 = DIRECTION('',(-0.707106781187,-1.735167508357E-18,
    -0.707106781187));
#14323 = DIRECTION('',(-1.226948711654E-18,1.,-1.226948711654E-18));
#14324 = ADVANCED_FACE('',(#14325),#14336,.T.);
#14325 = FACE_BOUND('',#14326,.F.);
#14326 = EDGE_LOOP('',(#14327,#14328,#14329,#14330));
#14327 = ORIENTED_EDGE('',*,*,#14304,.F.);
#14328 = ORIENTED_EDGE('',*,*,#13561,.T.);
#14329 = ORIENTED_EDGE('',*,*,#14249,.T.);
#14330 = ORIENTED_EDGE('',*,*,#14331,.F.);
#14331 = EDGE_CURVE('',#14305,#14250,#14332,.T.);
#14332 = LINE('',#14333,#14334);
#14333 = CARTESIAN_POINT('',(-0.32,-7.78,-3.));
#14334 = VECTOR('',#14335,1.);
#14335 = DIRECTION('',(1.,0.,0.));
#14336 = PLANE('',#14337);
#14337 = AXIS2_PLACEMENT_3D('',#14338,#14339,#14340);
#14338 = CARTESIAN_POINT('',(-0.32,-7.86,-2.92));
#14339 = DIRECTION('',(1.735167508357E-18,-0.707106781187,
    -0.707106781187));
#14340 = DIRECTION('',(-1.,-1.226948711654E-18,-1.226948711654E-18));
#14341 = ADVANCED_FACE('',(#14342),#14367,.F.);
#14342 = FACE_BOUND('',#14343,.F.);
#14343 = EDGE_LOOP('',(#14344,#14352,#14353,#14361));
#14344 = ORIENTED_EDGE('',*,*,#14345,.F.);
#14345 = EDGE_CURVE('',#13578,#14346,#14348,.T.);
#14346 = VERTEX_POINT('',#14347);
#14347 = CARTESIAN_POINT('',(0.16,-0.16,-3.));
#14348 = LINE('',#14349,#14350);
#14349 = CARTESIAN_POINT('',(0.16,-0.16,-3.));
#14350 = VECTOR('',#14351,1.);
#14351 = DIRECTION('',(-0.57735026919,0.57735026919,-0.57735026919));
#14352 = ORIENTED_EDGE('',*,*,#13585,.T.);
#14353 = ORIENTED_EDGE('',*,*,#14354,.T.);
#14354 = EDGE_CURVE('',#13586,#14355,#14357,.T.);
#14355 = VERTEX_POINT('',#14356);
#14356 = CARTESIAN_POINT('',(0.16,0.16,-3.));
#14357 = LINE('',#14358,#14359);
#14358 = CARTESIAN_POINT('',(5.333333333333E-02,5.333333333333E-02,
    -3.106666666667));
#14359 = VECTOR('',#14360,1.);
#14360 = DIRECTION('',(-0.57735026919,-0.57735026919,-0.57735026919));
#14361 = ORIENTED_EDGE('',*,*,#14362,.F.);
#14362 = EDGE_CURVE('',#14346,#14355,#14363,.T.);
#14363 = LINE('',#14364,#14365);
#14364 = CARTESIAN_POINT('',(0.16,-0.32,-3.));
#14365 = VECTOR('',#14366,1.);
#14366 = DIRECTION('',(0.,1.,0.));
#14367 = PLANE('',#14368);
#14368 = AXIS2_PLACEMENT_3D('',#14369,#14370,#14371);
#14369 = CARTESIAN_POINT('',(0.24,-0.32,-2.92));
#14370 = DIRECTION('',(-0.707106781187,1.735167508357E-18,0.707106781187
    ));
#14371 = DIRECTION('',(1.226948711654E-18,1.,-1.226948711654E-18));
#14372 = ADVANCED_FACE('',(#14373),#14391,.F.);
#14373 = FACE_BOUND('',#14374,.T.);
#14374 = EDGE_LOOP('',(#14375,#14383,#14384,#14385));
#14375 = ORIENTED_EDGE('',*,*,#14376,.F.);
#14376 = EDGE_CURVE('',#13610,#14377,#14379,.T.);
#14377 = VERTEX_POINT('',#14378);
#14378 = CARTESIAN_POINT('',(-0.16,0.16,-3.));
#14379 = LINE('',#14380,#14381);
#14380 = CARTESIAN_POINT('',(-0.16,0.16,-3.));
#14381 = VECTOR('',#14382,1.);
#14382 = DIRECTION('',(0.57735026919,-0.57735026919,-0.57735026919));
#14383 = ORIENTED_EDGE('',*,*,#13609,.T.);
#14384 = ORIENTED_EDGE('',*,*,#14354,.T.);
#14385 = ORIENTED_EDGE('',*,*,#14386,.F.);
#14386 = EDGE_CURVE('',#14377,#14355,#14387,.T.);
#14387 = LINE('',#14388,#14389);
#14388 = CARTESIAN_POINT('',(-0.32,0.16,-3.));
#14389 = VECTOR('',#14390,1.);
#14390 = DIRECTION('',(1.,0.,0.));
#14391 = PLANE('',#14392);
#14392 = AXIS2_PLACEMENT_3D('',#14393,#14394,#14395);
#14393 = CARTESIAN_POINT('',(-0.32,0.24,-2.92));
#14394 = DIRECTION('',(-1.735167508357E-18,-0.707106781187,
    0.707106781187));
#14395 = DIRECTION('',(-1.,1.226948711654E-18,-1.226948711654E-18));
#14396 = ADVANCED_FACE('',(#14397),#14415,.T.);
#14397 = FACE_BOUND('',#14398,.T.);
#14398 = EDGE_LOOP('',(#14399,#14407,#14408,#14409));
#14399 = ORIENTED_EDGE('',*,*,#14400,.F.);
#14400 = EDGE_CURVE('',#13633,#14401,#14403,.T.);
#14401 = VERTEX_POINT('',#14402);
#14402 = CARTESIAN_POINT('',(-0.16,-0.16,-3.));
#14403 = LINE('',#14404,#14405);
#14404 = CARTESIAN_POINT('',(-0.266666666667,-0.266666666667,
    -2.893333333333));
#14405 = VECTOR('',#14406,1.);
#14406 = DIRECTION('',(0.57735026919,0.57735026919,-0.57735026919));
#14407 = ORIENTED_EDGE('',*,*,#13640,.T.);
#14408 = ORIENTED_EDGE('',*,*,#14376,.T.);
#14409 = ORIENTED_EDGE('',*,*,#14410,.F.);
#14410 = EDGE_CURVE('',#14401,#14377,#14411,.T.);
#14411 = LINE('',#14412,#14413);
#14412 = CARTESIAN_POINT('',(-0.16,-0.32,-3.));
#14413 = VECTOR('',#14414,1.);
#14414 = DIRECTION('',(0.,1.,0.));
#14415 = PLANE('',#14416);
#14416 = AXIS2_PLACEMENT_3D('',#14417,#14418,#14419);
#14417 = CARTESIAN_POINT('',(-0.24,-0.32,-2.92));
#14418 = DIRECTION('',(-0.707106781187,-1.735167508357E-18,
    -0.707106781187));
#14419 = DIRECTION('',(-1.226948711654E-18,1.,-1.226948711654E-18));
#14420 = ADVANCED_FACE('',(#14421),#14432,.T.);
#14421 = FACE_BOUND('',#14422,.F.);
#14422 = EDGE_LOOP('',(#14423,#14424,#14425,#14426));
#14423 = ORIENTED_EDGE('',*,*,#14400,.F.);
#14424 = ORIENTED_EDGE('',*,*,#13657,.T.);
#14425 = ORIENTED_EDGE('',*,*,#14345,.T.);
#14426 = ORIENTED_EDGE('',*,*,#14427,.F.);
#14427 = EDGE_CURVE('',#14401,#14346,#14428,.T.);
#14428 = LINE('',#14429,#14430);
#14429 = CARTESIAN_POINT('',(-0.32,-0.16,-3.));
#14430 = VECTOR('',#14431,1.);
#14431 = DIRECTION('',(1.,0.,0.));
#14432 = PLANE('',#14433);
#14433 = AXIS2_PLACEMENT_3D('',#14434,#14435,#14436);
#14434 = CARTESIAN_POINT('',(-0.32,-0.24,-2.92));
#14435 = DIRECTION('',(1.735167508357E-18,-0.707106781187,
    -0.707106781187));
#14436 = DIRECTION('',(-1.,-1.226948711654E-18,-1.226948711654E-18));
#14437 = ADVANCED_FACE('',(#14438),#14463,.F.);
#14438 = FACE_BOUND('',#14439,.T.);
#14439 = EDGE_LOOP('',(#14440,#14448,#14449,#14457));
#14440 = ORIENTED_EDGE('',*,*,#14441,.F.);
#14441 = EDGE_CURVE('',#13682,#14442,#14444,.T.);
#14442 = VERTEX_POINT('',#14443);
#14443 = CARTESIAN_POINT('',(-0.16,-2.38,-3.));
#14444 = LINE('',#14445,#14446);
#14445 = CARTESIAN_POINT('',(-0.16,-2.38,-3.));
#14446 = VECTOR('',#14447,1.);
#14447 = DIRECTION('',(0.57735026919,-0.57735026919,-0.57735026919));
#14448 = ORIENTED_EDGE('',*,*,#13681,.T.);
#14449 = ORIENTED_EDGE('',*,*,#14450,.T.);
#14450 = EDGE_CURVE('',#13674,#14451,#14453,.T.);
#14451 = VERTEX_POINT('',#14452);
#14452 = CARTESIAN_POINT('',(0.16,-2.38,-3.));
#14453 = LINE('',#14454,#14455);
#14454 = CARTESIAN_POINT('',(5.333333333333E-02,-2.486666666667,
    -3.106666666667));
#14455 = VECTOR('',#14456,1.);
#14456 = DIRECTION('',(-0.57735026919,-0.57735026919,-0.57735026919));
#14457 = ORIENTED_EDGE('',*,*,#14458,.F.);
#14458 = EDGE_CURVE('',#14442,#14451,#14459,.T.);
#14459 = LINE('',#14460,#14461);
#14460 = CARTESIAN_POINT('',(-0.32,-2.38,-3.));
#14461 = VECTOR('',#14462,1.);
#14462 = DIRECTION('',(1.,0.,0.));
#14463 = PLANE('',#14464);
#14464 = AXIS2_PLACEMENT_3D('',#14465,#14466,#14467);
#14465 = CARTESIAN_POINT('',(-0.32,-2.3,-2.92));
#14466 = DIRECTION('',(-1.735167508357E-18,-0.707106781187,
    0.707106781187));
#14467 = DIRECTION('',(-1.,1.226948711654E-18,-1.226948711654E-18));
#14468 = ADVANCED_FACE('',(#14469),#14487,.T.);
#14469 = FACE_BOUND('',#14470,.T.);
#14470 = EDGE_LOOP('',(#14471,#14479,#14480,#14481));
#14471 = ORIENTED_EDGE('',*,*,#14472,.F.);
#14472 = EDGE_CURVE('',#13705,#14473,#14475,.T.);
#14473 = VERTEX_POINT('',#14474);
#14474 = CARTESIAN_POINT('',(-0.16,-2.7,-3.));
#14475 = LINE('',#14476,#14477);
#14476 = CARTESIAN_POINT('',(-0.266666666667,-2.806666666667,
    -2.893333333333));
#14477 = VECTOR('',#14478,1.);
#14478 = DIRECTION('',(0.57735026919,0.57735026919,-0.57735026919));
#14479 = ORIENTED_EDGE('',*,*,#13712,.T.);
#14480 = ORIENTED_EDGE('',*,*,#14441,.T.);
#14481 = ORIENTED_EDGE('',*,*,#14482,.F.);
#14482 = EDGE_CURVE('',#14473,#14442,#14483,.T.);
#14483 = LINE('',#14484,#14485);
#14484 = CARTESIAN_POINT('',(-0.16,-2.86,-3.));
#14485 = VECTOR('',#14486,1.);
#14486 = DIRECTION('',(0.,1.,0.));
#14487 = PLANE('',#14488);
#14488 = AXIS2_PLACEMENT_3D('',#14489,#14490,#14491);
#14489 = CARTESIAN_POINT('',(-0.24,-2.86,-2.92));
#14490 = DIRECTION('',(-0.707106781187,-1.735167508357E-18,
    -0.707106781187));
#14491 = DIRECTION('',(-1.226948711654E-18,1.,-1.226948711654E-18));
#14492 = ADVANCED_FACE('',(#14493),#14511,.T.);
#14493 = FACE_BOUND('',#14494,.F.);
#14494 = EDGE_LOOP('',(#14495,#14496,#14497,#14505));
#14495 = ORIENTED_EDGE('',*,*,#14472,.F.);
#14496 = ORIENTED_EDGE('',*,*,#13736,.T.);
#14497 = ORIENTED_EDGE('',*,*,#14498,.T.);
#14498 = EDGE_CURVE('',#13729,#14499,#14501,.T.);
#14499 = VERTEX_POINT('',#14500);
#14500 = CARTESIAN_POINT('',(0.16,-2.7,-3.));
#14501 = LINE('',#14502,#14503);
#14502 = CARTESIAN_POINT('',(0.16,-2.7,-3.));
#14503 = VECTOR('',#14504,1.);
#14504 = DIRECTION('',(-0.57735026919,0.57735026919,-0.57735026919));
#14505 = ORIENTED_EDGE('',*,*,#14506,.F.);
#14506 = EDGE_CURVE('',#14473,#14499,#14507,.T.);
#14507 = LINE('',#14508,#14509);
#14508 = CARTESIAN_POINT('',(-0.32,-2.7,-3.));
#14509 = VECTOR('',#14510,1.);
#14510 = DIRECTION('',(1.,0.,0.));
#14511 = PLANE('',#14512);
#14512 = AXIS2_PLACEMENT_3D('',#14513,#14514,#14515);
#14513 = CARTESIAN_POINT('',(-0.32,-2.78,-2.92));
#14514 = DIRECTION('',(1.735167508357E-18,-0.707106781187,
    -0.707106781187));
#14515 = DIRECTION('',(-1.,-1.226948711654E-18,-1.226948711654E-18));
#14516 = ADVANCED_FACE('',(#14517),#14528,.F.);
#14517 = FACE_BOUND('',#14518,.F.);
#14518 = EDGE_LOOP('',(#14519,#14520,#14521,#14522));
#14519 = ORIENTED_EDGE('',*,*,#14498,.F.);
#14520 = ORIENTED_EDGE('',*,*,#13753,.T.);
#14521 = ORIENTED_EDGE('',*,*,#14450,.T.);
#14522 = ORIENTED_EDGE('',*,*,#14523,.F.);
#14523 = EDGE_CURVE('',#14499,#14451,#14524,.T.);
#14524 = LINE('',#14525,#14526);
#14525 = CARTESIAN_POINT('',(0.16,-2.86,-3.));
#14526 = VECTOR('',#14527,1.);
#14527 = DIRECTION('',(0.,1.,0.));
#14528 = PLANE('',#14529);
#14529 = AXIS2_PLACEMENT_3D('',#14530,#14531,#14532);
#14530 = CARTESIAN_POINT('',(0.24,-2.86,-2.92));
#14531 = DIRECTION('',(-0.707106781187,1.735167508357E-18,0.707106781187
    ));
#14532 = DIRECTION('',(1.226948711654E-18,1.,-1.226948711654E-18));
#14533 = ADVANCED_FACE('',(#14534),#14559,.T.);
#14534 = FACE_BOUND('',#14535,.F.);
#14535 = EDGE_LOOP('',(#14536,#14544,#14545,#14553));
#14536 = ORIENTED_EDGE('',*,*,#14537,.F.);
#14537 = EDGE_CURVE('',#13779,#14538,#14540,.T.);
#14538 = VERTEX_POINT('',#14539);
#14539 = CARTESIAN_POINT('',(-0.16,-4.92,8.54));
#14540 = LINE('',#14541,#14542);
#14541 = CARTESIAN_POINT('',(-0.16,-4.92,8.54));
#14542 = VECTOR('',#14543,1.);
#14543 = DIRECTION('',(0.57735026919,-0.57735026919,0.57735026919));
#14544 = ORIENTED_EDGE('',*,*,#13786,.T.);
#14545 = ORIENTED_EDGE('',*,*,#14546,.T.);
#14546 = EDGE_CURVE('',#13770,#14547,#14549,.T.);
#14547 = VERTEX_POINT('',#14548);
#14548 = CARTESIAN_POINT('',(0.16,-4.92,8.54));
#14549 = LINE('',#14550,#14551);
#14550 = CARTESIAN_POINT('',(5.333333333333E-02,-5.026666666667,
    8.646666666667));
#14551 = VECTOR('',#14552,1.);
#14552 = DIRECTION('',(-0.57735026919,-0.57735026919,0.57735026919));
#14553 = ORIENTED_EDGE('',*,*,#14554,.F.);
#14554 = EDGE_CURVE('',#14538,#14547,#14555,.T.);
#14555 = LINE('',#14556,#14557);
#14556 = CARTESIAN_POINT('',(-0.32,-4.92,8.54));
#14557 = VECTOR('',#14558,1.);
#14558 = DIRECTION('',(1.,0.,0.));
#14559 = PLANE('',#14560);
#14560 = AXIS2_PLACEMENT_3D('',#14561,#14562,#14563);
#14561 = CARTESIAN_POINT('',(-0.32,-4.84,8.46));
#14562 = DIRECTION('',(1.735167508357E-18,0.707106781187,0.707106781187)
  );
#14563 = DIRECTION('',(-1.,1.226948711654E-18,1.226948711654E-18));
#14564 = ADVANCED_FACE('',(#14565),#14583,.F.);
#14565 = FACE_BOUND('',#14566,.F.);
#14566 = EDGE_LOOP('',(#14567,#14575,#14576,#14577));
#14567 = ORIENTED_EDGE('',*,*,#14568,.F.);
#14568 = EDGE_CURVE('',#13801,#14569,#14571,.T.);
#14569 = VERTEX_POINT('',#14570);
#14570 = CARTESIAN_POINT('',(-0.16,-5.24,8.54));
#14571 = LINE('',#14572,#14573);
#14572 = CARTESIAN_POINT('',(-0.266666666667,-5.346666666667,
    8.433333333333));
#14573 = VECTOR('',#14574,1.);
#14574 = DIRECTION('',(0.57735026919,0.57735026919,0.57735026919));
#14575 = ORIENTED_EDGE('',*,*,#13810,.T.);
#14576 = ORIENTED_EDGE('',*,*,#14537,.T.);
#14577 = ORIENTED_EDGE('',*,*,#14578,.F.);
#14578 = EDGE_CURVE('',#14569,#14538,#14579,.T.);
#14579 = LINE('',#14580,#14581);
#14580 = CARTESIAN_POINT('',(-0.16,-5.4,8.54));
#14581 = VECTOR('',#14582,1.);
#14582 = DIRECTION('',(0.,1.,0.));
#14583 = PLANE('',#14584);
#14584 = AXIS2_PLACEMENT_3D('',#14585,#14586,#14587);
#14585 = CARTESIAN_POINT('',(-0.24,-5.4,8.46));
#14586 = DIRECTION('',(0.707106781187,1.735167508357E-18,-0.707106781187
    ));
#14587 = DIRECTION('',(-1.226948711654E-18,1.,1.226948711654E-18));
#14588 = ADVANCED_FACE('',(#14589),#14607,.F.);
#14589 = FACE_BOUND('',#14590,.T.);
#14590 = EDGE_LOOP('',(#14591,#14592,#14593,#14601));
#14591 = ORIENTED_EDGE('',*,*,#14568,.F.);
#14592 = ORIENTED_EDGE('',*,*,#13834,.T.);
#14593 = ORIENTED_EDGE('',*,*,#14594,.T.);
#14594 = EDGE_CURVE('',#13825,#14595,#14597,.T.);
#14595 = VERTEX_POINT('',#14596);
#14596 = CARTESIAN_POINT('',(0.16,-5.24,8.54));
#14597 = LINE('',#14598,#14599);
#14598 = CARTESIAN_POINT('',(0.16,-5.24,8.54));
#14599 = VECTOR('',#14600,1.);
#14600 = DIRECTION('',(-0.57735026919,0.57735026919,0.57735026919));
#14601 = ORIENTED_EDGE('',*,*,#14602,.F.);
#14602 = EDGE_CURVE('',#14569,#14595,#14603,.T.);
#14603 = LINE('',#14604,#14605);
#14604 = CARTESIAN_POINT('',(-0.32,-5.24,8.54));
#14605 = VECTOR('',#14606,1.);
#14606 = DIRECTION('',(1.,0.,0.));
#14607 = PLANE('',#14608);
#14608 = AXIS2_PLACEMENT_3D('',#14609,#14610,#14611);
#14609 = CARTESIAN_POINT('',(-0.32,-5.32,8.46));
#14610 = DIRECTION('',(-1.735167508357E-18,0.707106781187,
    -0.707106781187));
#14611 = DIRECTION('',(-1.,-1.226948711654E-18,1.226948711654E-18));
#14612 = ADVANCED_FACE('',(#14613),#14624,.T.);
#14613 = FACE_BOUND('',#14614,.T.);
#14614 = EDGE_LOOP('',(#14615,#14616,#14617,#14618));
#14615 = ORIENTED_EDGE('',*,*,#14594,.F.);
#14616 = ORIENTED_EDGE('',*,*,#13851,.T.);
#14617 = ORIENTED_EDGE('',*,*,#14546,.T.);
#14618 = ORIENTED_EDGE('',*,*,#14619,.F.);
#14619 = EDGE_CURVE('',#14595,#14547,#14620,.T.);
#14620 = LINE('',#14621,#14622);
#14621 = CARTESIAN_POINT('',(0.16,-5.4,8.54));
#14622 = VECTOR('',#14623,1.);
#14623 = DIRECTION('',(0.,1.,0.));
#14624 = PLANE('',#14625);
#14625 = AXIS2_PLACEMENT_3D('',#14626,#14627,#14628);
#14626 = CARTESIAN_POINT('',(0.24,-5.4,8.46));
#14627 = DIRECTION('',(0.707106781187,-1.735167508357E-18,0.707106781187
    ));
#14628 = DIRECTION('',(1.226948711654E-18,1.,1.226948711654E-18));
#14629 = ADVANCED_FACE('',(#14630),#14655,.T.);
#14630 = FACE_BOUND('',#14631,.T.);
#14631 = EDGE_LOOP('',(#14632,#14640,#14641,#14649));
#14632 = ORIENTED_EDGE('',*,*,#14633,.F.);
#14633 = EDGE_CURVE('',#13866,#14634,#14636,.T.);
#14634 = VERTEX_POINT('',#14635);
#14635 = CARTESIAN_POINT('',(0.16,-7.78,8.54));
#14636 = LINE('',#14637,#14638);
#14637 = CARTESIAN_POINT('',(0.16,-7.78,8.54));
#14638 = VECTOR('',#14639,1.);
#14639 = DIRECTION('',(-0.57735026919,0.57735026919,0.57735026919));
#14640 = ORIENTED_EDGE('',*,*,#13882,.T.);
#14641 = ORIENTED_EDGE('',*,*,#14642,.T.);
#14642 = EDGE_CURVE('',#13875,#14643,#14645,.T.);
#14643 = VERTEX_POINT('',#14644);
#14644 = CARTESIAN_POINT('',(0.16,-7.46,8.54));
#14645 = LINE('',#14646,#14647);
#14646 = CARTESIAN_POINT('',(5.333333333333E-02,-7.566666666667,
    8.646666666667));
#14647 = VECTOR('',#14648,1.);
#14648 = DIRECTION('',(-0.57735026919,-0.57735026919,0.57735026919));
#14649 = ORIENTED_EDGE('',*,*,#14650,.F.);
#14650 = EDGE_CURVE('',#14634,#14643,#14651,.T.);
#14651 = LINE('',#14652,#14653);
#14652 = CARTESIAN_POINT('',(0.16,-7.94,8.54));
#14653 = VECTOR('',#14654,1.);
#14654 = DIRECTION('',(0.,1.,0.));
#14655 = PLANE('',#14656);
#14656 = AXIS2_PLACEMENT_3D('',#14657,#14658,#14659);
#14657 = CARTESIAN_POINT('',(0.24,-7.94,8.46));
#14658 = DIRECTION('',(0.707106781187,-1.735167508357E-18,0.707106781187
    ));
#14659 = DIRECTION('',(1.226948711654E-18,1.,1.226948711654E-18));
#14660 = ADVANCED_FACE('',(#14661),#14679,.T.);
#14661 = FACE_BOUND('',#14662,.F.);
#14662 = EDGE_LOOP('',(#14663,#14671,#14672,#14673));
#14663 = ORIENTED_EDGE('',*,*,#14664,.F.);
#14664 = EDGE_CURVE('',#13899,#14665,#14667,.T.);
#14665 = VERTEX_POINT('',#14666);
#14666 = CARTESIAN_POINT('',(-0.16,-7.46,8.54));
#14667 = LINE('',#14668,#14669);
#14668 = CARTESIAN_POINT('',(-0.16,-7.46,8.54));
#14669 = VECTOR('',#14670,1.);
#14670 = DIRECTION('',(0.57735026919,-0.57735026919,0.57735026919));
#14671 = ORIENTED_EDGE('',*,*,#13906,.T.);
#14672 = ORIENTED_EDGE('',*,*,#14642,.T.);
#14673 = ORIENTED_EDGE('',*,*,#14674,.F.);
#14674 = EDGE_CURVE('',#14665,#14643,#14675,.T.);
#14675 = LINE('',#14676,#14677);
#14676 = CARTESIAN_POINT('',(-0.32,-7.46,8.54));
#14677 = VECTOR('',#14678,1.);
#14678 = DIRECTION('',(1.,0.,0.));
#14679 = PLANE('',#14680);
#14680 = AXIS2_PLACEMENT_3D('',#14681,#14682,#14683);
#14681 = CARTESIAN_POINT('',(-0.32,-7.38,8.46));
#14682 = DIRECTION('',(1.735167508357E-18,0.707106781187,0.707106781187)
  );
#14683 = DIRECTION('',(-1.,1.226948711654E-18,1.226948711654E-18));
#14684 = ADVANCED_FACE('',(#14685),#14703,.F.);
#14685 = FACE_BOUND('',#14686,.F.);
#14686 = EDGE_LOOP('',(#14687,#14695,#14696,#14697));
#14687 = ORIENTED_EDGE('',*,*,#14688,.F.);
#14688 = EDGE_CURVE('',#13921,#14689,#14691,.T.);
#14689 = VERTEX_POINT('',#14690);
#14690 = CARTESIAN_POINT('',(-0.16,-7.78,8.54));
#14691 = LINE('',#14692,#14693);
#14692 = CARTESIAN_POINT('',(-0.266666666667,-7.886666666667,
    8.433333333333));
#14693 = VECTOR('',#14694,1.);
#14694 = DIRECTION('',(0.57735026919,0.57735026919,0.57735026919));
#14695 = ORIENTED_EDGE('',*,*,#13930,.T.);
#14696 = ORIENTED_EDGE('',*,*,#14664,.T.);
#14697 = ORIENTED_EDGE('',*,*,#14698,.F.);
#14698 = EDGE_CURVE('',#14689,#14665,#14699,.T.);
#14699 = LINE('',#14700,#14701);
#14700 = CARTESIAN_POINT('',(-0.16,-7.94,8.54));
#14701 = VECTOR('',#14702,1.);
#14702 = DIRECTION('',(0.,1.,0.));
#14703 = PLANE('',#14704);
#14704 = AXIS2_PLACEMENT_3D('',#14705,#14706,#14707);
#14705 = CARTESIAN_POINT('',(-0.24,-7.94,8.46));
#14706 = DIRECTION('',(0.707106781187,1.735167508357E-18,-0.707106781187
    ));
#14707 = DIRECTION('',(-1.226948711654E-18,1.,1.226948711654E-18));
#14708 = ADVANCED_FACE('',(#14709),#14720,.F.);
#14709 = FACE_BOUND('',#14710,.T.);
#14710 = EDGE_LOOP('',(#14711,#14712,#14713,#14714));
#14711 = ORIENTED_EDGE('',*,*,#14688,.F.);
#14712 = ORIENTED_EDGE('',*,*,#13947,.T.);
#14713 = ORIENTED_EDGE('',*,*,#14633,.T.);
#14714 = ORIENTED_EDGE('',*,*,#14715,.F.);
#14715 = EDGE_CURVE('',#14689,#14634,#14716,.T.);
#14716 = LINE('',#14717,#14718);
#14717 = CARTESIAN_POINT('',(-0.32,-7.78,8.54));
#14718 = VECTOR('',#14719,1.);
#14719 = DIRECTION('',(1.,0.,0.));
#14720 = PLANE('',#14721);
#14721 = AXIS2_PLACEMENT_3D('',#14722,#14723,#14724);
#14722 = CARTESIAN_POINT('',(-0.32,-7.86,8.46));
#14723 = DIRECTION('',(-1.735167508357E-18,0.707106781187,
    -0.707106781187));
#14724 = DIRECTION('',(-1.,-1.226948711654E-18,1.226948711654E-18));
#14725 = ADVANCED_FACE('',(#14726),#14751,.T.);
#14726 = FACE_BOUND('',#14727,.T.);
#14727 = EDGE_LOOP('',(#14728,#14736,#14737,#14745));
#14728 = ORIENTED_EDGE('',*,*,#14729,.F.);
#14729 = EDGE_CURVE('',#13962,#14730,#14732,.T.);
#14730 = VERTEX_POINT('',#14731);
#14731 = CARTESIAN_POINT('',(0.16,-0.16,8.54));
#14732 = LINE('',#14733,#14734);
#14733 = CARTESIAN_POINT('',(0.16,-0.16,8.54));
#14734 = VECTOR('',#14735,1.);
#14735 = DIRECTION('',(-0.57735026919,0.57735026919,0.57735026919));
#14736 = ORIENTED_EDGE('',*,*,#13978,.T.);
#14737 = ORIENTED_EDGE('',*,*,#14738,.T.);
#14738 = EDGE_CURVE('',#13971,#14739,#14741,.T.);
#14739 = VERTEX_POINT('',#14740);
#14740 = CARTESIAN_POINT('',(0.16,0.16,8.54));
#14741 = LINE('',#14742,#14743);
#14742 = CARTESIAN_POINT('',(5.333333333333E-02,5.333333333333E-02,
    8.646666666667));
#14743 = VECTOR('',#14744,1.);
#14744 = DIRECTION('',(-0.57735026919,-0.57735026919,0.57735026919));
#14745 = ORIENTED_EDGE('',*,*,#14746,.F.);
#14746 = EDGE_CURVE('',#14730,#14739,#14747,.T.);
#14747 = LINE('',#14748,#14749);
#14748 = CARTESIAN_POINT('',(0.16,-0.32,8.54));
#14749 = VECTOR('',#14750,1.);
#14750 = DIRECTION('',(0.,1.,0.));
#14751 = PLANE('',#14752);
#14752 = AXIS2_PLACEMENT_3D('',#14753,#14754,#14755);
#14753 = CARTESIAN_POINT('',(0.24,-0.32,8.46));
#14754 = DIRECTION('',(0.707106781187,-1.735167508357E-18,0.707106781187
    ));
#14755 = DIRECTION('',(1.226948711654E-18,1.,1.226948711654E-18));
#14756 = ADVANCED_FACE('',(#14757),#14775,.T.);
#14757 = FACE_BOUND('',#14758,.F.);
#14758 = EDGE_LOOP('',(#14759,#14767,#14768,#14769));
#14759 = ORIENTED_EDGE('',*,*,#14760,.F.);
#14760 = EDGE_CURVE('',#13995,#14761,#14763,.T.);
#14761 = VERTEX_POINT('',#14762);
#14762 = CARTESIAN_POINT('',(-0.16,0.16,8.54));
#14763 = LINE('',#14764,#14765);
#14764 = CARTESIAN_POINT('',(-0.16,0.16,8.54));
#14765 = VECTOR('',#14766,1.);
#14766 = DIRECTION('',(0.57735026919,-0.57735026919,0.57735026919));
#14767 = ORIENTED_EDGE('',*,*,#14002,.T.);
#14768 = ORIENTED_EDGE('',*,*,#14738,.T.);
#14769 = ORIENTED_EDGE('',*,*,#14770,.F.);
#14770 = EDGE_CURVE('',#14761,#14739,#14771,.T.);
#14771 = LINE('',#14772,#14773);
#14772 = CARTESIAN_POINT('',(-0.32,0.16,8.54));
#14773 = VECTOR('',#14774,1.);
#14774 = DIRECTION('',(1.,0.,0.));
#14775 = PLANE('',#14776);
#14776 = AXIS2_PLACEMENT_3D('',#14777,#14778,#14779);
#14777 = CARTESIAN_POINT('',(-0.32,0.24,8.46));
#14778 = DIRECTION('',(1.735167508357E-18,0.707106781187,0.707106781187)
  );
#14779 = DIRECTION('',(-1.,1.226948711654E-18,1.226948711654E-18));
#14780 = ADVANCED_FACE('',(#14781),#14799,.F.);
#14781 = FACE_BOUND('',#14782,.F.);
#14782 = EDGE_LOOP('',(#14783,#14791,#14792,#14793));
#14783 = ORIENTED_EDGE('',*,*,#14784,.F.);
#14784 = EDGE_CURVE('',#14017,#14785,#14787,.T.);
#14785 = VERTEX_POINT('',#14786);
#14786 = CARTESIAN_POINT('',(-0.16,-0.16,8.54));
#14787 = LINE('',#14788,#14789);
#14788 = CARTESIAN_POINT('',(-0.266666666667,-0.266666666667,
    8.433333333333));
#14789 = VECTOR('',#14790,1.);
#14790 = DIRECTION('',(0.57735026919,0.57735026919,0.57735026919));
#14791 = ORIENTED_EDGE('',*,*,#14026,.T.);
#14792 = ORIENTED_EDGE('',*,*,#14760,.T.);
#14793 = ORIENTED_EDGE('',*,*,#14794,.F.);
#14794 = EDGE_CURVE('',#14785,#14761,#14795,.T.);
#14795 = LINE('',#14796,#14797);
#14796 = CARTESIAN_POINT('',(-0.16,-0.32,8.54));
#14797 = VECTOR('',#14798,1.);
#14798 = DIRECTION('',(0.,1.,0.));
#14799 = PLANE('',#14800);
#14800 = AXIS2_PLACEMENT_3D('',#14801,#14802,#14803);
#14801 = CARTESIAN_POINT('',(-0.24,-0.32,8.46));
#14802 = DIRECTION('',(0.707106781187,1.735167508357E-18,-0.707106781187
    ));
#14803 = DIRECTION('',(-1.226948711654E-18,1.,1.226948711654E-18));
#14804 = ADVANCED_FACE('',(#14805),#14816,.F.);
#14805 = FACE_BOUND('',#14806,.T.);
#14806 = EDGE_LOOP('',(#14807,#14808,#14809,#14810));
#14807 = ORIENTED_EDGE('',*,*,#14784,.F.);
#14808 = ORIENTED_EDGE('',*,*,#14043,.T.);
#14809 = ORIENTED_EDGE('',*,*,#14729,.T.);
#14810 = ORIENTED_EDGE('',*,*,#14811,.F.);
#14811 = EDGE_CURVE('',#14785,#14730,#14812,.T.);
#14812 = LINE('',#14813,#14814);
#14813 = CARTESIAN_POINT('',(-0.32,-0.16,8.54));
#14814 = VECTOR('',#14815,1.);
#14815 = DIRECTION('',(1.,0.,0.));
#14816 = PLANE('',#14817);
#14817 = AXIS2_PLACEMENT_3D('',#14818,#14819,#14820);
#14818 = CARTESIAN_POINT('',(-0.32,-0.24,8.46));
#14819 = DIRECTION('',(-1.735167508357E-18,0.707106781187,
    -0.707106781187));
#14820 = DIRECTION('',(-1.,-1.226948711654E-18,1.226948711654E-18));
#14821 = ADVANCED_FACE('',(#14822),#14847,.T.);
#14822 = FACE_BOUND('',#14823,.F.);
#14823 = EDGE_LOOP('',(#14824,#14832,#14833,#14841));
#14824 = ORIENTED_EDGE('',*,*,#14825,.F.);
#14825 = EDGE_CURVE('',#14067,#14826,#14828,.T.);
#14826 = VERTEX_POINT('',#14827);
#14827 = CARTESIAN_POINT('',(-0.16,-2.38,8.54));
#14828 = LINE('',#14829,#14830);
#14829 = CARTESIAN_POINT('',(-0.16,-2.38,8.54));
#14830 = VECTOR('',#14831,1.);
#14831 = DIRECTION('',(0.57735026919,-0.57735026919,0.57735026919));
#14832 = ORIENTED_EDGE('',*,*,#14074,.T.);
#14833 = ORIENTED_EDGE('',*,*,#14834,.T.);
#14834 = EDGE_CURVE('',#14058,#14835,#14837,.T.);
#14835 = VERTEX_POINT('',#14836);
#14836 = CARTESIAN_POINT('',(0.16,-2.38,8.54));
#14837 = LINE('',#14838,#14839);
#14838 = CARTESIAN_POINT('',(5.333333333333E-02,-2.486666666667,
    8.646666666667));
#14839 = VECTOR('',#14840,1.);
#14840 = DIRECTION('',(-0.57735026919,-0.57735026919,0.57735026919));
#14841 = ORIENTED_EDGE('',*,*,#14842,.F.);
#14842 = EDGE_CURVE('',#14826,#14835,#14843,.T.);
#14843 = LINE('',#14844,#14845);
#14844 = CARTESIAN_POINT('',(-0.32,-2.38,8.54));
#14845 = VECTOR('',#14846,1.);
#14846 = DIRECTION('',(1.,0.,0.));
#14847 = PLANE('',#14848);
#14848 = AXIS2_PLACEMENT_3D('',#14849,#14850,#14851);
#14849 = CARTESIAN_POINT('',(-0.32,-2.3,8.46));
#14850 = DIRECTION('',(1.735167508357E-18,0.707106781187,0.707106781187)
  );
#14851 = DIRECTION('',(-1.,1.226948711654E-18,1.226948711654E-18));
#14852 = ADVANCED_FACE('',(#14853),#14871,.F.);
#14853 = FACE_BOUND('',#14854,.F.);
#14854 = EDGE_LOOP('',(#14855,#14863,#14864,#14865));
#14855 = ORIENTED_EDGE('',*,*,#14856,.F.);
#14856 = EDGE_CURVE('',#14089,#14857,#14859,.T.);
#14857 = VERTEX_POINT('',#14858);
#14858 = CARTESIAN_POINT('',(-0.16,-2.7,8.54));
#14859 = LINE('',#14860,#14861);
#14860 = CARTESIAN_POINT('',(-0.266666666667,-2.806666666667,
    8.433333333333));
#14861 = VECTOR('',#14862,1.);
#14862 = DIRECTION('',(0.57735026919,0.57735026919,0.57735026919));
#14863 = ORIENTED_EDGE('',*,*,#14098,.T.);
#14864 = ORIENTED_EDGE('',*,*,#14825,.T.);
#14865 = ORIENTED_EDGE('',*,*,#14866,.F.);
#14866 = EDGE_CURVE('',#14857,#14826,#14867,.T.);
#14867 = LINE('',#14868,#14869);
#14868 = CARTESIAN_POINT('',(-0.16,-2.86,8.54));
#14869 = VECTOR('',#14870,1.);
#14870 = DIRECTION('',(0.,1.,0.));
#14871 = PLANE('',#14872);
#14872 = AXIS2_PLACEMENT_3D('',#14873,#14874,#14875);
#14873 = CARTESIAN_POINT('',(-0.24,-2.86,8.46));
#14874 = DIRECTION('',(0.707106781187,1.735167508357E-18,-0.707106781187
    ));
#14875 = DIRECTION('',(-1.226948711654E-18,1.,1.226948711654E-18));
#14876 = ADVANCED_FACE('',(#14877),#14895,.F.);
#14877 = FACE_BOUND('',#14878,.T.);
#14878 = EDGE_LOOP('',(#14879,#14880,#14881,#14889));
#14879 = ORIENTED_EDGE('',*,*,#14856,.F.);
#14880 = ORIENTED_EDGE('',*,*,#14122,.T.);
#14881 = ORIENTED_EDGE('',*,*,#14882,.T.);
#14882 = EDGE_CURVE('',#14113,#14883,#14885,.T.);
#14883 = VERTEX_POINT('',#14884);
#14884 = CARTESIAN_POINT('',(0.16,-2.7,8.54));
#14885 = LINE('',#14886,#14887);
#14886 = CARTESIAN_POINT('',(0.16,-2.7,8.54));
#14887 = VECTOR('',#14888,1.);
#14888 = DIRECTION('',(-0.57735026919,0.57735026919,0.57735026919));
#14889 = ORIENTED_EDGE('',*,*,#14890,.F.);
#14890 = EDGE_CURVE('',#14857,#14883,#14891,.T.);
#14891 = LINE('',#14892,#14893);
#14892 = CARTESIAN_POINT('',(-0.32,-2.7,8.54));
#14893 = VECTOR('',#14894,1.);
#14894 = DIRECTION('',(1.,0.,0.));
#14895 = PLANE('',#14896);
#14896 = AXIS2_PLACEMENT_3D('',#14897,#14898,#14899);
#14897 = CARTESIAN_POINT('',(-0.32,-2.78,8.46));
#14898 = DIRECTION('',(-1.735167508357E-18,0.707106781187,
    -0.707106781187));
#14899 = DIRECTION('',(-1.,-1.226948711654E-18,1.226948711654E-18));
#14900 = ADVANCED_FACE('',(#14901),#14912,.T.);
#14901 = FACE_BOUND('',#14902,.T.);
#14902 = EDGE_LOOP('',(#14903,#14904,#14905,#14906));
#14903 = ORIENTED_EDGE('',*,*,#14882,.F.);
#14904 = ORIENTED_EDGE('',*,*,#14139,.T.);
#14905 = ORIENTED_EDGE('',*,*,#14834,.T.);
#14906 = ORIENTED_EDGE('',*,*,#14907,.F.);
#14907 = EDGE_CURVE('',#14883,#14835,#14908,.T.);
#14908 = LINE('',#14909,#14910);
#14909 = CARTESIAN_POINT('',(0.16,-2.86,8.54));
#14910 = VECTOR('',#14911,1.);
#14911 = DIRECTION('',(0.,1.,0.));
#14912 = PLANE('',#14913);
#14913 = AXIS2_PLACEMENT_3D('',#14914,#14915,#14916);
#14914 = CARTESIAN_POINT('',(0.24,-2.86,8.46));
#14915 = DIRECTION('',(0.707106781187,-1.735167508357E-18,0.707106781187
    ));
#14916 = DIRECTION('',(1.226948711654E-18,1.,1.226948711654E-18));
#14917 = ADVANCED_FACE('',(#14918),#14924,.F.);
#14918 = FACE_BOUND('',#14919,.F.);
#14919 = EDGE_LOOP('',(#14920,#14921,#14922,#14923));
#14920 = ORIENTED_EDGE('',*,*,#14235,.T.);
#14921 = ORIENTED_EDGE('',*,*,#14170,.F.);
#14922 = ORIENTED_EDGE('',*,*,#14194,.F.);
#14923 = ORIENTED_EDGE('',*,*,#14218,.T.);
#14924 = PLANE('',#14925);
#14925 = AXIS2_PLACEMENT_3D('',#14926,#14927,#14928);
#14926 = CARTESIAN_POINT('',(-0.32,-5.4,-3.));
#14927 = DIRECTION('',(0.,0.,1.));
#14928 = DIRECTION('',(1.,0.,-0.));
#14929 = ADVANCED_FACE('',(#14930),#14936,.F.);
#14930 = FACE_BOUND('',#14931,.F.);
#14931 = EDGE_LOOP('',(#14932,#14933,#14934,#14935));
#14932 = ORIENTED_EDGE('',*,*,#14266,.T.);
#14933 = ORIENTED_EDGE('',*,*,#14290,.F.);
#14934 = ORIENTED_EDGE('',*,*,#14314,.F.);
#14935 = ORIENTED_EDGE('',*,*,#14331,.T.);
#14936 = PLANE('',#14937);
#14937 = AXIS2_PLACEMENT_3D('',#14938,#14939,#14940);
#14938 = CARTESIAN_POINT('',(-0.32,-7.94,-3.));
#14939 = DIRECTION('',(0.,0.,1.));
#14940 = DIRECTION('',(1.,0.,-0.));
#14941 = ADVANCED_FACE('',(#14942),#14948,.F.);
#14942 = FACE_BOUND('',#14943,.F.);
#14943 = EDGE_LOOP('',(#14944,#14945,#14946,#14947));
#14944 = ORIENTED_EDGE('',*,*,#14362,.T.);
#14945 = ORIENTED_EDGE('',*,*,#14386,.F.);
#14946 = ORIENTED_EDGE('',*,*,#14410,.F.);
#14947 = ORIENTED_EDGE('',*,*,#14427,.T.);
#14948 = PLANE('',#14949);
#14949 = AXIS2_PLACEMENT_3D('',#14950,#14951,#14952);
#14950 = CARTESIAN_POINT('',(-0.32,-0.32,-3.));
#14951 = DIRECTION('',(0.,0.,1.));
#14952 = DIRECTION('',(1.,0.,-0.));
#14953 = ADVANCED_FACE('',(#14954),#14960,.F.);
#14954 = FACE_BOUND('',#14955,.F.);
#14955 = EDGE_LOOP('',(#14956,#14957,#14958,#14959));
#14956 = ORIENTED_EDGE('',*,*,#14523,.T.);
#14957 = ORIENTED_EDGE('',*,*,#14458,.F.);
#14958 = ORIENTED_EDGE('',*,*,#14482,.F.);
#14959 = ORIENTED_EDGE('',*,*,#14506,.T.);
#14960 = PLANE('',#14961);
#14961 = AXIS2_PLACEMENT_3D('',#14962,#14963,#14964);
#14962 = CARTESIAN_POINT('',(-0.32,-2.86,-3.));
#14963 = DIRECTION('',(0.,0.,1.));
#14964 = DIRECTION('',(1.,0.,-0.));
#14965 = ADVANCED_FACE('',(#14966),#14972,.T.);
#14966 = FACE_BOUND('',#14967,.T.);
#14967 = EDGE_LOOP('',(#14968,#14969,#14970,#14971));
#14968 = ORIENTED_EDGE('',*,*,#14619,.T.);
#14969 = ORIENTED_EDGE('',*,*,#14554,.F.);
#14970 = ORIENTED_EDGE('',*,*,#14578,.F.);
#14971 = ORIENTED_EDGE('',*,*,#14602,.T.);
#14972 = PLANE('',#14973);
#14973 = AXIS2_PLACEMENT_3D('',#14974,#14975,#14976);
#14974 = CARTESIAN_POINT('',(-0.32,-5.4,8.54));
#14975 = DIRECTION('',(0.,0.,1.));
#14976 = DIRECTION('',(1.,0.,-0.));
#14977 = ADVANCED_FACE('',(#14978),#14984,.T.);
#14978 = FACE_BOUND('',#14979,.T.);
#14979 = EDGE_LOOP('',(#14980,#14981,#14982,#14983));
#14980 = ORIENTED_EDGE('',*,*,#14650,.T.);
#14981 = ORIENTED_EDGE('',*,*,#14674,.F.);
#14982 = ORIENTED_EDGE('',*,*,#14698,.F.);
#14983 = ORIENTED_EDGE('',*,*,#14715,.T.);
#14984 = PLANE('',#14985);
#14985 = AXIS2_PLACEMENT_3D('',#14986,#14987,#14988);
#14986 = CARTESIAN_POINT('',(-0.32,-7.94,8.54));
#14987 = DIRECTION('',(0.,0.,1.));
#14988 = DIRECTION('',(1.,0.,-0.));
#14989 = ADVANCED_FACE('',(#14990),#14996,.T.);
#14990 = FACE_BOUND('',#14991,.T.);
#14991 = EDGE_LOOP('',(#14992,#14993,#14994,#14995));
#14992 = ORIENTED_EDGE('',*,*,#14746,.T.);
#14993 = ORIENTED_EDGE('',*,*,#14770,.F.);
#14994 = ORIENTED_EDGE('',*,*,#14794,.F.);
#14995 = ORIENTED_EDGE('',*,*,#14811,.T.);
#14996 = PLANE('',#14997);
#14997 = AXIS2_PLACEMENT_3D('',#14998,#14999,#15000);
#14998 = CARTESIAN_POINT('',(-0.32,-0.32,8.54));
#14999 = DIRECTION('',(0.,0.,1.));
#15000 = DIRECTION('',(1.,0.,-0.));
#15001 = ADVANCED_FACE('',(#15002),#15008,.T.);
#15002 = FACE_BOUND('',#15003,.T.);
#15003 = EDGE_LOOP('',(#15004,#15005,#15006,#15007));
#15004 = ORIENTED_EDGE('',*,*,#14907,.T.);
#15005 = ORIENTED_EDGE('',*,*,#14842,.F.);
#15006 = ORIENTED_EDGE('',*,*,#14866,.F.);
#15007 = ORIENTED_EDGE('',*,*,#14890,.T.);
#15008 = PLANE('',#15009);
#15009 = AXIS2_PLACEMENT_3D('',#15010,#15011,#15012);
#15010 = CARTESIAN_POINT('',(-0.32,-2.86,8.54));
#15011 = DIRECTION('',(0.,0.,1.));
#15012 = DIRECTION('',(1.,0.,-0.));
#15013 = ( GEOMETRIC_REPRESENTATION_CONTEXT(3) 
GLOBAL_UNCERTAINTY_ASSIGNED_CONTEXT((#15017)) 
GLOBAL_UNIT_ASSIGNED_CONTEXT((#15014,#15015,#15016)) 
REPRESENTATION_CONTEXT('Context #1',
  '3D Context with UNIT and UNCERTAINTY') );
#15014 = ( LENGTH_UNIT() NAMED_UNIT(*) SI_UNIT(.MILLI.,.METRE.) );
#15015 = ( NAMED_UNIT(*) PLANE_ANGLE_UNIT() SI_UNIT($,.RADIAN.) );
#15016 = ( NAMED_UNIT(*) SI_UNIT($,.STERADIAN.) SOLID_ANGLE_UNIT() );
#15017 = UNCERTAINTY_MEASURE_WITH_UNIT(LENGTH_MEASURE(1.E-07),#15014,
  'distance_accuracy_value','confusion accuracy');
#15018 = CONTEXT_DEPENDENT_SHAPE_REPRESENTATION(#15019,#15021);
#15019 = ( REPRESENTATION_RELATIONSHIP('','',#12232,#10) 
REPRESENTATION_RELATIONSHIP_WITH_TRANSFORMATION(#15020) 
SHAPE_REPRESENTATION_RELATIONSHIP() );
#15020 = ITEM_DEFINED_TRANSFORMATION('','',#11,#59);
#15021 = PRODUCT_DEFINITION_SHAPE('Placement','Placement of an item',
  #15022);
#15022 = NEXT_ASSEMBLY_USAGE_OCCURRENCE('12','SW2','',#5,#12227,$);
#15023 = PRODUCT_RELATED_PRODUCT_CATEGORY('part',$,(#12229));
#15024 = CONTEXT_DEPENDENT_SHAPE_REPRESENTATION(#15025,#15027);
#15025 = ( REPRESENTATION_RELATIONSHIP('','',#5232,#10) 
REPRESENTATION_RELATIONSHIP_WITH_TRANSFORMATION(#15026) 
SHAPE_REPRESENTATION_RELATIONSHIP() );
#15026 = ITEM_DEFINED_TRANSFORMATION('','',#11,#63);
#15027 = PRODUCT_DEFINITION_SHAPE('Placement','Placement of an item',
  #15028);
#15028 = NEXT_ASSEMBLY_USAGE_OCCURRENCE('13','J4','',#5,#5227,$);
#15029 = SHAPE_DEFINITION_REPRESENTATION(#15030,#15036);
#15030 = PRODUCT_DEFINITION_SHAPE('','',#15031);
#15031 = PRODUCT_DEFINITION('design','',#15032,#15035);
#15032 = PRODUCT_DEFINITION_FORMATION('','',#15033);
#15033 = PRODUCT('C_0805_2012Metric','C_0805_2012Metric','',(#15034));
#15034 = PRODUCT_CONTEXT('',#2,'mechanical');
#15035 = PRODUCT_DEFINITION_CONTEXT('part definition',#2,'design');
#15036 = ADVANCED_BREP_SHAPE_REPRESENTATION('',(#11,#15037),#15891);
#15037 = MANIFOLD_SOLID_BREP('',#15038);
#15038 = CLOSED_SHELL('',(#15039,#15115,#15146,#15171,#15196,#15220,
    #15244,#15269,#15294,#15311,#15397,#15429,#15453,#15478,#15502,
    #15527,#15551,#15576,#15593,#15679,#15710,#15735,#15760,#15784,
    #15808,#15833,#15858,#15875));
#15039 = ADVANCED_FACE('',(#15040),#15110,.F.);
#15040 = FACE_BOUND('',#15041,.F.);
#15041 = EDGE_LOOP('',(#15042,#15052,#15061,#15069,#15078,#15086,#15095,
    #15103));
#15042 = ORIENTED_EDGE('',*,*,#15043,.F.);
#15043 = EDGE_CURVE('',#15044,#15046,#15048,.T.);
#15044 = VERTEX_POINT('',#15045);
#15045 = CARTESIAN_POINT('',(-1.,-0.625,4.E-02));
#15046 = VERTEX_POINT('',#15047);
#15047 = CARTESIAN_POINT('',(-1.,-0.625,1.21));
#15048 = LINE('',#15049,#15050);
#15049 = CARTESIAN_POINT('',(-1.,-0.625,0.));
#15050 = VECTOR('',#15051,1.);
#15051 = DIRECTION('',(0.,0.,1.));
#15052 = ORIENTED_EDGE('',*,*,#15053,.T.);
#15053 = EDGE_CURVE('',#15044,#15054,#15056,.T.);
#15054 = VERTEX_POINT('',#15055);
#15055 = CARTESIAN_POINT('',(-1.,-0.585,0.));
#15056 = CIRCLE('',#15057,4.E-02);
#15057 = AXIS2_PLACEMENT_3D('',#15058,#15059,#15060);
#15058 = CARTESIAN_POINT('',(-1.,-0.585,4.E-02));
#15059 = DIRECTION('',(1.,0.,-0.));
#15060 = DIRECTION('',(0.,0.,1.));
#15061 = ORIENTED_EDGE('',*,*,#15062,.T.);
#15062 = EDGE_CURVE('',#15054,#15063,#15065,.T.);
#15063 = VERTEX_POINT('',#15064);
#15064 = CARTESIAN_POINT('',(-1.,0.585,0.));
#15065 = LINE('',#15066,#15067);
#15066 = CARTESIAN_POINT('',(-1.,-0.625,0.));
#15067 = VECTOR('',#15068,1.);
#15068 = DIRECTION('',(0.,1.,0.));
#15069 = ORIENTED_EDGE('',*,*,#15070,.F.);
#15070 = EDGE_CURVE('',#15071,#15063,#15073,.T.);
#15071 = VERTEX_POINT('',#15072);
#15072 = CARTESIAN_POINT('',(-1.,0.625,4.E-02));
#15073 = CIRCLE('',#15074,4.E-02);
#15074 = AXIS2_PLACEMENT_3D('',#15075,#15076,#15077);
#15075 = CARTESIAN_POINT('',(-1.,0.585,4.E-02));
#15076 = DIRECTION('',(-1.,0.,0.));
#15077 = DIRECTION('',(0.,0.,1.));
#15078 = ORIENTED_EDGE('',*,*,#15079,.T.);
#15079 = EDGE_CURVE('',#15071,#15080,#15082,.T.);
#15080 = VERTEX_POINT('',#15081);
#15081 = CARTESIAN_POINT('',(-1.,0.625,1.21));
#15082 = LINE('',#15083,#15084);
#15083 = CARTESIAN_POINT('',(-1.,0.625,0.));
#15084 = VECTOR('',#15085,1.);
#15085 = DIRECTION('',(0.,0.,1.));
#15086 = ORIENTED_EDGE('',*,*,#15087,.T.);
#15087 = EDGE_CURVE('',#15080,#15088,#15090,.T.);
#15088 = VERTEX_POINT('',#15089);
#15089 = CARTESIAN_POINT('',(-1.,0.585,1.25));
#15090 = CIRCLE('',#15091,4.E-02);
#15091 = AXIS2_PLACEMENT_3D('',#15092,#15093,#15094);
#15092 = CARTESIAN_POINT('',(-1.,0.585,1.21));
#15093 = DIRECTION('',(1.,0.,-0.));
#15094 = DIRECTION('',(0.,0.,1.));
#15095 = ORIENTED_EDGE('',*,*,#15096,.F.);
#15096 = EDGE_CURVE('',#15097,#15088,#15099,.T.);
#15097 = VERTEX_POINT('',#15098);
#15098 = CARTESIAN_POINT('',(-1.,-0.585,1.25));
#15099 = LINE('',#15100,#15101);
#15100 = CARTESIAN_POINT('',(-1.,-0.625,1.25));
#15101 = VECTOR('',#15102,1.);
#15102 = DIRECTION('',(0.,1.,0.));
#15103 = ORIENTED_EDGE('',*,*,#15104,.F.);
#15104 = EDGE_CURVE('',#15046,#15097,#15105,.T.);
#15105 = CIRCLE('',#15106,4.E-02);
#15106 = AXIS2_PLACEMENT_3D('',#15107,#15108,#15109);
#15107 = CARTESIAN_POINT('',(-1.,-0.585,1.21));
#15108 = DIRECTION('',(-1.,0.,0.));
#15109 = DIRECTION('',(0.,0.,1.));
#15110 = PLANE('',#15111);
#15111 = AXIS2_PLACEMENT_3D('',#15112,#15113,#15114);
#15112 = CARTESIAN_POINT('',(-1.,-0.625,0.));
#15113 = DIRECTION('',(1.,0.,0.));
#15114 = DIRECTION('',(0.,0.,1.));
#15115 = ADVANCED_FACE('',(#15116),#15141,.F.);
#15116 = FACE_BOUND('',#15117,.F.);
#15117 = EDGE_LOOP('',(#15118,#15128,#15134,#15135));
#15118 = ORIENTED_EDGE('',*,*,#15119,.F.);
#15119 = EDGE_CURVE('',#15120,#15122,#15124,.T.);
#15120 = VERTEX_POINT('',#15121);
#15121 = CARTESIAN_POINT('',(-0.6,-0.625,4.E-02));
#15122 = VERTEX_POINT('',#15123);
#15123 = CARTESIAN_POINT('',(-0.6,-0.625,1.21));
#15124 = LINE('',#15125,#15126);
#15125 = CARTESIAN_POINT('',(-0.6,-0.625,0.));
#15126 = VECTOR('',#15127,1.);
#15127 = DIRECTION('',(0.,0.,1.));
#15128 = ORIENTED_EDGE('',*,*,#15129,.F.);
#15129 = EDGE_CURVE('',#15044,#15120,#15130,.T.);
#15130 = LINE('',#15131,#15132);
#15131 = CARTESIAN_POINT('',(-1.,-0.625,4.E-02));
#15132 = VECTOR('',#15133,1.);
#15133 = DIRECTION('',(1.,0.,0.));
#15134 = ORIENTED_EDGE('',*,*,#15043,.T.);
#15135 = ORIENTED_EDGE('',*,*,#15136,.T.);
#15136 = EDGE_CURVE('',#15046,#15122,#15137,.T.);
#15137 = LINE('',#15138,#15139);
#15138 = CARTESIAN_POINT('',(-1.,-0.625,1.21));
#15139 = VECTOR('',#15140,1.);
#15140 = DIRECTION('',(1.,0.,0.));
#15141 = PLANE('',#15142);
#15142 = AXIS2_PLACEMENT_3D('',#15143,#15144,#15145);
#15143 = CARTESIAN_POINT('',(-1.,-0.625,0.));
#15144 = DIRECTION('',(0.,1.,0.));
#15145 = DIRECTION('',(0.,-0.,1.));
#15146 = ADVANCED_FACE('',(#15147),#15166,.T.);
#15147 = FACE_BOUND('',#15148,.T.);
#15148 = EDGE_LOOP('',(#15149,#15150,#15158,#15165));
#15149 = ORIENTED_EDGE('',*,*,#15053,.T.);
#15150 = ORIENTED_EDGE('',*,*,#15151,.T.);
#15151 = EDGE_CURVE('',#15054,#15152,#15154,.T.);
#15152 = VERTEX_POINT('',#15153);
#15153 = CARTESIAN_POINT('',(-0.6,-0.585,0.));
#15154 = LINE('',#15155,#15156);
#15155 = CARTESIAN_POINT('',(-1.,-0.585,0.));
#15156 = VECTOR('',#15157,1.);
#15157 = DIRECTION('',(1.,0.,0.));
#15158 = ORIENTED_EDGE('',*,*,#15159,.F.);
#15159 = EDGE_CURVE('',#15120,#15152,#15160,.T.);
#15160 = CIRCLE('',#15161,4.E-02);
#15161 = AXIS2_PLACEMENT_3D('',#15162,#15163,#15164);
#15162 = CARTESIAN_POINT('',(-0.6,-0.585,4.E-02));
#15163 = DIRECTION('',(1.,0.,-0.));
#15164 = DIRECTION('',(0.,0.,1.));
#15165 = ORIENTED_EDGE('',*,*,#15129,.F.);
#15166 = CYLINDRICAL_SURFACE('',#15167,4.E-02);
#15167 = AXIS2_PLACEMENT_3D('',#15168,#15169,#15170);
#15168 = CARTESIAN_POINT('',(-1.,-0.585,4.E-02));
#15169 = DIRECTION('',(1.,0.,0.));
#15170 = DIRECTION('',(0.,-1.,0.));
#15171 = ADVANCED_FACE('',(#15172),#15191,.T.);
#15172 = FACE_BOUND('',#15173,.T.);
#15173 = EDGE_LOOP('',(#15174,#15175,#15184,#15190));
#15174 = ORIENTED_EDGE('',*,*,#15136,.T.);
#15175 = ORIENTED_EDGE('',*,*,#15176,.T.);
#15176 = EDGE_CURVE('',#15122,#15177,#15179,.T.);
#15177 = VERTEX_POINT('',#15178);
#15178 = CARTESIAN_POINT('',(-0.6,-0.585,1.25));
#15179 = CIRCLE('',#15180,4.E-02);
#15180 = AXIS2_PLACEMENT_3D('',#15181,#15182,#15183);
#15181 = CARTESIAN_POINT('',(-0.6,-0.585,1.21));
#15182 = DIRECTION('',(-1.,0.,0.));
#15183 = DIRECTION('',(0.,0.,1.));
#15184 = ORIENTED_EDGE('',*,*,#15185,.F.);
#15185 = EDGE_CURVE('',#15097,#15177,#15186,.T.);
#15186 = LINE('',#15187,#15188);
#15187 = CARTESIAN_POINT('',(-1.,-0.585,1.25));
#15188 = VECTOR('',#15189,1.);
#15189 = DIRECTION('',(1.,0.,0.));
#15190 = ORIENTED_EDGE('',*,*,#15104,.F.);
#15191 = CYLINDRICAL_SURFACE('',#15192,4.E-02);
#15192 = AXIS2_PLACEMENT_3D('',#15193,#15194,#15195);
#15193 = CARTESIAN_POINT('',(-1.,-0.585,1.21));
#15194 = DIRECTION('',(1.,0.,0.));
#15195 = DIRECTION('',(0.,-1.,0.));
#15196 = ADVANCED_FACE('',(#15197),#15215,.F.);
#15197 = FACE_BOUND('',#15198,.F.);
#15198 = EDGE_LOOP('',(#15199,#15200,#15201,#15209));
#15199 = ORIENTED_EDGE('',*,*,#15062,.F.);
#15200 = ORIENTED_EDGE('',*,*,#15151,.T.);
#15201 = ORIENTED_EDGE('',*,*,#15202,.T.);
#15202 = EDGE_CURVE('',#15152,#15203,#15205,.T.);
#15203 = VERTEX_POINT('',#15204);
#15204 = CARTESIAN_POINT('',(-0.6,0.585,0.));
#15205 = LINE('',#15206,#15207);
#15206 = CARTESIAN_POINT('',(-0.6,-0.625,0.));
#15207 = VECTOR('',#15208,1.);
#15208 = DIRECTION('',(0.,1.,0.));
#15209 = ORIENTED_EDGE('',*,*,#15210,.F.);
#15210 = EDGE_CURVE('',#15063,#15203,#15211,.T.);
#15211 = LINE('',#15212,#15213);
#15212 = CARTESIAN_POINT('',(-1.,0.585,0.));
#15213 = VECTOR('',#15214,1.);
#15214 = DIRECTION('',(1.,0.,0.));
#15215 = PLANE('',#15216);
#15216 = AXIS2_PLACEMENT_3D('',#15217,#15218,#15219);
#15217 = CARTESIAN_POINT('',(-1.,-0.625,0.));
#15218 = DIRECTION('',(0.,0.,1.));
#15219 = DIRECTION('',(1.,0.,-0.));
#15220 = ADVANCED_FACE('',(#15221),#15239,.T.);
#15221 = FACE_BOUND('',#15222,.T.);
#15222 = EDGE_LOOP('',(#15223,#15224,#15225,#15233));
#15223 = ORIENTED_EDGE('',*,*,#15096,.F.);
#15224 = ORIENTED_EDGE('',*,*,#15185,.T.);
#15225 = ORIENTED_EDGE('',*,*,#15226,.T.);
#15226 = EDGE_CURVE('',#15177,#15227,#15229,.T.);
#15227 = VERTEX_POINT('',#15228);
#15228 = CARTESIAN_POINT('',(-0.6,0.585,1.25));
#15229 = LINE('',#15230,#15231);
#15230 = CARTESIAN_POINT('',(-0.6,-0.625,1.25));
#15231 = VECTOR('',#15232,1.);
#15232 = DIRECTION('',(0.,1.,0.));
#15233 = ORIENTED_EDGE('',*,*,#15234,.F.);
#15234 = EDGE_CURVE('',#15088,#15227,#15235,.T.);
#15235 = LINE('',#15236,#15237);
#15236 = CARTESIAN_POINT('',(-1.,0.585,1.25));
#15237 = VECTOR('',#15238,1.);
#15238 = DIRECTION('',(1.,0.,0.));
#15239 = PLANE('',#15240);
#15240 = AXIS2_PLACEMENT_3D('',#15241,#15242,#15243);
#15241 = CARTESIAN_POINT('',(-1.,-0.625,1.25));
#15242 = DIRECTION('',(0.,0.,1.));
#15243 = DIRECTION('',(1.,0.,-0.));
#15244 = ADVANCED_FACE('',(#15245),#15264,.T.);
#15245 = FACE_BOUND('',#15246,.T.);
#15246 = EDGE_LOOP('',(#15247,#15255,#15262,#15263));
#15247 = ORIENTED_EDGE('',*,*,#15248,.T.);
#15248 = EDGE_CURVE('',#15071,#15249,#15251,.T.);
#15249 = VERTEX_POINT('',#15250);
#15250 = CARTESIAN_POINT('',(-0.6,0.625,4.E-02));
#15251 = LINE('',#15252,#15253);
#15252 = CARTESIAN_POINT('',(-1.,0.625,4.E-02));
#15253 = VECTOR('',#15254,1.);
#15254 = DIRECTION('',(1.,0.,0.));
#15255 = ORIENTED_EDGE('',*,*,#15256,.T.);
#15256 = EDGE_CURVE('',#15249,#15203,#15257,.T.);
#15257 = CIRCLE('',#15258,4.E-02);
#15258 = AXIS2_PLACEMENT_3D('',#15259,#15260,#15261);
#15259 = CARTESIAN_POINT('',(-0.6,0.585,4.E-02));
#15260 = DIRECTION('',(-1.,0.,0.));
#15261 = DIRECTION('',(0.,0.,1.));
#15262 = ORIENTED_EDGE('',*,*,#15210,.F.);
#15263 = ORIENTED_EDGE('',*,*,#15070,.F.);
#15264 = CYLINDRICAL_SURFACE('',#15265,4.E-02);
#15265 = AXIS2_PLACEMENT_3D('',#15266,#15267,#15268);
#15266 = CARTESIAN_POINT('',(-1.,0.585,4.E-02));
#15267 = DIRECTION('',(1.,0.,0.));
#15268 = DIRECTION('',(-0.,1.,0.));
#15269 = ADVANCED_FACE('',(#15270),#15289,.T.);
#15270 = FACE_BOUND('',#15271,.T.);
#15271 = EDGE_LOOP('',(#15272,#15273,#15274,#15283));
#15272 = ORIENTED_EDGE('',*,*,#15087,.T.);
#15273 = ORIENTED_EDGE('',*,*,#15234,.T.);
#15274 = ORIENTED_EDGE('',*,*,#15275,.F.);
#15275 = EDGE_CURVE('',#15276,#15227,#15278,.T.);
#15276 = VERTEX_POINT('',#15277);
#15277 = CARTESIAN_POINT('',(-0.6,0.625,1.21));
#15278 = CIRCLE('',#15279,4.E-02);
#15279 = AXIS2_PLACEMENT_3D('',#15280,#15281,#15282);
#15280 = CARTESIAN_POINT('',(-0.6,0.585,1.21));
#15281 = DIRECTION('',(1.,0.,-0.));
#15282 = DIRECTION('',(0.,0.,1.));
#15283 = ORIENTED_EDGE('',*,*,#15284,.F.);
#15284 = EDGE_CURVE('',#15080,#15276,#15285,.T.);
#15285 = LINE('',#15286,#15287);
#15286 = CARTESIAN_POINT('',(-1.,0.625,1.21));
#15287 = VECTOR('',#15288,1.);
#15288 = DIRECTION('',(1.,0.,0.));
#15289 = CYLINDRICAL_SURFACE('',#15290,4.E-02);
#15290 = AXIS2_PLACEMENT_3D('',#15291,#15292,#15293);
#15291 = CARTESIAN_POINT('',(-1.,0.585,1.21));
#15292 = DIRECTION('',(1.,0.,0.));
#15293 = DIRECTION('',(-0.,1.,0.));
#15294 = ADVANCED_FACE('',(#15295),#15306,.T.);
#15295 = FACE_BOUND('',#15296,.T.);
#15296 = EDGE_LOOP('',(#15297,#15303,#15304,#15305));
#15297 = ORIENTED_EDGE('',*,*,#15298,.F.);
#15298 = EDGE_CURVE('',#15249,#15276,#15299,.T.);
#15299 = LINE('',#15300,#15301);
#15300 = CARTESIAN_POINT('',(-0.6,0.625,0.));
#15301 = VECTOR('',#15302,1.);
#15302 = DIRECTION('',(0.,0.,1.));
#15303 = ORIENTED_EDGE('',*,*,#15248,.F.);
#15304 = ORIENTED_EDGE('',*,*,#15079,.T.);
#15305 = ORIENTED_EDGE('',*,*,#15284,.T.);
#15306 = PLANE('',#15307);
#15307 = AXIS2_PLACEMENT_3D('',#15308,#15309,#15310);
#15308 = CARTESIAN_POINT('',(-1.,0.625,0.));
#15309 = DIRECTION('',(0.,1.,0.));
#15310 = DIRECTION('',(0.,-0.,1.));
#15311 = ADVANCED_FACE('',(#15312,#15322),#15392,.T.);
#15312 = FACE_BOUND('',#15313,.T.);
#15313 = EDGE_LOOP('',(#15314,#15315,#15316,#15317,#15318,#15319,#15320,
    #15321));
#15314 = ORIENTED_EDGE('',*,*,#15119,.F.);
#15315 = ORIENTED_EDGE('',*,*,#15159,.T.);
#15316 = ORIENTED_EDGE('',*,*,#15202,.T.);
#15317 = ORIENTED_EDGE('',*,*,#15256,.F.);
#15318 = ORIENTED_EDGE('',*,*,#15298,.T.);
#15319 = ORIENTED_EDGE('',*,*,#15275,.T.);
#15320 = ORIENTED_EDGE('',*,*,#15226,.F.);
#15321 = ORIENTED_EDGE('',*,*,#15176,.F.);
#15322 = FACE_BOUND('',#15323,.T.);
#15323 = EDGE_LOOP('',(#15324,#15335,#15343,#15352,#15360,#15369,#15377,
    #15386));
#15324 = ORIENTED_EDGE('',*,*,#15325,.F.);
#15325 = EDGE_CURVE('',#15326,#15328,#15330,.T.);
#15326 = VERTEX_POINT('',#15327);
#15327 = CARTESIAN_POINT('',(-0.6,-0.585,8.E-02));
#15328 = VERTEX_POINT('',#15329);
#15329 = CARTESIAN_POINT('',(-0.6,-0.545,4.E-02));
#15330 = CIRCLE('',#15331,4.E-02);
#15331 = AXIS2_PLACEMENT_3D('',#15332,#15333,#15334);
#15332 = CARTESIAN_POINT('',(-0.6,-0.545,8.E-02));
#15333 = DIRECTION('',(1.,0.,-0.));
#15334 = DIRECTION('',(0.,0.,1.));
#15335 = ORIENTED_EDGE('',*,*,#15336,.T.);
#15336 = EDGE_CURVE('',#15326,#15337,#15339,.T.);
#15337 = VERTEX_POINT('',#15338);
#15338 = CARTESIAN_POINT('',(-0.6,-0.585,1.17));
#15339 = LINE('',#15340,#15341);
#15340 = CARTESIAN_POINT('',(-0.6,-0.585,4.E-02));
#15341 = VECTOR('',#15342,1.);
#15342 = DIRECTION('',(0.,0.,1.));
#15343 = ORIENTED_EDGE('',*,*,#15344,.T.);
#15344 = EDGE_CURVE('',#15337,#15345,#15347,.T.);
#15345 = VERTEX_POINT('',#15346);
#15346 = CARTESIAN_POINT('',(-0.6,-0.545,1.21));
#15347 = CIRCLE('',#15348,4.E-02);
#15348 = AXIS2_PLACEMENT_3D('',#15349,#15350,#15351);
#15349 = CARTESIAN_POINT('',(-0.6,-0.545,1.17));
#15350 = DIRECTION('',(-1.,0.,0.));
#15351 = DIRECTION('',(0.,0.,1.));
#15352 = ORIENTED_EDGE('',*,*,#15353,.T.);
#15353 = EDGE_CURVE('',#15345,#15354,#15356,.T.);
#15354 = VERTEX_POINT('',#15355);
#15355 = CARTESIAN_POINT('',(-0.6,0.545,1.21));
#15356 = LINE('',#15357,#15358);
#15357 = CARTESIAN_POINT('',(-0.6,-0.585,1.21));
#15358 = VECTOR('',#15359,1.);
#15359 = DIRECTION('',(0.,1.,0.));
#15360 = ORIENTED_EDGE('',*,*,#15361,.F.);
#15361 = EDGE_CURVE('',#15362,#15354,#15364,.T.);
#15362 = VERTEX_POINT('',#15363);
#15363 = CARTESIAN_POINT('',(-0.6,0.585,1.17));
#15364 = CIRCLE('',#15365,4.E-02);
#15365 = AXIS2_PLACEMENT_3D('',#15366,#15367,#15368);
#15366 = CARTESIAN_POINT('',(-0.6,0.545,1.17));
#15367 = DIRECTION('',(1.,0.,-0.));
#15368 = DIRECTION('',(0.,0.,1.));
#15369 = ORIENTED_EDGE('',*,*,#15370,.F.);
#15370 = EDGE_CURVE('',#15371,#15362,#15373,.T.);
#15371 = VERTEX_POINT('',#15372);
#15372 = CARTESIAN_POINT('',(-0.6,0.585,8.E-02));
#15373 = LINE('',#15374,#15375);
#15374 = CARTESIAN_POINT('',(-0.6,0.585,4.E-02));
#15375 = VECTOR('',#15376,1.);
#15376 = DIRECTION('',(0.,0.,1.));
#15377 = ORIENTED_EDGE('',*,*,#15378,.T.);
#15378 = EDGE_CURVE('',#15371,#15379,#15381,.T.);
#15379 = VERTEX_POINT('',#15380);
#15380 = CARTESIAN_POINT('',(-0.6,0.545,4.E-02));
#15381 = CIRCLE('',#15382,4.E-02);
#15382 = AXIS2_PLACEMENT_3D('',#15383,#15384,#15385);
#15383 = CARTESIAN_POINT('',(-0.6,0.545,8.E-02));
#15384 = DIRECTION('',(-1.,0.,0.));
#15385 = DIRECTION('',(0.,0.,1.));
#15386 = ORIENTED_EDGE('',*,*,#15387,.F.);
#15387 = EDGE_CURVE('',#15328,#15379,#15388,.T.);
#15388 = LINE('',#15389,#15390);
#15389 = CARTESIAN_POINT('',(-0.6,-0.585,4.E-02));
#15390 = VECTOR('',#15391,1.);
#15391 = DIRECTION('',(0.,1.,0.));
#15392 = PLANE('',#15393);
#15393 = AXIS2_PLACEMENT_3D('',#15394,#15395,#15396);
#15394 = CARTESIAN_POINT('',(-0.6,-0.625,0.));
#15395 = DIRECTION('',(1.,0.,0.));
#15396 = DIRECTION('',(0.,0.,1.));
#15397 = ADVANCED_FACE('',(#15398),#15424,.T.);
#15398 = FACE_BOUND('',#15399,.T.);
#15399 = EDGE_LOOP('',(#15400,#15401,#15409,#15418));
#15400 = ORIENTED_EDGE('',*,*,#15325,.T.);
#15401 = ORIENTED_EDGE('',*,*,#15402,.T.);
#15402 = EDGE_CURVE('',#15328,#15403,#15405,.T.);
#15403 = VERTEX_POINT('',#15404);
#15404 = CARTESIAN_POINT('',(0.6,-0.545,4.E-02));
#15405 = LINE('',#15406,#15407);
#15406 = CARTESIAN_POINT('',(-0.6,-0.545,4.E-02));
#15407 = VECTOR('',#15408,1.);
#15408 = DIRECTION('',(1.,0.,0.));
#15409 = ORIENTED_EDGE('',*,*,#15410,.F.);
#15410 = EDGE_CURVE('',#15411,#15403,#15413,.T.);
#15411 = VERTEX_POINT('',#15412);
#15412 = CARTESIAN_POINT('',(0.6,-0.585,8.E-02));
#15413 = CIRCLE('',#15414,4.E-02);
#15414 = AXIS2_PLACEMENT_3D('',#15415,#15416,#15417);
#15415 = CARTESIAN_POINT('',(0.6,-0.545,8.E-02));
#15416 = DIRECTION('',(1.,0.,-0.));
#15417 = DIRECTION('',(0.,0.,1.));
#15418 = ORIENTED_EDGE('',*,*,#15419,.F.);
#15419 = EDGE_CURVE('',#15326,#15411,#15420,.T.);
#15420 = LINE('',#15421,#15422);
#15421 = CARTESIAN_POINT('',(-0.6,-0.585,8.E-02));
#15422 = VECTOR('',#15423,1.);
#15423 = DIRECTION('',(1.,0.,0.));
#15424 = CYLINDRICAL_SURFACE('',#15425,4.E-02);
#15425 = AXIS2_PLACEMENT_3D('',#15426,#15427,#15428);
#15426 = CARTESIAN_POINT('',(-0.6,-0.545,8.E-02));
#15427 = DIRECTION('',(1.,0.,0.));
#15428 = DIRECTION('',(0.,-1.,0.));
#15429 = ADVANCED_FACE('',(#15430),#15448,.F.);
#15430 = FACE_BOUND('',#15431,.F.);
#15431 = EDGE_LOOP('',(#15432,#15433,#15434,#15442));
#15432 = ORIENTED_EDGE('',*,*,#15387,.F.);
#15433 = ORIENTED_EDGE('',*,*,#15402,.T.);
#15434 = ORIENTED_EDGE('',*,*,#15435,.T.);
#15435 = EDGE_CURVE('',#15403,#15436,#15438,.T.);
#15436 = VERTEX_POINT('',#15437);
#15437 = CARTESIAN_POINT('',(0.6,0.545,4.E-02));
#15438 = LINE('',#15439,#15440);
#15439 = CARTESIAN_POINT('',(0.6,-0.585,4.E-02));
#15440 = VECTOR('',#15441,1.);
#15441 = DIRECTION('',(0.,1.,0.));
#15442 = ORIENTED_EDGE('',*,*,#15443,.F.);
#15443 = EDGE_CURVE('',#15379,#15436,#15444,.T.);
#15444 = LINE('',#15445,#15446);
#15445 = CARTESIAN_POINT('',(-0.6,0.545,4.E-02));
#15446 = VECTOR('',#15447,1.);
#15447 = DIRECTION('',(1.,0.,0.));
#15448 = PLANE('',#15449);
#15449 = AXIS2_PLACEMENT_3D('',#15450,#15451,#15452);
#15450 = CARTESIAN_POINT('',(-0.6,-0.585,4.E-02));
#15451 = DIRECTION('',(0.,0.,1.));
#15452 = DIRECTION('',(1.,0.,-0.));
#15453 = ADVANCED_FACE('',(#15454),#15473,.T.);
#15454 = FACE_BOUND('',#15455,.T.);
#15455 = EDGE_LOOP('',(#15456,#15464,#15471,#15472));
#15456 = ORIENTED_EDGE('',*,*,#15457,.T.);
#15457 = EDGE_CURVE('',#15371,#15458,#15460,.T.);
#15458 = VERTEX_POINT('',#15459);
#15459 = CARTESIAN_POINT('',(0.6,0.585,8.E-02));
#15460 = LINE('',#15461,#15462);
#15461 = CARTESIAN_POINT('',(-0.6,0.585,8.E-02));
#15462 = VECTOR('',#15463,1.);
#15463 = DIRECTION('',(1.,0.,0.));
#15464 = ORIENTED_EDGE('',*,*,#15465,.T.);
#15465 = EDGE_CURVE('',#15458,#15436,#15466,.T.);
#15466 = CIRCLE('',#15467,4.E-02);
#15467 = AXIS2_PLACEMENT_3D('',#15468,#15469,#15470);
#15468 = CARTESIAN_POINT('',(0.6,0.545,8.E-02));
#15469 = DIRECTION('',(-1.,0.,0.));
#15470 = DIRECTION('',(0.,0.,1.));
#15471 = ORIENTED_EDGE('',*,*,#15443,.F.);
#15472 = ORIENTED_EDGE('',*,*,#15378,.F.);
#15473 = CYLINDRICAL_SURFACE('',#15474,4.E-02);
#15474 = AXIS2_PLACEMENT_3D('',#15475,#15476,#15477);
#15475 = CARTESIAN_POINT('',(-0.6,0.545,8.E-02));
#15476 = DIRECTION('',(1.,0.,0.));
#15477 = DIRECTION('',(-0.,1.,0.));
#15478 = ADVANCED_FACE('',(#15479),#15497,.T.);
#15479 = FACE_BOUND('',#15480,.T.);
#15480 = EDGE_LOOP('',(#15481,#15489,#15490,#15491));
#15481 = ORIENTED_EDGE('',*,*,#15482,.F.);
#15482 = EDGE_CURVE('',#15458,#15483,#15485,.T.);
#15483 = VERTEX_POINT('',#15484);
#15484 = CARTESIAN_POINT('',(0.6,0.585,1.17));
#15485 = LINE('',#15486,#15487);
#15486 = CARTESIAN_POINT('',(0.6,0.585,4.E-02));
#15487 = VECTOR('',#15488,1.);
#15488 = DIRECTION('',(0.,0.,1.));
#15489 = ORIENTED_EDGE('',*,*,#15457,.F.);
#15490 = ORIENTED_EDGE('',*,*,#15370,.T.);
#15491 = ORIENTED_EDGE('',*,*,#15492,.T.);
#15492 = EDGE_CURVE('',#15362,#15483,#15493,.T.);
#15493 = LINE('',#15494,#15495);
#15494 = CARTESIAN_POINT('',(-0.6,0.585,1.17));
#15495 = VECTOR('',#15496,1.);
#15496 = DIRECTION('',(1.,0.,0.));
#15497 = PLANE('',#15498);
#15498 = AXIS2_PLACEMENT_3D('',#15499,#15500,#15501);
#15499 = CARTESIAN_POINT('',(-0.6,0.585,4.E-02));
#15500 = DIRECTION('',(0.,1.,0.));
#15501 = DIRECTION('',(0.,-0.,1.));
#15502 = ADVANCED_FACE('',(#15503),#15522,.T.);
#15503 = FACE_BOUND('',#15504,.T.);
#15504 = EDGE_LOOP('',(#15505,#15506,#15514,#15521));
#15505 = ORIENTED_EDGE('',*,*,#15361,.T.);
#15506 = ORIENTED_EDGE('',*,*,#15507,.T.);
#15507 = EDGE_CURVE('',#15354,#15508,#15510,.T.);
#15508 = VERTEX_POINT('',#15509);
#15509 = CARTESIAN_POINT('',(0.6,0.545,1.21));
#15510 = LINE('',#15511,#15512);
#15511 = CARTESIAN_POINT('',(-0.6,0.545,1.21));
#15512 = VECTOR('',#15513,1.);
#15513 = DIRECTION('',(1.,0.,0.));
#15514 = ORIENTED_EDGE('',*,*,#15515,.F.);
#15515 = EDGE_CURVE('',#15483,#15508,#15516,.T.);
#15516 = CIRCLE('',#15517,4.E-02);
#15517 = AXIS2_PLACEMENT_3D('',#15518,#15519,#15520);
#15518 = CARTESIAN_POINT('',(0.6,0.545,1.17));
#15519 = DIRECTION('',(1.,0.,-0.));
#15520 = DIRECTION('',(0.,0.,1.));
#15521 = ORIENTED_EDGE('',*,*,#15492,.F.);
#15522 = CYLINDRICAL_SURFACE('',#15523,4.E-02);
#15523 = AXIS2_PLACEMENT_3D('',#15524,#15525,#15526);
#15524 = CARTESIAN_POINT('',(-0.6,0.545,1.17));
#15525 = DIRECTION('',(1.,0.,0.));
#15526 = DIRECTION('',(-0.,1.,0.));
#15527 = ADVANCED_FACE('',(#15528),#15546,.T.);
#15528 = FACE_BOUND('',#15529,.T.);
#15529 = EDGE_LOOP('',(#15530,#15531,#15539,#15545));
#15530 = ORIENTED_EDGE('',*,*,#15353,.F.);
#15531 = ORIENTED_EDGE('',*,*,#15532,.T.);
#15532 = EDGE_CURVE('',#15345,#15533,#15535,.T.);
#15533 = VERTEX_POINT('',#15534);
#15534 = CARTESIAN_POINT('',(0.6,-0.545,1.21));
#15535 = LINE('',#15536,#15537);
#15536 = CARTESIAN_POINT('',(-0.6,-0.545,1.21));
#15537 = VECTOR('',#15538,1.);
#15538 = DIRECTION('',(1.,0.,0.));
#15539 = ORIENTED_EDGE('',*,*,#15540,.T.);
#15540 = EDGE_CURVE('',#15533,#15508,#15541,.T.);
#15541 = LINE('',#15542,#15543);
#15542 = CARTESIAN_POINT('',(0.6,-0.585,1.21));
#15543 = VECTOR('',#15544,1.);
#15544 = DIRECTION('',(0.,1.,0.));
#15545 = ORIENTED_EDGE('',*,*,#15507,.F.);
#15546 = PLANE('',#15547);
#15547 = AXIS2_PLACEMENT_3D('',#15548,#15549,#15550);
#15548 = CARTESIAN_POINT('',(-0.6,-0.585,1.21));
#15549 = DIRECTION('',(0.,0.,1.));
#15550 = DIRECTION('',(1.,0.,-0.));
#15551 = ADVANCED_FACE('',(#15552),#15571,.T.);
#15552 = FACE_BOUND('',#15553,.T.);
#15553 = EDGE_LOOP('',(#15554,#15562,#15569,#15570));
#15554 = ORIENTED_EDGE('',*,*,#15555,.T.);
#15555 = EDGE_CURVE('',#15337,#15556,#15558,.T.);
#15556 = VERTEX_POINT('',#15557);
#15557 = CARTESIAN_POINT('',(0.6,-0.585,1.17));
#15558 = LINE('',#15559,#15560);
#15559 = CARTESIAN_POINT('',(-0.6,-0.585,1.17));
#15560 = VECTOR('',#15561,1.);
#15561 = DIRECTION('',(1.,0.,0.));
#15562 = ORIENTED_EDGE('',*,*,#15563,.T.);
#15563 = EDGE_CURVE('',#15556,#15533,#15564,.T.);
#15564 = CIRCLE('',#15565,4.E-02);
#15565 = AXIS2_PLACEMENT_3D('',#15566,#15567,#15568);
#15566 = CARTESIAN_POINT('',(0.6,-0.545,1.17));
#15567 = DIRECTION('',(-1.,0.,0.));
#15568 = DIRECTION('',(0.,0.,1.));
#15569 = ORIENTED_EDGE('',*,*,#15532,.F.);
#15570 = ORIENTED_EDGE('',*,*,#15344,.F.);
#15571 = CYLINDRICAL_SURFACE('',#15572,4.E-02);
#15572 = AXIS2_PLACEMENT_3D('',#15573,#15574,#15575);
#15573 = CARTESIAN_POINT('',(-0.6,-0.545,1.17));
#15574 = DIRECTION('',(1.,0.,0.));
#15575 = DIRECTION('',(0.,-1.,0.));
#15576 = ADVANCED_FACE('',(#15577),#15588,.F.);
#15577 = FACE_BOUND('',#15578,.F.);
#15578 = EDGE_LOOP('',(#15579,#15585,#15586,#15587));
#15579 = ORIENTED_EDGE('',*,*,#15580,.F.);
#15580 = EDGE_CURVE('',#15411,#15556,#15581,.T.);
#15581 = LINE('',#15582,#15583);
#15582 = CARTESIAN_POINT('',(0.6,-0.585,4.E-02));
#15583 = VECTOR('',#15584,1.);
#15584 = DIRECTION('',(0.,0.,1.));
#15585 = ORIENTED_EDGE('',*,*,#15419,.F.);
#15586 = ORIENTED_EDGE('',*,*,#15336,.T.);
#15587 = ORIENTED_EDGE('',*,*,#15555,.T.);
#15588 = PLANE('',#15589);
#15589 = AXIS2_PLACEMENT_3D('',#15590,#15591,#15592);
#15590 = CARTESIAN_POINT('',(-0.6,-0.585,4.E-02));
#15591 = DIRECTION('',(0.,1.,0.));
#15592 = DIRECTION('',(0.,-0.,1.));
#15593 = ADVANCED_FACE('',(#15594,#15664),#15674,.F.);
#15594 = FACE_BOUND('',#15595,.F.);
#15595 = EDGE_LOOP('',(#15596,#15606,#15615,#15623,#15632,#15640,#15649,
    #15657));
#15596 = ORIENTED_EDGE('',*,*,#15597,.F.);
#15597 = EDGE_CURVE('',#15598,#15600,#15602,.T.);
#15598 = VERTEX_POINT('',#15599);
#15599 = CARTESIAN_POINT('',(0.6,-0.625,4.E-02));
#15600 = VERTEX_POINT('',#15601);
#15601 = CARTESIAN_POINT('',(0.6,-0.625,1.21));
#15602 = LINE('',#15603,#15604);
#15603 = CARTESIAN_POINT('',(0.6,-0.625,0.));
#15604 = VECTOR('',#15605,1.);
#15605 = DIRECTION('',(0.,0.,1.));
#15606 = ORIENTED_EDGE('',*,*,#15607,.T.);
#15607 = EDGE_CURVE('',#15598,#15608,#15610,.T.);
#15608 = VERTEX_POINT('',#15609);
#15609 = CARTESIAN_POINT('',(0.6,-0.585,0.));
#15610 = CIRCLE('',#15611,4.E-02);
#15611 = AXIS2_PLACEMENT_3D('',#15612,#15613,#15614);
#15612 = CARTESIAN_POINT('',(0.6,-0.585,4.E-02));
#15613 = DIRECTION('',(1.,0.,-0.));
#15614 = DIRECTION('',(0.,0.,1.));
#15615 = ORIENTED_EDGE('',*,*,#15616,.T.);
#15616 = EDGE_CURVE('',#15608,#15617,#15619,.T.);
#15617 = VERTEX_POINT('',#15618);
#15618 = CARTESIAN_POINT('',(0.6,0.585,0.));
#15619 = LINE('',#15620,#15621);
#15620 = CARTESIAN_POINT('',(0.6,-0.625,0.));
#15621 = VECTOR('',#15622,1.);
#15622 = DIRECTION('',(0.,1.,0.));
#15623 = ORIENTED_EDGE('',*,*,#15624,.F.);
#15624 = EDGE_CURVE('',#15625,#15617,#15627,.T.);
#15625 = VERTEX_POINT('',#15626);
#15626 = CARTESIAN_POINT('',(0.6,0.625,4.E-02));
#15627 = CIRCLE('',#15628,4.E-02);
#15628 = AXIS2_PLACEMENT_3D('',#15629,#15630,#15631);
#15629 = CARTESIAN_POINT('',(0.6,0.585,4.E-02));
#15630 = DIRECTION('',(-1.,0.,0.));
#15631 = DIRECTION('',(0.,0.,1.));
#15632 = ORIENTED_EDGE('',*,*,#15633,.T.);
#15633 = EDGE_CURVE('',#15625,#15634,#15636,.T.);
#15634 = VERTEX_POINT('',#15635);
#15635 = CARTESIAN_POINT('',(0.6,0.625,1.21));
#15636 = LINE('',#15637,#15638);
#15637 = CARTESIAN_POINT('',(0.6,0.625,0.));
#15638 = VECTOR('',#15639,1.);
#15639 = DIRECTION('',(0.,0.,1.));
#15640 = ORIENTED_EDGE('',*,*,#15641,.T.);
#15641 = EDGE_CURVE('',#15634,#15642,#15644,.T.);
#15642 = VERTEX_POINT('',#15643);
#15643 = CARTESIAN_POINT('',(0.6,0.585,1.25));
#15644 = CIRCLE('',#15645,4.E-02);
#15645 = AXIS2_PLACEMENT_3D('',#15646,#15647,#15648);
#15646 = CARTESIAN_POINT('',(0.6,0.585,1.21));
#15647 = DIRECTION('',(1.,0.,-0.));
#15648 = DIRECTION('',(0.,0.,1.));
#15649 = ORIENTED_EDGE('',*,*,#15650,.F.);
#15650 = EDGE_CURVE('',#15651,#15642,#15653,.T.);
#15651 = VERTEX_POINT('',#15652);
#15652 = CARTESIAN_POINT('',(0.6,-0.585,1.25));
#15653 = LINE('',#15654,#15655);
#15654 = CARTESIAN_POINT('',(0.6,-0.625,1.25));
#15655 = VECTOR('',#15656,1.);
#15656 = DIRECTION('',(0.,1.,0.));
#15657 = ORIENTED_EDGE('',*,*,#15658,.F.);
#15658 = EDGE_CURVE('',#15600,#15651,#15659,.T.);
#15659 = CIRCLE('',#15660,4.E-02);
#15660 = AXIS2_PLACEMENT_3D('',#15661,#15662,#15663);
#15661 = CARTESIAN_POINT('',(0.6,-0.585,1.21));
#15662 = DIRECTION('',(-1.,0.,0.));
#15663 = DIRECTION('',(0.,0.,1.));
#15664 = FACE_BOUND('',#15665,.F.);
#15665 = EDGE_LOOP('',(#15666,#15667,#15668,#15669,#15670,#15671,#15672,
    #15673));
#15666 = ORIENTED_EDGE('',*,*,#15410,.F.);
#15667 = ORIENTED_EDGE('',*,*,#15580,.T.);
#15668 = ORIENTED_EDGE('',*,*,#15563,.T.);
#15669 = ORIENTED_EDGE('',*,*,#15540,.T.);
#15670 = ORIENTED_EDGE('',*,*,#15515,.F.);
#15671 = ORIENTED_EDGE('',*,*,#15482,.F.);
#15672 = ORIENTED_EDGE('',*,*,#15465,.T.);
#15673 = ORIENTED_EDGE('',*,*,#15435,.F.);
#15674 = PLANE('',#15675);
#15675 = AXIS2_PLACEMENT_3D('',#15676,#15677,#15678);
#15676 = CARTESIAN_POINT('',(0.6,-0.625,0.));
#15677 = DIRECTION('',(1.,0.,0.));
#15678 = DIRECTION('',(0.,0.,1.));
#15679 = ADVANCED_FACE('',(#15680),#15705,.F.);
#15680 = FACE_BOUND('',#15681,.F.);
#15681 = EDGE_LOOP('',(#15682,#15692,#15698,#15699));
#15682 = ORIENTED_EDGE('',*,*,#15683,.F.);
#15683 = EDGE_CURVE('',#15684,#15686,#15688,.T.);
#15684 = VERTEX_POINT('',#15685);
#15685 = CARTESIAN_POINT('',(1.,-0.625,4.E-02));
#15686 = VERTEX_POINT('',#15687);
#15687 = CARTESIAN_POINT('',(1.,-0.625,1.21));
#15688 = LINE('',#15689,#15690);
#15689 = CARTESIAN_POINT('',(1.,-0.625,0.));
#15690 = VECTOR('',#15691,1.);
#15691 = DIRECTION('',(0.,0.,1.));
#15692 = ORIENTED_EDGE('',*,*,#15693,.F.);
#15693 = EDGE_CURVE('',#15598,#15684,#15694,.T.);
#15694 = LINE('',#15695,#15696);
#15695 = CARTESIAN_POINT('',(0.6,-0.625,4.E-02));
#15696 = VECTOR('',#15697,1.);
#15697 = DIRECTION('',(1.,0.,0.));
#15698 = ORIENTED_EDGE('',*,*,#15597,.T.);
#15699 = ORIENTED_EDGE('',*,*,#15700,.T.);
#15700 = EDGE_CURVE('',#15600,#15686,#15701,.T.);
#15701 = LINE('',#15702,#15703);
#15702 = CARTESIAN_POINT('',(0.6,-0.625,1.21));
#15703 = VECTOR('',#15704,1.);
#15704 = DIRECTION('',(1.,0.,0.));
#15705 = PLANE('',#15706);
#15706 = AXIS2_PLACEMENT_3D('',#15707,#15708,#15709);
#15707 = CARTESIAN_POINT('',(0.6,-0.625,0.));
#15708 = DIRECTION('',(0.,1.,0.));
#15709 = DIRECTION('',(0.,-0.,1.));
#15710 = ADVANCED_FACE('',(#15711),#15730,.T.);
#15711 = FACE_BOUND('',#15712,.T.);
#15712 = EDGE_LOOP('',(#15713,#15714,#15722,#15729));
#15713 = ORIENTED_EDGE('',*,*,#15607,.T.);
#15714 = ORIENTED_EDGE('',*,*,#15715,.T.);
#15715 = EDGE_CURVE('',#15608,#15716,#15718,.T.);
#15716 = VERTEX_POINT('',#15717);
#15717 = CARTESIAN_POINT('',(1.,-0.585,0.));
#15718 = LINE('',#15719,#15720);
#15719 = CARTESIAN_POINT('',(0.6,-0.585,0.));
#15720 = VECTOR('',#15721,1.);
#15721 = DIRECTION('',(1.,0.,0.));
#15722 = ORIENTED_EDGE('',*,*,#15723,.F.);
#15723 = EDGE_CURVE('',#15684,#15716,#15724,.T.);
#15724 = CIRCLE('',#15725,4.E-02);
#15725 = AXIS2_PLACEMENT_3D('',#15726,#15727,#15728);
#15726 = CARTESIAN_POINT('',(1.,-0.585,4.E-02));
#15727 = DIRECTION('',(1.,0.,-0.));
#15728 = DIRECTION('',(0.,0.,1.));
#15729 = ORIENTED_EDGE('',*,*,#15693,.F.);
#15730 = CYLINDRICAL_SURFACE('',#15731,4.E-02);
#15731 = AXIS2_PLACEMENT_3D('',#15732,#15733,#15734);
#15732 = CARTESIAN_POINT('',(0.6,-0.585,4.E-02));
#15733 = DIRECTION('',(1.,0.,0.));
#15734 = DIRECTION('',(0.,-1.,0.));
#15735 = ADVANCED_FACE('',(#15736),#15755,.T.);
#15736 = FACE_BOUND('',#15737,.T.);
#15737 = EDGE_LOOP('',(#15738,#15739,#15748,#15754));
#15738 = ORIENTED_EDGE('',*,*,#15700,.T.);
#15739 = ORIENTED_EDGE('',*,*,#15740,.T.);
#15740 = EDGE_CURVE('',#15686,#15741,#15743,.T.);
#15741 = VERTEX_POINT('',#15742);
#15742 = CARTESIAN_POINT('',(1.,-0.585,1.25));
#15743 = CIRCLE('',#15744,4.E-02);
#15744 = AXIS2_PLACEMENT_3D('',#15745,#15746,#15747);
#15745 = CARTESIAN_POINT('',(1.,-0.585,1.21));
#15746 = DIRECTION('',(-1.,0.,0.));
#15747 = DIRECTION('',(0.,0.,1.));
#15748 = ORIENTED_EDGE('',*,*,#15749,.F.);
#15749 = EDGE_CURVE('',#15651,#15741,#15750,.T.);
#15750 = LINE('',#15751,#15752);
#15751 = CARTESIAN_POINT('',(0.6,-0.585,1.25));
#15752 = VECTOR('',#15753,1.);
#15753 = DIRECTION('',(1.,0.,0.));
#15754 = ORIENTED_EDGE('',*,*,#15658,.F.);
#15755 = CYLINDRICAL_SURFACE('',#15756,4.E-02);
#15756 = AXIS2_PLACEMENT_3D('',#15757,#15758,#15759);
#15757 = CARTESIAN_POINT('',(0.6,-0.585,1.21));
#15758 = DIRECTION('',(1.,0.,0.));
#15759 = DIRECTION('',(0.,-1.,0.));
#15760 = ADVANCED_FACE('',(#15761),#15779,.F.);
#15761 = FACE_BOUND('',#15762,.F.);
#15762 = EDGE_LOOP('',(#15763,#15764,#15765,#15773));
#15763 = ORIENTED_EDGE('',*,*,#15616,.F.);
#15764 = ORIENTED_EDGE('',*,*,#15715,.T.);
#15765 = ORIENTED_EDGE('',*,*,#15766,.T.);
#15766 = EDGE_CURVE('',#15716,#15767,#15769,.T.);
#15767 = VERTEX_POINT('',#15768);
#15768 = CARTESIAN_POINT('',(1.,0.585,0.));
#15769 = LINE('',#15770,#15771);
#15770 = CARTESIAN_POINT('',(1.,-0.625,0.));
#15771 = VECTOR('',#15772,1.);
#15772 = DIRECTION('',(0.,1.,0.));
#15773 = ORIENTED_EDGE('',*,*,#15774,.F.);
#15774 = EDGE_CURVE('',#15617,#15767,#15775,.T.);
#15775 = LINE('',#15776,#15777);
#15776 = CARTESIAN_POINT('',(0.6,0.585,0.));
#15777 = VECTOR('',#15778,1.);
#15778 = DIRECTION('',(1.,0.,0.));
#15779 = PLANE('',#15780);
#15780 = AXIS2_PLACEMENT_3D('',#15781,#15782,#15783);
#15781 = CARTESIAN_POINT('',(0.6,-0.625,0.));
#15782 = DIRECTION('',(0.,0.,1.));
#15783 = DIRECTION('',(1.,0.,-0.));
#15784 = ADVANCED_FACE('',(#15785),#15803,.T.);
#15785 = FACE_BOUND('',#15786,.T.);
#15786 = EDGE_LOOP('',(#15787,#15788,#15789,#15797));
#15787 = ORIENTED_EDGE('',*,*,#15650,.F.);
#15788 = ORIENTED_EDGE('',*,*,#15749,.T.);
#15789 = ORIENTED_EDGE('',*,*,#15790,.T.);
#15790 = EDGE_CURVE('',#15741,#15791,#15793,.T.);
#15791 = VERTEX_POINT('',#15792);
#15792 = CARTESIAN_POINT('',(1.,0.585,1.25));
#15793 = LINE('',#15794,#15795);
#15794 = CARTESIAN_POINT('',(1.,-0.625,1.25));
#15795 = VECTOR('',#15796,1.);
#15796 = DIRECTION('',(0.,1.,0.));
#15797 = ORIENTED_EDGE('',*,*,#15798,.F.);
#15798 = EDGE_CURVE('',#15642,#15791,#15799,.T.);
#15799 = LINE('',#15800,#15801);
#15800 = CARTESIAN_POINT('',(0.6,0.585,1.25));
#15801 = VECTOR('',#15802,1.);
#15802 = DIRECTION('',(1.,0.,0.));
#15803 = PLANE('',#15804);
#15804 = AXIS2_PLACEMENT_3D('',#15805,#15806,#15807);
#15805 = CARTESIAN_POINT('',(0.6,-0.625,1.25));
#15806 = DIRECTION('',(0.,0.,1.));
#15807 = DIRECTION('',(1.,0.,-0.));
#15808 = ADVANCED_FACE('',(#15809),#15828,.T.);
#15809 = FACE_BOUND('',#15810,.T.);
#15810 = EDGE_LOOP('',(#15811,#15819,#15826,#15827));
#15811 = ORIENTED_EDGE('',*,*,#15812,.T.);
#15812 = EDGE_CURVE('',#15625,#15813,#15815,.T.);
#15813 = VERTEX_POINT('',#15814);
#15814 = CARTESIAN_POINT('',(1.,0.625,4.E-02));
#15815 = LINE('',#15816,#15817);
#15816 = CARTESIAN_POINT('',(0.6,0.625,4.E-02));
#15817 = VECTOR('',#15818,1.);
#15818 = DIRECTION('',(1.,0.,0.));
#15819 = ORIENTED_EDGE('',*,*,#15820,.T.);
#15820 = EDGE_CURVE('',#15813,#15767,#15821,.T.);
#15821 = CIRCLE('',#15822,4.E-02);
#15822 = AXIS2_PLACEMENT_3D('',#15823,#15824,#15825);
#15823 = CARTESIAN_POINT('',(1.,0.585,4.E-02));
#15824 = DIRECTION('',(-1.,0.,0.));
#15825 = DIRECTION('',(0.,0.,1.));
#15826 = ORIENTED_EDGE('',*,*,#15774,.F.);
#15827 = ORIENTED_EDGE('',*,*,#15624,.F.);
#15828 = CYLINDRICAL_SURFACE('',#15829,4.E-02);
#15829 = AXIS2_PLACEMENT_3D('',#15830,#15831,#15832);
#15830 = CARTESIAN_POINT('',(0.6,0.585,4.E-02));
#15831 = DIRECTION('',(1.,0.,0.));
#15832 = DIRECTION('',(-0.,1.,0.));
#15833 = ADVANCED_FACE('',(#15834),#15853,.T.);
#15834 = FACE_BOUND('',#15835,.T.);
#15835 = EDGE_LOOP('',(#15836,#15837,#15838,#15847));
#15836 = ORIENTED_EDGE('',*,*,#15641,.T.);
#15837 = ORIENTED_EDGE('',*,*,#15798,.T.);
#15838 = ORIENTED_EDGE('',*,*,#15839,.F.);
#15839 = EDGE_CURVE('',#15840,#15791,#15842,.T.);
#15840 = VERTEX_POINT('',#15841);
#15841 = CARTESIAN_POINT('',(1.,0.625,1.21));
#15842 = CIRCLE('',#15843,4.E-02);
#15843 = AXIS2_PLACEMENT_3D('',#15844,#15845,#15846);
#15844 = CARTESIAN_POINT('',(1.,0.585,1.21));
#15845 = DIRECTION('',(1.,0.,-0.));
#15846 = DIRECTION('',(0.,0.,1.));
#15847 = ORIENTED_EDGE('',*,*,#15848,.F.);
#15848 = EDGE_CURVE('',#15634,#15840,#15849,.T.);
#15849 = LINE('',#15850,#15851);
#15850 = CARTESIAN_POINT('',(0.6,0.625,1.21));
#15851 = VECTOR('',#15852,1.);
#15852 = DIRECTION('',(1.,0.,0.));
#15853 = CYLINDRICAL_SURFACE('',#15854,4.E-02);
#15854 = AXIS2_PLACEMENT_3D('',#15855,#15856,#15857);
#15855 = CARTESIAN_POINT('',(0.6,0.585,1.21));
#15856 = DIRECTION('',(1.,0.,0.));
#15857 = DIRECTION('',(-0.,1.,0.));
#15858 = ADVANCED_FACE('',(#15859),#15870,.T.);
#15859 = FACE_BOUND('',#15860,.T.);
#15860 = EDGE_LOOP('',(#15861,#15867,#15868,#15869));
#15861 = ORIENTED_EDGE('',*,*,#15862,.F.);
#15862 = EDGE_CURVE('',#15813,#15840,#15863,.T.);
#15863 = LINE('',#15864,#15865);
#15864 = CARTESIAN_POINT('',(1.,0.625,0.));
#15865 = VECTOR('',#15866,1.);
#15866 = DIRECTION('',(0.,0.,1.));
#15867 = ORIENTED_EDGE('',*,*,#15812,.F.);
#15868 = ORIENTED_EDGE('',*,*,#15633,.T.);
#15869 = ORIENTED_EDGE('',*,*,#15848,.T.);
#15870 = PLANE('',#15871);
#15871 = AXIS2_PLACEMENT_3D('',#15872,#15873,#15874);
#15872 = CARTESIAN_POINT('',(0.6,0.625,0.));
#15873 = DIRECTION('',(0.,1.,0.));
#15874 = DIRECTION('',(0.,-0.,1.));
#15875 = ADVANCED_FACE('',(#15876),#15886,.T.);
#15876 = FACE_BOUND('',#15877,.T.);
#15877 = EDGE_LOOP('',(#15878,#15879,#15880,#15881,#15882,#15883,#15884,
    #15885));
#15878 = ORIENTED_EDGE('',*,*,#15683,.F.);
#15879 = ORIENTED_EDGE('',*,*,#15723,.T.);
#15880 = ORIENTED_EDGE('',*,*,#15766,.T.);
#15881 = ORIENTED_EDGE('',*,*,#15820,.F.);
#15882 = ORIENTED_EDGE('',*,*,#15862,.T.);
#15883 = ORIENTED_EDGE('',*,*,#15839,.T.);
#15884 = ORIENTED_EDGE('',*,*,#15790,.F.);
#15885 = ORIENTED_EDGE('',*,*,#15740,.F.);
#15886 = PLANE('',#15887);
#15887 = AXIS2_PLACEMENT_3D('',#15888,#15889,#15890);
#15888 = CARTESIAN_POINT('',(1.,-0.625,0.));
#15889 = DIRECTION('',(1.,0.,0.));
#15890 = DIRECTION('',(0.,0.,1.));
#15891 = ( GEOMETRIC_REPRESENTATION_CONTEXT(3) 
GLOBAL_UNCERTAINTY_ASSIGNED_CONTEXT((#15895)) 
GLOBAL_UNIT_ASSIGNED_CONTEXT((#15892,#15893,#15894)) 
REPRESENTATION_CONTEXT('Context #1',
  '3D Context with UNIT and UNCERTAINTY') );
#15892 = ( LENGTH_UNIT() NAMED_UNIT(*) SI_UNIT(.MILLI.,.METRE.) );
#15893 = ( NAMED_UNIT(*) PLANE_ANGLE_UNIT() SI_UNIT($,.RADIAN.) );
#15894 = ( NAMED_UNIT(*) SI_UNIT($,.STERADIAN.) SOLID_ANGLE_UNIT() );
#15895 = UNCERTAINTY_MEASURE_WITH_UNIT(LENGTH_MEASURE(1.E-07),#15892,
  'distance_accuracy_value','confusion accuracy');
#15896 = CONTEXT_DEPENDENT_SHAPE_REPRESENTATION(#15897,#15899);
#15897 = ( REPRESENTATION_RELATIONSHIP('','',#15036,#10) 
REPRESENTATION_RELATIONSHIP_WITH_TRANSFORMATION(#15898) 
SHAPE_REPRESENTATION_RELATIONSHIP() );
#15898 = ITEM_DEFINED_TRANSFORMATION('','',#11,#67);
#15899 = PRODUCT_DEFINITION_SHAPE('Placement','Placement of an item',
  #15900);
#15900 = NEXT_ASSEMBLY_USAGE_OCCURRENCE('14','C3','',#5,#15031,$);
#15901 = PRODUCT_RELATED_PRODUCT_CATEGORY('part',$,(#15033));
#15902 = CONTEXT_DEPENDENT_SHAPE_REPRESENTATION(#15903,#15905);
#15903 = ( REPRESENTATION_RELATIONSHIP('','',#3196,#10) 
REPRESENTATION_RELATIONSHIP_WITH_TRANSFORMATION(#15904) 
SHAPE_REPRESENTATION_RELATIONSHIP() );
#15904 = ITEM_DEFINED_TRANSFORMATION('','',#11,#71);
#15905 = PRODUCT_DEFINITION_SHAPE('Placement','Placement of an item',
  #15906);
#15906 = NEXT_ASSEMBLY_USAGE_OCCURRENCE('15','D1','',#5,#3191,$);
#15907 = CONTEXT_DEPENDENT_SHAPE_REPRESENTATION(#15908,#15910);
#15908 = ( REPRESENTATION_RELATIONSHIP('','',#6882,#10) 
REPRESENTATION_RELATIONSHIP_WITH_TRANSFORMATION(#15909) 
SHAPE_REPRESENTATION_RELATIONSHIP() );
#15909 = ITEM_DEFINED_TRANSFORMATION('','',#11,#75);
#15910 = PRODUCT_DEFINITION_SHAPE('Placement','Placement of an item',
  #15911);
#15911 = NEXT_ASSEMBLY_USAGE_OCCURRENCE('16','J2','',#5,#6877,$);
#15912 = CONTEXT_DEPENDENT_SHAPE_REPRESENTATION(#15913,#15915);
#15913 = ( REPRESENTATION_RELATIONSHIP('','',#5232,#10) 
REPRESENTATION_RELATIONSHIP_WITH_TRANSFORMATION(#15914) 
SHAPE_REPRESENTATION_RELATIONSHIP() );
#15914 = ITEM_DEFINED_TRANSFORMATION('','',#11,#79);
#15915 = PRODUCT_DEFINITION_SHAPE('Placement','Placement of an item',
  #15916);
#15916 = NEXT_ASSEMBLY_USAGE_OCCURRENCE('17','BT2','',#5,#5227,$);
#15917 = CONTEXT_DEPENDENT_SHAPE_REPRESENTATION(#15918,#15920);
#15918 = ( REPRESENTATION_RELATIONSHIP('','',#15036,#10) 
REPRESENTATION_RELATIONSHIP_WITH_TRANSFORMATION(#15919) 
SHAPE_REPRESENTATION_RELATIONSHIP() );
#15919 = ITEM_DEFINED_TRANSFORMATION('','',#11,#83);
#15920 = PRODUCT_DEFINITION_SHAPE('Placement','Placement of an item',
  #15921);
#15921 = NEXT_ASSEMBLY_USAGE_OCCURRENCE('18','C4','',#5,#15031,$);
#15922 = CONTEXT_DEPENDENT_SHAPE_REPRESENTATION(#15923,#15925);
#15923 = ( REPRESENTATION_RELATIONSHIP('','',#5232,#10) 
REPRESENTATION_RELATIONSHIP_WITH_TRANSFORMATION(#15924) 
SHAPE_REPRESENTATION_RELATIONSHIP() );
#15924 = ITEM_DEFINED_TRANSFORMATION('','',#11,#87);
#15925 = PRODUCT_DEFINITION_SHAPE('Placement','Placement of an item',
  #15926);
#15926 = NEXT_ASSEMBLY_USAGE_OCCURRENCE('19','J1','',#5,#5227,$);
#15927 = SHAPE_DEFINITION_REPRESENTATION(#15928,#15934);
#15928 = PRODUCT_DEFINITION_SHAPE('','',#15929);
#15929 = PRODUCT_DEFINITION('design','',#15930,#15933);
#15930 = PRODUCT_DEFINITION_FORMATION('','',#15931);
#15931 = PRODUCT('SpeleoFox_PCB','SpeleoFox_PCB','',(#15932));
#15932 = PRODUCT_CONTEXT('',#2,'mechanical');
#15933 = PRODUCT_DEFINITION_CONTEXT('part definition',#2,'design');
#15934 = ADVANCED_BREP_SHAPE_REPRESENTATION('',(#11,#15935),#17459);
#15935 = MANIFOLD_SOLID_BREP('',#15936);
#15936 = CLOSED_SHELL('',(#15937,#15979,#16010,#16041,#16421,#16801,
    #16818,#16835,#16852,#16869,#16886,#16903,#16920,#16937,#16954,
    #16971,#16988,#17005,#17022,#17039,#17051,#17068,#17085,#17102,
    #17119,#17136,#17153,#17170,#17187,#17209,#17226,#17243,#17255,
    #17277,#17294,#17311,#17323,#17340,#17357,#17374,#17391,#17408,
    #17425,#17442));
#15937 = ADVANCED_FACE('',(#15938),#15974,.T.);
#15938 = FACE_BOUND('',#15939,.T.);
#15939 = EDGE_LOOP('',(#15940,#15950,#15959,#15967));
#15940 = ORIENTED_EDGE('',*,*,#15941,.T.);
#15941 = EDGE_CURVE('',#15942,#15944,#15946,.T.);
#15942 = VERTEX_POINT('',#15943);
#15943 = CARTESIAN_POINT('',(100.4,-107.472076,0.));
#15944 = VERTEX_POINT('',#15945);
#15945 = CARTESIAN_POINT('',(100.4,-107.472076,1.51));
#15946 = LINE('',#15947,#15948);
#15947 = CARTESIAN_POINT('',(100.4,-107.472076,0.));
#15948 = VECTOR('',#15949,1.);
#15949 = DIRECTION('',(0.,0.,1.));
#15950 = ORIENTED_EDGE('',*,*,#15951,.T.);
#15951 = EDGE_CURVE('',#15944,#15952,#15954,.T.);
#15952 = VERTEX_POINT('',#15953);
#15953 = CARTESIAN_POINT('',(115.4,-107.472076,1.51));
#15954 = CIRCLE('',#15955,7.5);
#15955 = AXIS2_PLACEMENT_3D('',#15956,#15957,#15958);
#15956 = CARTESIAN_POINT('',(107.9,-107.472076,1.51));
#15957 = DIRECTION('',(0.,0.,-1.));
#15958 = DIRECTION('',(-1.,0.,0.));
#15959 = ORIENTED_EDGE('',*,*,#15960,.F.);
#15960 = EDGE_CURVE('',#15961,#15952,#15963,.T.);
#15961 = VERTEX_POINT('',#15962);
#15962 = CARTESIAN_POINT('',(115.4,-107.472076,0.));
#15963 = LINE('',#15964,#15965);
#15964 = CARTESIAN_POINT('',(115.4,-107.472076,0.));
#15965 = VECTOR('',#15966,1.);
#15966 = DIRECTION('',(0.,0.,1.));
#15967 = ORIENTED_EDGE('',*,*,#15968,.F.);
#15968 = EDGE_CURVE('',#15942,#15961,#15969,.T.);
#15969 = CIRCLE('',#15970,7.5);
#15970 = AXIS2_PLACEMENT_3D('',#15971,#15972,#15973);
#15971 = CARTESIAN_POINT('',(107.9,-107.472076,0.));
#15972 = DIRECTION('',(0.,0.,-1.));
#15973 = DIRECTION('',(-1.,0.,0.));
#15974 = CYLINDRICAL_SURFACE('',#15975,7.5);
#15975 = AXIS2_PLACEMENT_3D('',#15976,#15977,#15978);
#15976 = CARTESIAN_POINT('',(107.9,-107.472076,0.));
#15977 = DIRECTION('',(0.,0.,-1.));
#15978 = DIRECTION('',(-1.,0.,0.));
#15979 = ADVANCED_FACE('',(#15980),#16005,.T.);
#15980 = FACE_BOUND('',#15981,.T.);
#15981 = EDGE_LOOP('',(#15982,#15992,#15998,#15999));
#15982 = ORIENTED_EDGE('',*,*,#15983,.T.);
#15983 = EDGE_CURVE('',#15984,#15986,#15988,.T.);
#15984 = VERTEX_POINT('',#15985);
#15985 = CARTESIAN_POINT('',(100.4,-110.,0.));
#15986 = VERTEX_POINT('',#15987);
#15987 = CARTESIAN_POINT('',(100.4,-110.,1.51));
#15988 = LINE('',#15989,#15990);
#15989 = CARTESIAN_POINT('',(100.4,-110.,0.));
#15990 = VECTOR('',#15991,1.);
#15991 = DIRECTION('',(0.,0.,1.));
#15992 = ORIENTED_EDGE('',*,*,#15993,.T.);
#15993 = EDGE_CURVE('',#15986,#15944,#15994,.T.);
#15994 = LINE('',#15995,#15996);
#15995 = CARTESIAN_POINT('',(100.4,-110.,1.51));
#15996 = VECTOR('',#15997,1.);
#15997 = DIRECTION('',(0.,1.,0.));
#15998 = ORIENTED_EDGE('',*,*,#15941,.F.);
#15999 = ORIENTED_EDGE('',*,*,#16000,.F.);
#16000 = EDGE_CURVE('',#15984,#15942,#16001,.T.);
#16001 = LINE('',#16002,#16003);
#16002 = CARTESIAN_POINT('',(100.4,-110.,0.));
#16003 = VECTOR('',#16004,1.);
#16004 = DIRECTION('',(0.,1.,0.));
#16005 = PLANE('',#16006);
#16006 = AXIS2_PLACEMENT_3D('',#16007,#16008,#16009);
#16007 = CARTESIAN_POINT('',(100.4,-110.,0.));
#16008 = DIRECTION('',(-1.,0.,0.));
#16009 = DIRECTION('',(0.,1.,0.));
#16010 = ADVANCED_FACE('',(#16011),#16036,.T.);
#16011 = FACE_BOUND('',#16012,.T.);
#16012 = EDGE_LOOP('',(#16013,#16014,#16022,#16030));
#16013 = ORIENTED_EDGE('',*,*,#15960,.T.);
#16014 = ORIENTED_EDGE('',*,*,#16015,.T.);
#16015 = EDGE_CURVE('',#15952,#16016,#16018,.T.);
#16016 = VERTEX_POINT('',#16017);
#16017 = CARTESIAN_POINT('',(115.880568,-107.5,1.51));
#16018 = LINE('',#16019,#16020);
#16019 = CARTESIAN_POINT('',(115.4,-107.472076,1.51));
#16020 = VECTOR('',#16021,1.);
#16021 = DIRECTION('',(0.998316095254,-5.80083955733E-02,0.));
#16022 = ORIENTED_EDGE('',*,*,#16023,.F.);
#16023 = EDGE_CURVE('',#16024,#16016,#16026,.T.);
#16024 = VERTEX_POINT('',#16025);
#16025 = CARTESIAN_POINT('',(115.880568,-107.5,0.));
#16026 = LINE('',#16027,#16028);
#16027 = CARTESIAN_POINT('',(115.880568,-107.5,0.));
#16028 = VECTOR('',#16029,1.);
#16029 = DIRECTION('',(0.,0.,1.));
#16030 = ORIENTED_EDGE('',*,*,#16031,.F.);
#16031 = EDGE_CURVE('',#15961,#16024,#16032,.T.);
#16032 = LINE('',#16033,#16034);
#16033 = CARTESIAN_POINT('',(115.4,-107.472076,0.));
#16034 = VECTOR('',#16035,1.);
#16035 = DIRECTION('',(0.998316095254,-5.80083955733E-02,0.));
#16036 = PLANE('',#16037);
#16037 = AXIS2_PLACEMENT_3D('',#16038,#16039,#16040);
#16038 = CARTESIAN_POINT('',(115.4,-107.472076,0.));
#16039 = DIRECTION('',(5.80083955733E-02,0.998316095254,-0.));
#16040 = DIRECTION('',(0.998316095254,-5.80083955733E-02,0.));
#16041 = ADVANCED_FACE('',(#16042,#16172,#16183,#16194,#16205,#16216,
    #16227,#16238,#16249,#16260,#16294,#16328,#16339,#16350,#16361,
    #16372,#16383,#16394,#16405),#16416,.F.);
#16042 = FACE_BOUND('',#16043,.F.);
#16043 = EDGE_LOOP('',(#16044,#16045,#16046,#16054,#16063,#16071,#16080,
    #16088,#16097,#16105,#16114,#16122,#16130,#16139,#16147,#16156,
    #16164,#16171));
#16044 = ORIENTED_EDGE('',*,*,#15968,.F.);
#16045 = ORIENTED_EDGE('',*,*,#16000,.F.);
#16046 = ORIENTED_EDGE('',*,*,#16047,.F.);
#16047 = EDGE_CURVE('',#16048,#15984,#16050,.T.);
#16048 = VERTEX_POINT('',#16049);
#16049 = CARTESIAN_POINT('',(100.,-110.,0.));
#16050 = LINE('',#16051,#16052);
#16051 = CARTESIAN_POINT('',(100.,-110.,0.));
#16052 = VECTOR('',#16053,1.);
#16053 = DIRECTION('',(1.,0.,0.));
#16054 = ORIENTED_EDGE('',*,*,#16055,.F.);
#16055 = EDGE_CURVE('',#16056,#16048,#16058,.T.);
#16056 = VERTEX_POINT('',#16057);
#16057 = CARTESIAN_POINT('',(90.,-100.,0.));
#16058 = CIRCLE('',#16059,9.999999357669);
#16059 = AXIS2_PLACEMENT_3D('',#16060,#16061,#16062);
#16060 = CARTESIAN_POINT('',(90.000000642331,-109.9999993576,0.));
#16061 = DIRECTION('',(0.,0.,-1.));
#16062 = DIRECTION('',(-6.423314275614E-08,1.,0.));
#16063 = ORIENTED_EDGE('',*,*,#16064,.F.);
#16064 = EDGE_CURVE('',#16065,#16056,#16067,.T.);
#16065 = VERTEX_POINT('',#16066);
#16066 = CARTESIAN_POINT('',(50.,-100.,0.));
#16067 = LINE('',#16068,#16069);
#16068 = CARTESIAN_POINT('',(50.,-100.,0.));
#16069 = VECTOR('',#16070,1.);
#16070 = DIRECTION('',(1.,0.,0.));
#16071 = ORIENTED_EDGE('',*,*,#16072,.F.);
#16072 = EDGE_CURVE('',#16073,#16065,#16075,.T.);
#16073 = VERTEX_POINT('',#16074);
#16074 = CARTESIAN_POINT('',(40.,-110.,0.));
#16075 = CIRCLE('',#16076,9.999999357669);
#16076 = AXIS2_PLACEMENT_3D('',#16077,#16078,#16079);
#16077 = CARTESIAN_POINT('',(49.999999357669,-109.9999993576,0.));
#16078 = DIRECTION('',(0.,0.,-1.));
#16079 = DIRECTION('',(-1.,-6.423314275614E-08,-0.));
#16080 = ORIENTED_EDGE('',*,*,#16081,.F.);
#16081 = EDGE_CURVE('',#16082,#16073,#16084,.T.);
#16082 = VERTEX_POINT('',#16083);
#16083 = CARTESIAN_POINT('',(40.,-125.,0.));
#16084 = LINE('',#16085,#16086);
#16085 = CARTESIAN_POINT('',(40.,-125.,0.));
#16086 = VECTOR('',#16087,1.);
#16087 = DIRECTION('',(0.,1.,0.));
#16088 = ORIENTED_EDGE('',*,*,#16089,.F.);
#16089 = EDGE_CURVE('',#16090,#16082,#16092,.T.);
#16090 = VERTEX_POINT('',#16091);
#16091 = CARTESIAN_POINT('',(50.,-135.,0.));
#16092 = CIRCLE('',#16093,9.999999357669);
#16093 = AXIS2_PLACEMENT_3D('',#16094,#16095,#16096);
#16094 = CARTESIAN_POINT('',(49.999999357669,-125.0000006423,0.));
#16095 = DIRECTION('',(0.,0.,-1.));
#16096 = DIRECTION('',(6.423314275614E-08,-1.,0.));
#16097 = ORIENTED_EDGE('',*,*,#16098,.F.);
#16098 = EDGE_CURVE('',#16099,#16090,#16101,.T.);
#16099 = VERTEX_POINT('',#16100);
#16100 = CARTESIAN_POINT('',(90.,-135.,0.));
#16101 = LINE('',#16102,#16103);
#16102 = CARTESIAN_POINT('',(90.,-135.,0.));
#16103 = VECTOR('',#16104,1.);
#16104 = DIRECTION('',(-1.,0.,0.));
#16105 = ORIENTED_EDGE('',*,*,#16106,.F.);
#16106 = EDGE_CURVE('',#16107,#16099,#16109,.T.);
#16107 = VERTEX_POINT('',#16108);
#16108 = CARTESIAN_POINT('',(100.,-125.,0.));
#16109 = CIRCLE('',#16110,9.999999357669);
#16110 = AXIS2_PLACEMENT_3D('',#16111,#16112,#16113);
#16111 = CARTESIAN_POINT('',(90.000000642331,-125.0000006423,0.));
#16112 = DIRECTION('',(0.,0.,-1.));
#16113 = DIRECTION('',(1.,6.423314133505E-08,0.));
#16114 = ORIENTED_EDGE('',*,*,#16115,.F.);
#16115 = EDGE_CURVE('',#16116,#16107,#16118,.T.);
#16116 = VERTEX_POINT('',#16117);
#16117 = CARTESIAN_POINT('',(100.4,-125.,0.));
#16118 = LINE('',#16119,#16120);
#16119 = CARTESIAN_POINT('',(100.4,-125.,0.));
#16120 = VECTOR('',#16121,1.);
#16121 = DIRECTION('',(-1.,0.,0.));
#16122 = ORIENTED_EDGE('',*,*,#16123,.F.);
#16123 = EDGE_CURVE('',#16124,#16116,#16126,.T.);
#16124 = VERTEX_POINT('',#16125);
#16125 = CARTESIAN_POINT('',(100.4,-127.472076,0.));
#16126 = LINE('',#16127,#16128);
#16127 = CARTESIAN_POINT('',(100.4,-127.472076,0.));
#16128 = VECTOR('',#16129,1.);
#16129 = DIRECTION('',(0.,1.,0.));
#16130 = ORIENTED_EDGE('',*,*,#16131,.F.);
#16131 = EDGE_CURVE('',#16132,#16124,#16134,.T.);
#16132 = VERTEX_POINT('',#16133);
#16133 = CARTESIAN_POINT('',(115.4,-127.472076,0.));
#16134 = CIRCLE('',#16135,7.5);
#16135 = AXIS2_PLACEMENT_3D('',#16136,#16137,#16138);
#16136 = CARTESIAN_POINT('',(107.9,-127.472076,0.));
#16137 = DIRECTION('',(-0.,0.,-1.));
#16138 = DIRECTION('',(1.,-3.789561257387E-15,-0.));
#16139 = ORIENTED_EDGE('',*,*,#16140,.F.);
#16140 = EDGE_CURVE('',#16141,#16132,#16143,.T.);
#16141 = VERTEX_POINT('',#16142);
#16142 = CARTESIAN_POINT('',(115.880568,-127.5,0.));
#16143 = LINE('',#16144,#16145);
#16144 = CARTESIAN_POINT('',(115.880568,-127.5,0.));
#16145 = VECTOR('',#16146,1.);
#16146 = DIRECTION('',(-0.998316095254,5.80083955733E-02,0.));
#16147 = ORIENTED_EDGE('',*,*,#16148,.F.);
#16148 = EDGE_CURVE('',#16149,#16141,#16151,.T.);
#16149 = VERTEX_POINT('',#16150);
#16150 = CARTESIAN_POINT('',(130.880568,-127.5,0.));
#16151 = CIRCLE('',#16152,7.5);
#16152 = AXIS2_PLACEMENT_3D('',#16153,#16154,#16155);
#16153 = CARTESIAN_POINT('',(123.380568,-127.5,0.));
#16154 = DIRECTION('',(-0.,0.,-1.));
#16155 = DIRECTION('',(1.,-1.894780628694E-15,-0.));
#16156 = ORIENTED_EDGE('',*,*,#16157,.F.);
#16157 = EDGE_CURVE('',#16158,#16149,#16160,.T.);
#16158 = VERTEX_POINT('',#16159);
#16159 = CARTESIAN_POINT('',(130.880568,-107.5,0.));
#16160 = LINE('',#16161,#16162);
#16161 = CARTESIAN_POINT('',(130.880568,-107.5,0.));
#16162 = VECTOR('',#16163,1.);
#16163 = DIRECTION('',(0.,-1.,0.));
#16164 = ORIENTED_EDGE('',*,*,#16165,.F.);
#16165 = EDGE_CURVE('',#16024,#16158,#16166,.T.);
#16166 = CIRCLE('',#16167,7.5);
#16167 = AXIS2_PLACEMENT_3D('',#16168,#16169,#16170);
#16168 = CARTESIAN_POINT('',(123.380568,-107.5,0.));
#16169 = DIRECTION('',(0.,0.,-1.));
#16170 = DIRECTION('',(-1.,1.894780628694E-15,0.));
#16171 = ORIENTED_EDGE('',*,*,#16031,.F.);
#16172 = FACE_BOUND('',#16173,.F.);
#16173 = EDGE_LOOP('',(#16174));
#16174 = ORIENTED_EDGE('',*,*,#16175,.T.);
#16175 = EDGE_CURVE('',#16176,#16176,#16178,.T.);
#16176 = VERTEX_POINT('',#16177);
#16177 = CARTESIAN_POINT('',(57.8,-131.3,0.));
#16178 = CIRCLE('',#16179,1.6);
#16179 = AXIS2_PLACEMENT_3D('',#16180,#16181,#16182);
#16180 = CARTESIAN_POINT('',(57.8,-129.7,0.));
#16181 = DIRECTION('',(-0.,0.,-1.));
#16182 = DIRECTION('',(-0.,-1.,0.));
#16183 = FACE_BOUND('',#16184,.F.);
#16184 = EDGE_LOOP('',(#16185));
#16185 = ORIENTED_EDGE('',*,*,#16186,.T.);
#16186 = EDGE_CURVE('',#16187,#16187,#16189,.T.);
#16187 = VERTEX_POINT('',#16188);
#16188 = CARTESIAN_POINT('',(82.2,-131.3,0.));
#16189 = CIRCLE('',#16190,1.6);
#16190 = AXIS2_PLACEMENT_3D('',#16191,#16192,#16193);
#16191 = CARTESIAN_POINT('',(82.2,-129.7,0.));
#16192 = DIRECTION('',(-0.,0.,-1.));
#16193 = DIRECTION('',(8.881784197001E-15,-1.,-0.));
#16194 = FACE_BOUND('',#16195,.F.);
#16195 = EDGE_LOOP('',(#16196));
#16196 = ORIENTED_EDGE('',*,*,#16197,.T.);
#16197 = EDGE_CURVE('',#16198,#16198,#16200,.T.);
#16198 = VERTEX_POINT('',#16199);
#16199 = CARTESIAN_POINT('',(49.4,-121.81,0.));
#16200 = CIRCLE('',#16201,0.5);
#16201 = AXIS2_PLACEMENT_3D('',#16202,#16203,#16204);
#16202 = CARTESIAN_POINT('',(49.4,-121.31,0.));
#16203 = DIRECTION('',(-0.,0.,-1.));
#16204 = DIRECTION('',(-0.,-1.,0.));
#16205 = FACE_BOUND('',#16206,.F.);
#16206 = EDGE_LOOP('',(#16207));
#16207 = ORIENTED_EDGE('',*,*,#16208,.T.);
#16208 = EDGE_CURVE('',#16209,#16209,#16211,.T.);
#16209 = VERTEX_POINT('',#16210);
#16210 = CARTESIAN_POINT('',(49.4,-119.27,0.));
#16211 = CIRCLE('',#16212,0.5);
#16212 = AXIS2_PLACEMENT_3D('',#16213,#16214,#16215);
#16213 = CARTESIAN_POINT('',(49.4,-118.77,0.));
#16214 = DIRECTION('',(-0.,0.,-1.));
#16215 = DIRECTION('',(-0.,-1.,0.));
#16216 = FACE_BOUND('',#16217,.F.);
#16217 = EDGE_LOOP('',(#16218));
#16218 = ORIENTED_EDGE('',*,*,#16219,.T.);
#16219 = EDGE_CURVE('',#16220,#16220,#16222,.T.);
#16220 = VERTEX_POINT('',#16221);
#16221 = CARTESIAN_POINT('',(112.880568,-128.,0.));
#16222 = CIRCLE('',#16223,0.5);
#16223 = AXIS2_PLACEMENT_3D('',#16224,#16225,#16226);
#16224 = CARTESIAN_POINT('',(112.880568,-127.5,0.));
#16225 = DIRECTION('',(-0.,0.,-1.));
#16226 = DIRECTION('',(-0.,-1.,0.));
#16227 = FACE_BOUND('',#16228,.F.);
#16228 = EDGE_LOOP('',(#16229));
#16229 = ORIENTED_EDGE('',*,*,#16230,.T.);
#16230 = EDGE_CURVE('',#16231,#16231,#16233,.T.);
#16231 = VERTEX_POINT('',#16232);
#16232 = CARTESIAN_POINT('',(128.6,-128.,0.));
#16233 = CIRCLE('',#16234,0.5);
#16234 = AXIS2_PLACEMENT_3D('',#16235,#16236,#16237);
#16235 = CARTESIAN_POINT('',(128.6,-127.5,0.));
#16236 = DIRECTION('',(-0.,0.,-1.));
#16237 = DIRECTION('',(-0.,-1.,0.));
#16238 = FACE_BOUND('',#16239,.F.);
#16239 = EDGE_LOOP('',(#16240));
#16240 = ORIENTED_EDGE('',*,*,#16241,.T.);
#16241 = EDGE_CURVE('',#16242,#16242,#16244,.T.);
#16242 = VERTEX_POINT('',#16243);
#16243 = CARTESIAN_POINT('',(97.4,-119.465,0.));
#16244 = CIRCLE('',#16245,0.5);
#16245 = AXIS2_PLACEMENT_3D('',#16246,#16247,#16248);
#16246 = CARTESIAN_POINT('',(97.4,-118.965,0.));
#16247 = DIRECTION('',(-0.,0.,-1.));
#16248 = DIRECTION('',(-0.,-1.,0.));
#16249 = FACE_BOUND('',#16250,.F.);
#16250 = EDGE_LOOP('',(#16251));
#16251 = ORIENTED_EDGE('',*,*,#16252,.T.);
#16252 = EDGE_CURVE('',#16253,#16253,#16255,.T.);
#16253 = VERTEX_POINT('',#16254);
#16254 = CARTESIAN_POINT('',(102.180568,-119.465,0.));
#16255 = CIRCLE('',#16256,0.5);
#16256 = AXIS2_PLACEMENT_3D('',#16257,#16258,#16259);
#16257 = CARTESIAN_POINT('',(102.180568,-118.965,0.));
#16258 = DIRECTION('',(-0.,0.,-1.));
#16259 = DIRECTION('',(-0.,-1.,0.));
#16260 = FACE_BOUND('',#16261,.F.);
#16261 = EDGE_LOOP('',(#16262,#16272,#16280,#16288));
#16262 = ORIENTED_EDGE('',*,*,#16263,.F.);
#16263 = EDGE_CURVE('',#16264,#16266,#16268,.T.);
#16264 = VERTEX_POINT('',#16265);
#16265 = CARTESIAN_POINT('',(100.,-124.4,0.));
#16266 = VERTEX_POINT('',#16267);
#16267 = CARTESIAN_POINT('',(100.4,-124.4,0.));
#16268 = LINE('',#16269,#16270);
#16269 = CARTESIAN_POINT('',(100.,-124.4,0.));
#16270 = VECTOR('',#16271,1.);
#16271 = DIRECTION('',(1.,0.,0.));
#16272 = ORIENTED_EDGE('',*,*,#16273,.F.);
#16273 = EDGE_CURVE('',#16274,#16264,#16276,.T.);
#16274 = VERTEX_POINT('',#16275);
#16275 = CARTESIAN_POINT('',(100.,-110.7,0.));
#16276 = LINE('',#16277,#16278);
#16277 = CARTESIAN_POINT('',(100.,-110.7,0.));
#16278 = VECTOR('',#16279,1.);
#16279 = DIRECTION('',(0.,-1.,0.));
#16280 = ORIENTED_EDGE('',*,*,#16281,.F.);
#16281 = EDGE_CURVE('',#16282,#16274,#16284,.T.);
#16282 = VERTEX_POINT('',#16283);
#16283 = CARTESIAN_POINT('',(100.4,-110.7,0.));
#16284 = LINE('',#16285,#16286);
#16285 = CARTESIAN_POINT('',(100.4,-110.7,0.));
#16286 = VECTOR('',#16287,1.);
#16287 = DIRECTION('',(-1.,0.,0.));
#16288 = ORIENTED_EDGE('',*,*,#16289,.F.);
#16289 = EDGE_CURVE('',#16266,#16282,#16290,.T.);
#16290 = LINE('',#16291,#16292);
#16291 = CARTESIAN_POINT('',(100.4,-124.4,0.));
#16292 = VECTOR('',#16293,1.);
#16293 = DIRECTION('',(0.,1.,0.));
#16294 = FACE_BOUND('',#16295,.F.);
#16295 = EDGE_LOOP('',(#16296,#16306,#16314,#16322));
#16296 = ORIENTED_EDGE('',*,*,#16297,.F.);
#16297 = EDGE_CURVE('',#16298,#16300,#16302,.T.);
#16298 = VERTEX_POINT('',#16299);
#16299 = CARTESIAN_POINT('',(115.380568,-126.5,0.));
#16300 = VERTEX_POINT('',#16301);
#16301 = CARTESIAN_POINT('',(115.880568,-126.5,0.));
#16302 = LINE('',#16303,#16304);
#16303 = CARTESIAN_POINT('',(115.380568,-126.5,0.));
#16304 = VECTOR('',#16305,1.);
#16305 = DIRECTION('',(1.,0.,0.));
#16306 = ORIENTED_EDGE('',*,*,#16307,.F.);
#16307 = EDGE_CURVE('',#16308,#16298,#16310,.T.);
#16308 = VERTEX_POINT('',#16309);
#16309 = CARTESIAN_POINT('',(115.380568,-108.5,0.));
#16310 = LINE('',#16311,#16312);
#16311 = CARTESIAN_POINT('',(115.380568,-108.5,0.));
#16312 = VECTOR('',#16313,1.);
#16313 = DIRECTION('',(0.,-1.,0.));
#16314 = ORIENTED_EDGE('',*,*,#16315,.F.);
#16315 = EDGE_CURVE('',#16316,#16308,#16318,.T.);
#16316 = VERTEX_POINT('',#16317);
#16317 = CARTESIAN_POINT('',(115.880568,-108.5,0.));
#16318 = LINE('',#16319,#16320);
#16319 = CARTESIAN_POINT('',(115.880568,-108.5,0.));
#16320 = VECTOR('',#16321,1.);
#16321 = DIRECTION('',(-1.,0.,0.));
#16322 = ORIENTED_EDGE('',*,*,#16323,.F.);
#16323 = EDGE_CURVE('',#16300,#16316,#16324,.T.);
#16324 = LINE('',#16325,#16326);
#16325 = CARTESIAN_POINT('',(115.880568,-126.5,0.));
#16326 = VECTOR('',#16327,1.);
#16327 = DIRECTION('',(0.,1.,0.));
#16328 = FACE_BOUND('',#16329,.F.);
#16329 = EDGE_LOOP('',(#16330));
#16330 = ORIENTED_EDGE('',*,*,#16331,.T.);
#16331 = EDGE_CURVE('',#16332,#16332,#16334,.T.);
#16332 = VERTEX_POINT('',#16333);
#16333 = CARTESIAN_POINT('',(49.4,-116.73,0.));
#16334 = CIRCLE('',#16335,0.5);
#16335 = AXIS2_PLACEMENT_3D('',#16336,#16337,#16338);
#16336 = CARTESIAN_POINT('',(49.4,-116.23,0.));
#16337 = DIRECTION('',(-0.,0.,-1.));
#16338 = DIRECTION('',(-0.,-1.,0.));
#16339 = FACE_BOUND('',#16340,.F.);
#16340 = EDGE_LOOP('',(#16341));
#16341 = ORIENTED_EDGE('',*,*,#16342,.T.);
#16342 = EDGE_CURVE('',#16343,#16343,#16345,.T.);
#16343 = VERTEX_POINT('',#16344);
#16344 = CARTESIAN_POINT('',(49.4,-114.19,0.));
#16345 = CIRCLE('',#16346,0.5);
#16346 = AXIS2_PLACEMENT_3D('',#16347,#16348,#16349);
#16347 = CARTESIAN_POINT('',(49.4,-113.69,0.));
#16348 = DIRECTION('',(-0.,0.,-1.));
#16349 = DIRECTION('',(-0.,-1.,0.));
#16350 = FACE_BOUND('',#16351,.F.);
#16351 = EDGE_LOOP('',(#16352));
#16352 = ORIENTED_EDGE('',*,*,#16353,.T.);
#16353 = EDGE_CURVE('',#16354,#16354,#16356,.T.);
#16354 = VERTEX_POINT('',#16355);
#16355 = CARTESIAN_POINT('',(57.8,-106.9,0.));
#16356 = CIRCLE('',#16357,1.6);
#16357 = AXIS2_PLACEMENT_3D('',#16358,#16359,#16360);
#16358 = CARTESIAN_POINT('',(57.8,-105.3,0.));
#16359 = DIRECTION('',(-0.,0.,-1.));
#16360 = DIRECTION('',(-0.,-1.,0.));
#16361 = FACE_BOUND('',#16362,.F.);
#16362 = EDGE_LOOP('',(#16363));
#16363 = ORIENTED_EDGE('',*,*,#16364,.T.);
#16364 = EDGE_CURVE('',#16365,#16365,#16367,.T.);
#16365 = VERTEX_POINT('',#16366);
#16366 = CARTESIAN_POINT('',(82.2,-106.9,0.));
#16367 = CIRCLE('',#16368,1.6);
#16368 = AXIS2_PLACEMENT_3D('',#16369,#16370,#16371);
#16369 = CARTESIAN_POINT('',(82.2,-105.3,0.));
#16370 = DIRECTION('',(-0.,0.,-1.));
#16371 = DIRECTION('',(8.881784197001E-15,-1.,-0.));
#16372 = FACE_BOUND('',#16373,.F.);
#16373 = EDGE_LOOP('',(#16374));
#16374 = ORIENTED_EDGE('',*,*,#16375,.T.);
#16375 = EDGE_CURVE('',#16376,#16376,#16378,.T.);
#16376 = VERTEX_POINT('',#16377);
#16377 = CARTESIAN_POINT('',(97.4,-116.925,0.));
#16378 = CIRCLE('',#16379,0.5);
#16379 = AXIS2_PLACEMENT_3D('',#16380,#16381,#16382);
#16380 = CARTESIAN_POINT('',(97.4,-116.425,0.));
#16381 = DIRECTION('',(-0.,0.,-1.));
#16382 = DIRECTION('',(-0.,-1.,0.));
#16383 = FACE_BOUND('',#16384,.F.);
#16384 = EDGE_LOOP('',(#16385));
#16385 = ORIENTED_EDGE('',*,*,#16386,.T.);
#16386 = EDGE_CURVE('',#16387,#16387,#16389,.T.);
#16387 = VERTEX_POINT('',#16388);
#16388 = CARTESIAN_POINT('',(102.180568,-116.925,0.));
#16389 = CIRCLE('',#16390,0.5);
#16390 = AXIS2_PLACEMENT_3D('',#16391,#16392,#16393);
#16391 = CARTESIAN_POINT('',(102.180568,-116.425,0.));
#16392 = DIRECTION('',(-0.,0.,-1.));
#16393 = DIRECTION('',(-0.,-1.,0.));
#16394 = FACE_BOUND('',#16395,.F.);
#16395 = EDGE_LOOP('',(#16396));
#16396 = ORIENTED_EDGE('',*,*,#16397,.T.);
#16397 = EDGE_CURVE('',#16398,#16398,#16400,.T.);
#16398 = VERTEX_POINT('',#16399);
#16399 = CARTESIAN_POINT('',(112.880568,-108.,0.));
#16400 = CIRCLE('',#16401,0.5);
#16401 = AXIS2_PLACEMENT_3D('',#16402,#16403,#16404);
#16402 = CARTESIAN_POINT('',(112.880568,-107.5,0.));
#16403 = DIRECTION('',(-0.,0.,-1.));
#16404 = DIRECTION('',(-0.,-1.,0.));
#16405 = FACE_BOUND('',#16406,.F.);
#16406 = EDGE_LOOP('',(#16407));
#16407 = ORIENTED_EDGE('',*,*,#16408,.T.);
#16408 = EDGE_CURVE('',#16409,#16409,#16411,.T.);
#16409 = VERTEX_POINT('',#16410);
#16410 = CARTESIAN_POINT('',(128.6,-108.,0.));
#16411 = CIRCLE('',#16412,0.5);
#16412 = AXIS2_PLACEMENT_3D('',#16413,#16414,#16415);
#16413 = CARTESIAN_POINT('',(128.6,-107.5,0.));
#16414 = DIRECTION('',(-0.,0.,-1.));
#16415 = DIRECTION('',(-0.,-1.,0.));
#16416 = PLANE('',#16417);
#16417 = AXIS2_PLACEMENT_3D('',#16418,#16419,#16420);
#16418 = CARTESIAN_POINT('',(0.,0.,0.));
#16419 = DIRECTION('',(0.,0.,1.));
#16420 = DIRECTION('',(1.,0.,-0.));
#16421 = ADVANCED_FACE('',(#16422,#16552,#16563,#16574,#16585,#16596,
    #16607,#16618,#16629,#16640,#16674,#16708,#16719,#16730,#16741,
    #16752,#16763,#16774,#16785),#16796,.T.);
#16422 = FACE_BOUND('',#16423,.T.);
#16423 = EDGE_LOOP('',(#16424,#16425,#16426,#16434,#16443,#16451,#16460,
    #16468,#16477,#16485,#16494,#16502,#16510,#16519,#16527,#16536,
    #16544,#16551));
#16424 = ORIENTED_EDGE('',*,*,#15951,.F.);
#16425 = ORIENTED_EDGE('',*,*,#15993,.F.);
#16426 = ORIENTED_EDGE('',*,*,#16427,.F.);
#16427 = EDGE_CURVE('',#16428,#15986,#16430,.T.);
#16428 = VERTEX_POINT('',#16429);
#16429 = CARTESIAN_POINT('',(100.,-110.,1.51));
#16430 = LINE('',#16431,#16432);
#16431 = CARTESIAN_POINT('',(100.,-110.,1.51));
#16432 = VECTOR('',#16433,1.);
#16433 = DIRECTION('',(1.,0.,0.));
#16434 = ORIENTED_EDGE('',*,*,#16435,.F.);
#16435 = EDGE_CURVE('',#16436,#16428,#16438,.T.);
#16436 = VERTEX_POINT('',#16437);
#16437 = CARTESIAN_POINT('',(90.,-100.,1.51));
#16438 = CIRCLE('',#16439,9.999999357669);
#16439 = AXIS2_PLACEMENT_3D('',#16440,#16441,#16442);
#16440 = CARTESIAN_POINT('',(90.000000642331,-109.9999993576,1.51));
#16441 = DIRECTION('',(0.,0.,-1.));
#16442 = DIRECTION('',(-6.423314275614E-08,1.,0.));
#16443 = ORIENTED_EDGE('',*,*,#16444,.F.);
#16444 = EDGE_CURVE('',#16445,#16436,#16447,.T.);
#16445 = VERTEX_POINT('',#16446);
#16446 = CARTESIAN_POINT('',(50.,-100.,1.51));
#16447 = LINE('',#16448,#16449);
#16448 = CARTESIAN_POINT('',(50.,-100.,1.51));
#16449 = VECTOR('',#16450,1.);
#16450 = DIRECTION('',(1.,0.,0.));
#16451 = ORIENTED_EDGE('',*,*,#16452,.F.);
#16452 = EDGE_CURVE('',#16453,#16445,#16455,.T.);
#16453 = VERTEX_POINT('',#16454);
#16454 = CARTESIAN_POINT('',(40.,-110.,1.51));
#16455 = CIRCLE('',#16456,9.999999357669);
#16456 = AXIS2_PLACEMENT_3D('',#16457,#16458,#16459);
#16457 = CARTESIAN_POINT('',(49.999999357669,-109.9999993576,1.51));
#16458 = DIRECTION('',(0.,0.,-1.));
#16459 = DIRECTION('',(-1.,-6.423314275614E-08,-0.));
#16460 = ORIENTED_EDGE('',*,*,#16461,.F.);
#16461 = EDGE_CURVE('',#16462,#16453,#16464,.T.);
#16462 = VERTEX_POINT('',#16463);
#16463 = CARTESIAN_POINT('',(40.,-125.,1.51));
#16464 = LINE('',#16465,#16466);
#16465 = CARTESIAN_POINT('',(40.,-125.,1.51));
#16466 = VECTOR('',#16467,1.);
#16467 = DIRECTION('',(0.,1.,0.));
#16468 = ORIENTED_EDGE('',*,*,#16469,.F.);
#16469 = EDGE_CURVE('',#16470,#16462,#16472,.T.);
#16470 = VERTEX_POINT('',#16471);
#16471 = CARTESIAN_POINT('',(50.,-135.,1.51));
#16472 = CIRCLE('',#16473,9.999999357669);
#16473 = AXIS2_PLACEMENT_3D('',#16474,#16475,#16476);
#16474 = CARTESIAN_POINT('',(49.999999357669,-125.0000006423,1.51));
#16475 = DIRECTION('',(0.,0.,-1.));
#16476 = DIRECTION('',(6.423314275614E-08,-1.,0.));
#16477 = ORIENTED_EDGE('',*,*,#16478,.F.);
#16478 = EDGE_CURVE('',#16479,#16470,#16481,.T.);
#16479 = VERTEX_POINT('',#16480);
#16480 = CARTESIAN_POINT('',(90.,-135.,1.51));
#16481 = LINE('',#16482,#16483);
#16482 = CARTESIAN_POINT('',(90.,-135.,1.51));
#16483 = VECTOR('',#16484,1.);
#16484 = DIRECTION('',(-1.,0.,0.));
#16485 = ORIENTED_EDGE('',*,*,#16486,.F.);
#16486 = EDGE_CURVE('',#16487,#16479,#16489,.T.);
#16487 = VERTEX_POINT('',#16488);
#16488 = CARTESIAN_POINT('',(100.,-125.,1.51));
#16489 = CIRCLE('',#16490,9.999999357669);
#16490 = AXIS2_PLACEMENT_3D('',#16491,#16492,#16493);
#16491 = CARTESIAN_POINT('',(90.000000642331,-125.0000006423,1.51));
#16492 = DIRECTION('',(0.,0.,-1.));
#16493 = DIRECTION('',(1.,6.423314133505E-08,0.));
#16494 = ORIENTED_EDGE('',*,*,#16495,.F.);
#16495 = EDGE_CURVE('',#16496,#16487,#16498,.T.);
#16496 = VERTEX_POINT('',#16497);
#16497 = CARTESIAN_POINT('',(100.4,-125.,1.51));
#16498 = LINE('',#16499,#16500);
#16499 = CARTESIAN_POINT('',(100.4,-125.,1.51));
#16500 = VECTOR('',#16501,1.);
#16501 = DIRECTION('',(-1.,0.,0.));
#16502 = ORIENTED_EDGE('',*,*,#16503,.F.);
#16503 = EDGE_CURVE('',#16504,#16496,#16506,.T.);
#16504 = VERTEX_POINT('',#16505);
#16505 = CARTESIAN_POINT('',(100.4,-127.472076,1.51));
#16506 = LINE('',#16507,#16508);
#16507 = CARTESIAN_POINT('',(100.4,-127.472076,1.51));
#16508 = VECTOR('',#16509,1.);
#16509 = DIRECTION('',(0.,1.,0.));
#16510 = ORIENTED_EDGE('',*,*,#16511,.F.);
#16511 = EDGE_CURVE('',#16512,#16504,#16514,.T.);
#16512 = VERTEX_POINT('',#16513);
#16513 = CARTESIAN_POINT('',(115.4,-127.472076,1.51));
#16514 = CIRCLE('',#16515,7.5);
#16515 = AXIS2_PLACEMENT_3D('',#16516,#16517,#16518);
#16516 = CARTESIAN_POINT('',(107.9,-127.472076,1.51));
#16517 = DIRECTION('',(-0.,0.,-1.));
#16518 = DIRECTION('',(1.,-3.789561257387E-15,-0.));
#16519 = ORIENTED_EDGE('',*,*,#16520,.F.);
#16520 = EDGE_CURVE('',#16521,#16512,#16523,.T.);
#16521 = VERTEX_POINT('',#16522);
#16522 = CARTESIAN_POINT('',(115.880568,-127.5,1.51));
#16523 = LINE('',#16524,#16525);
#16524 = CARTESIAN_POINT('',(115.880568,-127.5,1.51));
#16525 = VECTOR('',#16526,1.);
#16526 = DIRECTION('',(-0.998316095254,5.80083955733E-02,0.));
#16527 = ORIENTED_EDGE('',*,*,#16528,.F.);
#16528 = EDGE_CURVE('',#16529,#16521,#16531,.T.);
#16529 = VERTEX_POINT('',#16530);
#16530 = CARTESIAN_POINT('',(130.880568,-127.5,1.51));
#16531 = CIRCLE('',#16532,7.5);
#16532 = AXIS2_PLACEMENT_3D('',#16533,#16534,#16535);
#16533 = CARTESIAN_POINT('',(123.380568,-127.5,1.51));
#16534 = DIRECTION('',(-0.,0.,-1.));
#16535 = DIRECTION('',(1.,-1.894780628694E-15,-0.));
#16536 = ORIENTED_EDGE('',*,*,#16537,.F.);
#16537 = EDGE_CURVE('',#16538,#16529,#16540,.T.);
#16538 = VERTEX_POINT('',#16539);
#16539 = CARTESIAN_POINT('',(130.880568,-107.5,1.51));
#16540 = LINE('',#16541,#16542);
#16541 = CARTESIAN_POINT('',(130.880568,-107.5,1.51));
#16542 = VECTOR('',#16543,1.);
#16543 = DIRECTION('',(0.,-1.,0.));
#16544 = ORIENTED_EDGE('',*,*,#16545,.F.);
#16545 = EDGE_CURVE('',#16016,#16538,#16546,.T.);
#16546 = CIRCLE('',#16547,7.5);
#16547 = AXIS2_PLACEMENT_3D('',#16548,#16549,#16550);
#16548 = CARTESIAN_POINT('',(123.380568,-107.5,1.51));
#16549 = DIRECTION('',(0.,0.,-1.));
#16550 = DIRECTION('',(-1.,1.894780628694E-15,0.));
#16551 = ORIENTED_EDGE('',*,*,#16015,.F.);
#16552 = FACE_BOUND('',#16553,.T.);
#16553 = EDGE_LOOP('',(#16554));
#16554 = ORIENTED_EDGE('',*,*,#16555,.T.);
#16555 = EDGE_CURVE('',#16556,#16556,#16558,.T.);
#16556 = VERTEX_POINT('',#16557);
#16557 = CARTESIAN_POINT('',(57.8,-131.3,1.51));
#16558 = CIRCLE('',#16559,1.6);
#16559 = AXIS2_PLACEMENT_3D('',#16560,#16561,#16562);
#16560 = CARTESIAN_POINT('',(57.8,-129.7,1.51));
#16561 = DIRECTION('',(-0.,0.,-1.));
#16562 = DIRECTION('',(-0.,-1.,0.));
#16563 = FACE_BOUND('',#16564,.T.);
#16564 = EDGE_LOOP('',(#16565));
#16565 = ORIENTED_EDGE('',*,*,#16566,.T.);
#16566 = EDGE_CURVE('',#16567,#16567,#16569,.T.);
#16567 = VERTEX_POINT('',#16568);
#16568 = CARTESIAN_POINT('',(82.2,-131.3,1.51));
#16569 = CIRCLE('',#16570,1.6);
#16570 = AXIS2_PLACEMENT_3D('',#16571,#16572,#16573);
#16571 = CARTESIAN_POINT('',(82.2,-129.7,1.51));
#16572 = DIRECTION('',(-0.,0.,-1.));
#16573 = DIRECTION('',(8.881784197001E-15,-1.,-0.));
#16574 = FACE_BOUND('',#16575,.T.);
#16575 = EDGE_LOOP('',(#16576));
#16576 = ORIENTED_EDGE('',*,*,#16577,.T.);
#16577 = EDGE_CURVE('',#16578,#16578,#16580,.T.);
#16578 = VERTEX_POINT('',#16579);
#16579 = CARTESIAN_POINT('',(49.4,-121.81,1.51));
#16580 = CIRCLE('',#16581,0.5);
#16581 = AXIS2_PLACEMENT_3D('',#16582,#16583,#16584);
#16582 = CARTESIAN_POINT('',(49.4,-121.31,1.51));
#16583 = DIRECTION('',(-0.,0.,-1.));
#16584 = DIRECTION('',(-0.,-1.,0.));
#16585 = FACE_BOUND('',#16586,.T.);
#16586 = EDGE_LOOP('',(#16587));
#16587 = ORIENTED_EDGE('',*,*,#16588,.T.);
#16588 = EDGE_CURVE('',#16589,#16589,#16591,.T.);
#16589 = VERTEX_POINT('',#16590);
#16590 = CARTESIAN_POINT('',(49.4,-119.27,1.51));
#16591 = CIRCLE('',#16592,0.5);
#16592 = AXIS2_PLACEMENT_3D('',#16593,#16594,#16595);
#16593 = CARTESIAN_POINT('',(49.4,-118.77,1.51));
#16594 = DIRECTION('',(-0.,0.,-1.));
#16595 = DIRECTION('',(-0.,-1.,0.));
#16596 = FACE_BOUND('',#16597,.T.);
#16597 = EDGE_LOOP('',(#16598));
#16598 = ORIENTED_EDGE('',*,*,#16599,.T.);
#16599 = EDGE_CURVE('',#16600,#16600,#16602,.T.);
#16600 = VERTEX_POINT('',#16601);
#16601 = CARTESIAN_POINT('',(112.880568,-128.,1.51));
#16602 = CIRCLE('',#16603,0.5);
#16603 = AXIS2_PLACEMENT_3D('',#16604,#16605,#16606);
#16604 = CARTESIAN_POINT('',(112.880568,-127.5,1.51));
#16605 = DIRECTION('',(-0.,0.,-1.));
#16606 = DIRECTION('',(-0.,-1.,0.));
#16607 = FACE_BOUND('',#16608,.T.);
#16608 = EDGE_LOOP('',(#16609));
#16609 = ORIENTED_EDGE('',*,*,#16610,.T.);
#16610 = EDGE_CURVE('',#16611,#16611,#16613,.T.);
#16611 = VERTEX_POINT('',#16612);
#16612 = CARTESIAN_POINT('',(128.6,-128.,1.51));
#16613 = CIRCLE('',#16614,0.5);
#16614 = AXIS2_PLACEMENT_3D('',#16615,#16616,#16617);
#16615 = CARTESIAN_POINT('',(128.6,-127.5,1.51));
#16616 = DIRECTION('',(-0.,0.,-1.));
#16617 = DIRECTION('',(-0.,-1.,0.));
#16618 = FACE_BOUND('',#16619,.T.);
#16619 = EDGE_LOOP('',(#16620));
#16620 = ORIENTED_EDGE('',*,*,#16621,.T.);
#16621 = EDGE_CURVE('',#16622,#16622,#16624,.T.);
#16622 = VERTEX_POINT('',#16623);
#16623 = CARTESIAN_POINT('',(97.4,-119.465,1.51));
#16624 = CIRCLE('',#16625,0.5);
#16625 = AXIS2_PLACEMENT_3D('',#16626,#16627,#16628);
#16626 = CARTESIAN_POINT('',(97.4,-118.965,1.51));
#16627 = DIRECTION('',(-0.,0.,-1.));
#16628 = DIRECTION('',(-0.,-1.,0.));
#16629 = FACE_BOUND('',#16630,.T.);
#16630 = EDGE_LOOP('',(#16631));
#16631 = ORIENTED_EDGE('',*,*,#16632,.T.);
#16632 = EDGE_CURVE('',#16633,#16633,#16635,.T.);
#16633 = VERTEX_POINT('',#16634);
#16634 = CARTESIAN_POINT('',(102.180568,-119.465,1.51));
#16635 = CIRCLE('',#16636,0.5);
#16636 = AXIS2_PLACEMENT_3D('',#16637,#16638,#16639);
#16637 = CARTESIAN_POINT('',(102.180568,-118.965,1.51));
#16638 = DIRECTION('',(-0.,0.,-1.));
#16639 = DIRECTION('',(-0.,-1.,0.));
#16640 = FACE_BOUND('',#16641,.T.);
#16641 = EDGE_LOOP('',(#16642,#16652,#16660,#16668));
#16642 = ORIENTED_EDGE('',*,*,#16643,.F.);
#16643 = EDGE_CURVE('',#16644,#16646,#16648,.T.);
#16644 = VERTEX_POINT('',#16645);
#16645 = CARTESIAN_POINT('',(100.,-124.4,1.51));
#16646 = VERTEX_POINT('',#16647);
#16647 = CARTESIAN_POINT('',(100.4,-124.4,1.51));
#16648 = LINE('',#16649,#16650);
#16649 = CARTESIAN_POINT('',(100.,-124.4,1.51));
#16650 = VECTOR('',#16651,1.);
#16651 = DIRECTION('',(1.,0.,0.));
#16652 = ORIENTED_EDGE('',*,*,#16653,.F.);
#16653 = EDGE_CURVE('',#16654,#16644,#16656,.T.);
#16654 = VERTEX_POINT('',#16655);
#16655 = CARTESIAN_POINT('',(100.,-110.7,1.51));
#16656 = LINE('',#16657,#16658);
#16657 = CARTESIAN_POINT('',(100.,-110.7,1.51));
#16658 = VECTOR('',#16659,1.);
#16659 = DIRECTION('',(0.,-1.,0.));
#16660 = ORIENTED_EDGE('',*,*,#16661,.F.);
#16661 = EDGE_CURVE('',#16662,#16654,#16664,.T.);
#16662 = VERTEX_POINT('',#16663);
#16663 = CARTESIAN_POINT('',(100.4,-110.7,1.51));
#16664 = LINE('',#16665,#16666);
#16665 = CARTESIAN_POINT('',(100.4,-110.7,1.51));
#16666 = VECTOR('',#16667,1.);
#16667 = DIRECTION('',(-1.,0.,0.));
#16668 = ORIENTED_EDGE('',*,*,#16669,.F.);
#16669 = EDGE_CURVE('',#16646,#16662,#16670,.T.);
#16670 = LINE('',#16671,#16672);
#16671 = CARTESIAN_POINT('',(100.4,-124.4,1.51));
#16672 = VECTOR('',#16673,1.);
#16673 = DIRECTION('',(0.,1.,0.));
#16674 = FACE_BOUND('',#16675,.T.);
#16675 = EDGE_LOOP('',(#16676,#16686,#16694,#16702));
#16676 = ORIENTED_EDGE('',*,*,#16677,.F.);
#16677 = EDGE_CURVE('',#16678,#16680,#16682,.T.);
#16678 = VERTEX_POINT('',#16679);
#16679 = CARTESIAN_POINT('',(115.380568,-126.5,1.51));
#16680 = VERTEX_POINT('',#16681);
#16681 = CARTESIAN_POINT('',(115.880568,-126.5,1.51));
#16682 = LINE('',#16683,#16684);
#16683 = CARTESIAN_POINT('',(115.380568,-126.5,1.51));
#16684 = VECTOR('',#16685,1.);
#16685 = DIRECTION('',(1.,0.,0.));
#16686 = ORIENTED_EDGE('',*,*,#16687,.F.);
#16687 = EDGE_CURVE('',#16688,#16678,#16690,.T.);
#16688 = VERTEX_POINT('',#16689);
#16689 = CARTESIAN_POINT('',(115.380568,-108.5,1.51));
#16690 = LINE('',#16691,#16692);
#16691 = CARTESIAN_POINT('',(115.380568,-108.5,1.51));
#16692 = VECTOR('',#16693,1.);
#16693 = DIRECTION('',(0.,-1.,0.));
#16694 = ORIENTED_EDGE('',*,*,#16695,.F.);
#16695 = EDGE_CURVE('',#16696,#16688,#16698,.T.);
#16696 = VERTEX_POINT('',#16697);
#16697 = CARTESIAN_POINT('',(115.880568,-108.5,1.51));
#16698 = LINE('',#16699,#16700);
#16699 = CARTESIAN_POINT('',(115.880568,-108.5,1.51));
#16700 = VECTOR('',#16701,1.);
#16701 = DIRECTION('',(-1.,0.,0.));
#16702 = ORIENTED_EDGE('',*,*,#16703,.F.);
#16703 = EDGE_CURVE('',#16680,#16696,#16704,.T.);
#16704 = LINE('',#16705,#16706);
#16705 = CARTESIAN_POINT('',(115.880568,-126.5,1.51));
#16706 = VECTOR('',#16707,1.);
#16707 = DIRECTION('',(0.,1.,0.));
#16708 = FACE_BOUND('',#16709,.T.);
#16709 = EDGE_LOOP('',(#16710));
#16710 = ORIENTED_EDGE('',*,*,#16711,.T.);
#16711 = EDGE_CURVE('',#16712,#16712,#16714,.T.);
#16712 = VERTEX_POINT('',#16713);
#16713 = CARTESIAN_POINT('',(49.4,-116.73,1.51));
#16714 = CIRCLE('',#16715,0.5);
#16715 = AXIS2_PLACEMENT_3D('',#16716,#16717,#16718);
#16716 = CARTESIAN_POINT('',(49.4,-116.23,1.51));
#16717 = DIRECTION('',(-0.,0.,-1.));
#16718 = DIRECTION('',(-0.,-1.,0.));
#16719 = FACE_BOUND('',#16720,.T.);
#16720 = EDGE_LOOP('',(#16721));
#16721 = ORIENTED_EDGE('',*,*,#16722,.T.);
#16722 = EDGE_CURVE('',#16723,#16723,#16725,.T.);
#16723 = VERTEX_POINT('',#16724);
#16724 = CARTESIAN_POINT('',(49.4,-114.19,1.51));
#16725 = CIRCLE('',#16726,0.5);
#16726 = AXIS2_PLACEMENT_3D('',#16727,#16728,#16729);
#16727 = CARTESIAN_POINT('',(49.4,-113.69,1.51));
#16728 = DIRECTION('',(-0.,0.,-1.));
#16729 = DIRECTION('',(-0.,-1.,0.));
#16730 = FACE_BOUND('',#16731,.T.);
#16731 = EDGE_LOOP('',(#16732));
#16732 = ORIENTED_EDGE('',*,*,#16733,.T.);
#16733 = EDGE_CURVE('',#16734,#16734,#16736,.T.);
#16734 = VERTEX_POINT('',#16735);
#16735 = CARTESIAN_POINT('',(57.8,-106.9,1.51));
#16736 = CIRCLE('',#16737,1.6);
#16737 = AXIS2_PLACEMENT_3D('',#16738,#16739,#16740);
#16738 = CARTESIAN_POINT('',(57.8,-105.3,1.51));
#16739 = DIRECTION('',(-0.,0.,-1.));
#16740 = DIRECTION('',(-0.,-1.,0.));
#16741 = FACE_BOUND('',#16742,.T.);
#16742 = EDGE_LOOP('',(#16743));
#16743 = ORIENTED_EDGE('',*,*,#16744,.T.);
#16744 = EDGE_CURVE('',#16745,#16745,#16747,.T.);
#16745 = VERTEX_POINT('',#16746);
#16746 = CARTESIAN_POINT('',(82.2,-106.9,1.51));
#16747 = CIRCLE('',#16748,1.6);
#16748 = AXIS2_PLACEMENT_3D('',#16749,#16750,#16751);
#16749 = CARTESIAN_POINT('',(82.2,-105.3,1.51));
#16750 = DIRECTION('',(-0.,0.,-1.));
#16751 = DIRECTION('',(8.881784197001E-15,-1.,-0.));
#16752 = FACE_BOUND('',#16753,.T.);
#16753 = EDGE_LOOP('',(#16754));
#16754 = ORIENTED_EDGE('',*,*,#16755,.T.);
#16755 = EDGE_CURVE('',#16756,#16756,#16758,.T.);
#16756 = VERTEX_POINT('',#16757);
#16757 = CARTESIAN_POINT('',(97.4,-116.925,1.51));
#16758 = CIRCLE('',#16759,0.5);
#16759 = AXIS2_PLACEMENT_3D('',#16760,#16761,#16762);
#16760 = CARTESIAN_POINT('',(97.4,-116.425,1.51));
#16761 = DIRECTION('',(-0.,0.,-1.));
#16762 = DIRECTION('',(-0.,-1.,0.));
#16763 = FACE_BOUND('',#16764,.T.);
#16764 = EDGE_LOOP('',(#16765));
#16765 = ORIENTED_EDGE('',*,*,#16766,.T.);
#16766 = EDGE_CURVE('',#16767,#16767,#16769,.T.);
#16767 = VERTEX_POINT('',#16768);
#16768 = CARTESIAN_POINT('',(102.180568,-116.925,1.51));
#16769 = CIRCLE('',#16770,0.5);
#16770 = AXIS2_PLACEMENT_3D('',#16771,#16772,#16773);
#16771 = CARTESIAN_POINT('',(102.180568,-116.425,1.51));
#16772 = DIRECTION('',(-0.,0.,-1.));
#16773 = DIRECTION('',(-0.,-1.,0.));
#16774 = FACE_BOUND('',#16775,.T.);
#16775 = EDGE_LOOP('',(#16776));
#16776 = ORIENTED_EDGE('',*,*,#16777,.T.);
#16777 = EDGE_CURVE('',#16778,#16778,#16780,.T.);
#16778 = VERTEX_POINT('',#16779);
#16779 = CARTESIAN_POINT('',(112.880568,-108.,1.51));
#16780 = CIRCLE('',#16781,0.5);
#16781 = AXIS2_PLACEMENT_3D('',#16782,#16783,#16784);
#16782 = CARTESIAN_POINT('',(112.880568,-107.5,1.51));
#16783 = DIRECTION('',(-0.,0.,-1.));
#16784 = DIRECTION('',(-0.,-1.,0.));
#16785 = FACE_BOUND('',#16786,.T.);
#16786 = EDGE_LOOP('',(#16787));
#16787 = ORIENTED_EDGE('',*,*,#16788,.T.);
#16788 = EDGE_CURVE('',#16789,#16789,#16791,.T.);
#16789 = VERTEX_POINT('',#16790);
#16790 = CARTESIAN_POINT('',(128.6,-108.,1.51));
#16791 = CIRCLE('',#16792,0.5);
#16792 = AXIS2_PLACEMENT_3D('',#16793,#16794,#16795);
#16793 = CARTESIAN_POINT('',(128.6,-107.5,1.51));
#16794 = DIRECTION('',(-0.,0.,-1.));
#16795 = DIRECTION('',(-0.,-1.,0.));
#16796 = PLANE('',#16797);
#16797 = AXIS2_PLACEMENT_3D('',#16798,#16799,#16800);
#16798 = CARTESIAN_POINT('',(0.,0.,1.51));
#16799 = DIRECTION('',(0.,0.,1.));
#16800 = DIRECTION('',(1.,0.,-0.));
#16801 = ADVANCED_FACE('',(#16802),#16813,.T.);
#16802 = FACE_BOUND('',#16803,.T.);
#16803 = EDGE_LOOP('',(#16804,#16810,#16811,#16812));
#16804 = ORIENTED_EDGE('',*,*,#16805,.T.);
#16805 = EDGE_CURVE('',#16048,#16428,#16806,.T.);
#16806 = LINE('',#16807,#16808);
#16807 = CARTESIAN_POINT('',(100.,-110.,0.));
#16808 = VECTOR('',#16809,1.);
#16809 = DIRECTION('',(0.,0.,1.));
#16810 = ORIENTED_EDGE('',*,*,#16427,.T.);
#16811 = ORIENTED_EDGE('',*,*,#15983,.F.);
#16812 = ORIENTED_EDGE('',*,*,#16047,.F.);
#16813 = PLANE('',#16814);
#16814 = AXIS2_PLACEMENT_3D('',#16815,#16816,#16817);
#16815 = CARTESIAN_POINT('',(100.,-110.,0.));
#16816 = DIRECTION('',(0.,1.,0.));
#16817 = DIRECTION('',(1.,0.,0.));
#16818 = ADVANCED_FACE('',(#16819),#16830,.T.);
#16819 = FACE_BOUND('',#16820,.T.);
#16820 = EDGE_LOOP('',(#16821,#16822,#16823,#16829));
#16821 = ORIENTED_EDGE('',*,*,#16023,.T.);
#16822 = ORIENTED_EDGE('',*,*,#16545,.T.);
#16823 = ORIENTED_EDGE('',*,*,#16824,.F.);
#16824 = EDGE_CURVE('',#16158,#16538,#16825,.T.);
#16825 = LINE('',#16826,#16827);
#16826 = CARTESIAN_POINT('',(130.880568,-107.5,0.));
#16827 = VECTOR('',#16828,1.);
#16828 = DIRECTION('',(0.,0.,1.));
#16829 = ORIENTED_EDGE('',*,*,#16165,.F.);
#16830 = CYLINDRICAL_SURFACE('',#16831,7.5);
#16831 = AXIS2_PLACEMENT_3D('',#16832,#16833,#16834);
#16832 = CARTESIAN_POINT('',(123.380568,-107.5,0.));
#16833 = DIRECTION('',(0.,0.,-1.));
#16834 = DIRECTION('',(-1.,1.894780628694E-15,0.));
#16835 = ADVANCED_FACE('',(#16836),#16847,.T.);
#16836 = FACE_BOUND('',#16837,.T.);
#16837 = EDGE_LOOP('',(#16838,#16844,#16845,#16846));
#16838 = ORIENTED_EDGE('',*,*,#16839,.T.);
#16839 = EDGE_CURVE('',#16056,#16436,#16840,.T.);
#16840 = LINE('',#16841,#16842);
#16841 = CARTESIAN_POINT('',(90.,-100.,0.));
#16842 = VECTOR('',#16843,1.);
#16843 = DIRECTION('',(0.,0.,1.));
#16844 = ORIENTED_EDGE('',*,*,#16435,.T.);
#16845 = ORIENTED_EDGE('',*,*,#16805,.F.);
#16846 = ORIENTED_EDGE('',*,*,#16055,.F.);
#16847 = CYLINDRICAL_SURFACE('',#16848,9.999999357669);
#16848 = AXIS2_PLACEMENT_3D('',#16849,#16850,#16851);
#16849 = CARTESIAN_POINT('',(90.000000642331,-109.9999993576,0.));
#16850 = DIRECTION('',(0.,0.,-1.));
#16851 = DIRECTION('',(-6.423314275614E-08,1.,0.));
#16852 = ADVANCED_FACE('',(#16853),#16864,.T.);
#16853 = FACE_BOUND('',#16854,.T.);
#16854 = EDGE_LOOP('',(#16855,#16856,#16857,#16863));
#16855 = ORIENTED_EDGE('',*,*,#16824,.T.);
#16856 = ORIENTED_EDGE('',*,*,#16537,.T.);
#16857 = ORIENTED_EDGE('',*,*,#16858,.F.);
#16858 = EDGE_CURVE('',#16149,#16529,#16859,.T.);
#16859 = LINE('',#16860,#16861);
#16860 = CARTESIAN_POINT('',(130.880568,-127.5,0.));
#16861 = VECTOR('',#16862,1.);
#16862 = DIRECTION('',(0.,0.,1.));
#16863 = ORIENTED_EDGE('',*,*,#16157,.F.);
#16864 = PLANE('',#16865);
#16865 = AXIS2_PLACEMENT_3D('',#16866,#16867,#16868);
#16866 = CARTESIAN_POINT('',(130.880568,-107.5,0.));
#16867 = DIRECTION('',(1.,0.,-0.));
#16868 = DIRECTION('',(0.,-1.,0.));
#16869 = ADVANCED_FACE('',(#16870),#16881,.T.);
#16870 = FACE_BOUND('',#16871,.T.);
#16871 = EDGE_LOOP('',(#16872,#16878,#16879,#16880));
#16872 = ORIENTED_EDGE('',*,*,#16873,.T.);
#16873 = EDGE_CURVE('',#16065,#16445,#16874,.T.);
#16874 = LINE('',#16875,#16876);
#16875 = CARTESIAN_POINT('',(50.,-100.,0.));
#16876 = VECTOR('',#16877,1.);
#16877 = DIRECTION('',(0.,0.,1.));
#16878 = ORIENTED_EDGE('',*,*,#16444,.T.);
#16879 = ORIENTED_EDGE('',*,*,#16839,.F.);
#16880 = ORIENTED_EDGE('',*,*,#16064,.F.);
#16881 = PLANE('',#16882);
#16882 = AXIS2_PLACEMENT_3D('',#16883,#16884,#16885);
#16883 = CARTESIAN_POINT('',(50.,-100.,0.));
#16884 = DIRECTION('',(0.,1.,0.));
#16885 = DIRECTION('',(1.,0.,0.));
#16886 = ADVANCED_FACE('',(#16887),#16898,.T.);
#16887 = FACE_BOUND('',#16888,.T.);
#16888 = EDGE_LOOP('',(#16889,#16890,#16891,#16897));
#16889 = ORIENTED_EDGE('',*,*,#16858,.T.);
#16890 = ORIENTED_EDGE('',*,*,#16528,.T.);
#16891 = ORIENTED_EDGE('',*,*,#16892,.F.);
#16892 = EDGE_CURVE('',#16141,#16521,#16893,.T.);
#16893 = LINE('',#16894,#16895);
#16894 = CARTESIAN_POINT('',(115.880568,-127.5,0.));
#16895 = VECTOR('',#16896,1.);
#16896 = DIRECTION('',(0.,0.,1.));
#16897 = ORIENTED_EDGE('',*,*,#16148,.F.);
#16898 = CYLINDRICAL_SURFACE('',#16899,7.5);
#16899 = AXIS2_PLACEMENT_3D('',#16900,#16901,#16902);
#16900 = CARTESIAN_POINT('',(123.380568,-127.5,0.));
#16901 = DIRECTION('',(-0.,0.,-1.));
#16902 = DIRECTION('',(1.,-1.894780628694E-15,-0.));
#16903 = ADVANCED_FACE('',(#16904),#16915,.T.);
#16904 = FACE_BOUND('',#16905,.T.);
#16905 = EDGE_LOOP('',(#16906,#16912,#16913,#16914));
#16906 = ORIENTED_EDGE('',*,*,#16907,.T.);
#16907 = EDGE_CURVE('',#16073,#16453,#16908,.T.);
#16908 = LINE('',#16909,#16910);
#16909 = CARTESIAN_POINT('',(40.,-110.,0.));
#16910 = VECTOR('',#16911,1.);
#16911 = DIRECTION('',(0.,0.,1.));
#16912 = ORIENTED_EDGE('',*,*,#16452,.T.);
#16913 = ORIENTED_EDGE('',*,*,#16873,.F.);
#16914 = ORIENTED_EDGE('',*,*,#16072,.F.);
#16915 = CYLINDRICAL_SURFACE('',#16916,9.999999357669);
#16916 = AXIS2_PLACEMENT_3D('',#16917,#16918,#16919);
#16917 = CARTESIAN_POINT('',(49.999999357669,-109.9999993576,0.));
#16918 = DIRECTION('',(0.,0.,-1.));
#16919 = DIRECTION('',(-1.,-6.423314275614E-08,-0.));
#16920 = ADVANCED_FACE('',(#16921),#16932,.T.);
#16921 = FACE_BOUND('',#16922,.T.);
#16922 = EDGE_LOOP('',(#16923,#16924,#16925,#16931));
#16923 = ORIENTED_EDGE('',*,*,#16892,.T.);
#16924 = ORIENTED_EDGE('',*,*,#16520,.T.);
#16925 = ORIENTED_EDGE('',*,*,#16926,.F.);
#16926 = EDGE_CURVE('',#16132,#16512,#16927,.T.);
#16927 = LINE('',#16928,#16929);
#16928 = CARTESIAN_POINT('',(115.4,-127.472076,0.));
#16929 = VECTOR('',#16930,1.);
#16930 = DIRECTION('',(0.,0.,1.));
#16931 = ORIENTED_EDGE('',*,*,#16140,.F.);
#16932 = PLANE('',#16933);
#16933 = AXIS2_PLACEMENT_3D('',#16934,#16935,#16936);
#16934 = CARTESIAN_POINT('',(115.880568,-127.5,0.));
#16935 = DIRECTION('',(-5.80083955733E-02,-0.998316095254,0.));
#16936 = DIRECTION('',(-0.998316095254,5.80083955733E-02,0.));
#16937 = ADVANCED_FACE('',(#16938),#16949,.T.);
#16938 = FACE_BOUND('',#16939,.T.);
#16939 = EDGE_LOOP('',(#16940,#16946,#16947,#16948));
#16940 = ORIENTED_EDGE('',*,*,#16941,.T.);
#16941 = EDGE_CURVE('',#16082,#16462,#16942,.T.);
#16942 = LINE('',#16943,#16944);
#16943 = CARTESIAN_POINT('',(40.,-125.,0.));
#16944 = VECTOR('',#16945,1.);
#16945 = DIRECTION('',(0.,0.,1.));
#16946 = ORIENTED_EDGE('',*,*,#16461,.T.);
#16947 = ORIENTED_EDGE('',*,*,#16907,.F.);
#16948 = ORIENTED_EDGE('',*,*,#16081,.F.);
#16949 = PLANE('',#16950);
#16950 = AXIS2_PLACEMENT_3D('',#16951,#16952,#16953);
#16951 = CARTESIAN_POINT('',(40.,-125.,0.));
#16952 = DIRECTION('',(-1.,0.,0.));
#16953 = DIRECTION('',(0.,1.,0.));
#16954 = ADVANCED_FACE('',(#16955),#16966,.T.);
#16955 = FACE_BOUND('',#16956,.T.);
#16956 = EDGE_LOOP('',(#16957,#16958,#16959,#16965));
#16957 = ORIENTED_EDGE('',*,*,#16926,.T.);
#16958 = ORIENTED_EDGE('',*,*,#16511,.T.);
#16959 = ORIENTED_EDGE('',*,*,#16960,.F.);
#16960 = EDGE_CURVE('',#16124,#16504,#16961,.T.);
#16961 = LINE('',#16962,#16963);
#16962 = CARTESIAN_POINT('',(100.4,-127.472076,0.));
#16963 = VECTOR('',#16964,1.);
#16964 = DIRECTION('',(0.,0.,1.));
#16965 = ORIENTED_EDGE('',*,*,#16131,.F.);
#16966 = CYLINDRICAL_SURFACE('',#16967,7.5);
#16967 = AXIS2_PLACEMENT_3D('',#16968,#16969,#16970);
#16968 = CARTESIAN_POINT('',(107.9,-127.472076,0.));
#16969 = DIRECTION('',(-0.,0.,-1.));
#16970 = DIRECTION('',(1.,-3.789561257387E-15,-0.));
#16971 = ADVANCED_FACE('',(#16972),#16983,.T.);
#16972 = FACE_BOUND('',#16973,.T.);
#16973 = EDGE_LOOP('',(#16974,#16980,#16981,#16982));
#16974 = ORIENTED_EDGE('',*,*,#16975,.T.);
#16975 = EDGE_CURVE('',#16090,#16470,#16976,.T.);
#16976 = LINE('',#16977,#16978);
#16977 = CARTESIAN_POINT('',(50.,-135.,0.));
#16978 = VECTOR('',#16979,1.);
#16979 = DIRECTION('',(0.,0.,1.));
#16980 = ORIENTED_EDGE('',*,*,#16469,.T.);
#16981 = ORIENTED_EDGE('',*,*,#16941,.F.);
#16982 = ORIENTED_EDGE('',*,*,#16089,.F.);
#16983 = CYLINDRICAL_SURFACE('',#16984,9.999999357669);
#16984 = AXIS2_PLACEMENT_3D('',#16985,#16986,#16987);
#16985 = CARTESIAN_POINT('',(49.999999357669,-125.0000006423,0.));
#16986 = DIRECTION('',(0.,0.,-1.));
#16987 = DIRECTION('',(6.423314275614E-08,-1.,0.));
#16988 = ADVANCED_FACE('',(#16989),#17000,.T.);
#16989 = FACE_BOUND('',#16990,.T.);
#16990 = EDGE_LOOP('',(#16991,#16992,#16993,#16999));
#16991 = ORIENTED_EDGE('',*,*,#16960,.T.);
#16992 = ORIENTED_EDGE('',*,*,#16503,.T.);
#16993 = ORIENTED_EDGE('',*,*,#16994,.F.);
#16994 = EDGE_CURVE('',#16116,#16496,#16995,.T.);
#16995 = LINE('',#16996,#16997);
#16996 = CARTESIAN_POINT('',(100.4,-125.,0.));
#16997 = VECTOR('',#16998,1.);
#16998 = DIRECTION('',(0.,0.,1.));
#16999 = ORIENTED_EDGE('',*,*,#16123,.F.);
#17000 = PLANE('',#17001);
#17001 = AXIS2_PLACEMENT_3D('',#17002,#17003,#17004);
#17002 = CARTESIAN_POINT('',(100.4,-127.472076,0.));
#17003 = DIRECTION('',(-1.,0.,0.));
#17004 = DIRECTION('',(0.,1.,0.));
#17005 = ADVANCED_FACE('',(#17006),#17017,.T.);
#17006 = FACE_BOUND('',#17007,.T.);
#17007 = EDGE_LOOP('',(#17008,#17014,#17015,#17016));
#17008 = ORIENTED_EDGE('',*,*,#17009,.T.);
#17009 = EDGE_CURVE('',#16099,#16479,#17010,.T.);
#17010 = LINE('',#17011,#17012);
#17011 = CARTESIAN_POINT('',(90.,-135.,0.));
#17012 = VECTOR('',#17013,1.);
#17013 = DIRECTION('',(0.,0.,1.));
#17014 = ORIENTED_EDGE('',*,*,#16478,.T.);
#17015 = ORIENTED_EDGE('',*,*,#16975,.F.);
#17016 = ORIENTED_EDGE('',*,*,#16098,.F.);
#17017 = PLANE('',#17018);
#17018 = AXIS2_PLACEMENT_3D('',#17019,#17020,#17021);
#17019 = CARTESIAN_POINT('',(90.,-135.,0.));
#17020 = DIRECTION('',(0.,-1.,0.));
#17021 = DIRECTION('',(-1.,0.,0.));
#17022 = ADVANCED_FACE('',(#17023),#17034,.T.);
#17023 = FACE_BOUND('',#17024,.T.);
#17024 = EDGE_LOOP('',(#17025,#17026,#17027,#17033));
#17025 = ORIENTED_EDGE('',*,*,#16994,.T.);
#17026 = ORIENTED_EDGE('',*,*,#16495,.T.);
#17027 = ORIENTED_EDGE('',*,*,#17028,.F.);
#17028 = EDGE_CURVE('',#16107,#16487,#17029,.T.);
#17029 = LINE('',#17030,#17031);
#17030 = CARTESIAN_POINT('',(100.,-125.,0.));
#17031 = VECTOR('',#17032,1.);
#17032 = DIRECTION('',(0.,0.,1.));
#17033 = ORIENTED_EDGE('',*,*,#16115,.F.);
#17034 = PLANE('',#17035);
#17035 = AXIS2_PLACEMENT_3D('',#17036,#17037,#17038);
#17036 = CARTESIAN_POINT('',(100.4,-125.,0.));
#17037 = DIRECTION('',(0.,-1.,0.));
#17038 = DIRECTION('',(-1.,0.,0.));
#17039 = ADVANCED_FACE('',(#17040),#17046,.T.);
#17040 = FACE_BOUND('',#17041,.T.);
#17041 = EDGE_LOOP('',(#17042,#17043,#17044,#17045));
#17042 = ORIENTED_EDGE('',*,*,#17028,.T.);
#17043 = ORIENTED_EDGE('',*,*,#16486,.T.);
#17044 = ORIENTED_EDGE('',*,*,#17009,.F.);
#17045 = ORIENTED_EDGE('',*,*,#16106,.F.);
#17046 = CYLINDRICAL_SURFACE('',#17047,9.999999357669);
#17047 = AXIS2_PLACEMENT_3D('',#17048,#17049,#17050);
#17048 = CARTESIAN_POINT('',(90.000000642331,-125.0000006423,0.));
#17049 = DIRECTION('',(0.,0.,-1.));
#17050 = DIRECTION('',(1.,6.423314133505E-08,0.));
#17051 = ADVANCED_FACE('',(#17052),#17063,.F.);
#17052 = FACE_BOUND('',#17053,.T.);
#17053 = EDGE_LOOP('',(#17054,#17055,#17061,#17062));
#17054 = ORIENTED_EDGE('',*,*,#16175,.T.);
#17055 = ORIENTED_EDGE('',*,*,#17056,.T.);
#17056 = EDGE_CURVE('',#16176,#16556,#17057,.T.);
#17057 = LINE('',#17058,#17059);
#17058 = CARTESIAN_POINT('',(57.8,-131.3,-4.6E-02));
#17059 = VECTOR('',#17060,1.);
#17060 = DIRECTION('',(0.,0.,1.));
#17061 = ORIENTED_EDGE('',*,*,#16555,.F.);
#17062 = ORIENTED_EDGE('',*,*,#17056,.F.);
#17063 = CYLINDRICAL_SURFACE('',#17064,1.6);
#17064 = AXIS2_PLACEMENT_3D('',#17065,#17066,#17067);
#17065 = CARTESIAN_POINT('',(57.8,-129.7,-4.6E-02));
#17066 = DIRECTION('',(-0.,-0.,-1.));
#17067 = DIRECTION('',(-0.,-1.,0.));
#17068 = ADVANCED_FACE('',(#17069),#17080,.F.);
#17069 = FACE_BOUND('',#17070,.T.);
#17070 = EDGE_LOOP('',(#17071,#17072,#17078,#17079));
#17071 = ORIENTED_EDGE('',*,*,#16186,.T.);
#17072 = ORIENTED_EDGE('',*,*,#17073,.T.);
#17073 = EDGE_CURVE('',#16187,#16567,#17074,.T.);
#17074 = LINE('',#17075,#17076);
#17075 = CARTESIAN_POINT('',(82.2,-131.3,-4.6E-02));
#17076 = VECTOR('',#17077,1.);
#17077 = DIRECTION('',(0.,0.,1.));
#17078 = ORIENTED_EDGE('',*,*,#16566,.F.);
#17079 = ORIENTED_EDGE('',*,*,#17073,.F.);
#17080 = CYLINDRICAL_SURFACE('',#17081,1.6);
#17081 = AXIS2_PLACEMENT_3D('',#17082,#17083,#17084);
#17082 = CARTESIAN_POINT('',(82.2,-129.7,-4.6E-02));
#17083 = DIRECTION('',(-0.,0.,-1.));
#17084 = DIRECTION('',(8.881784197001E-15,-1.,-0.));
#17085 = ADVANCED_FACE('',(#17086),#17097,.F.);
#17086 = FACE_BOUND('',#17087,.T.);
#17087 = EDGE_LOOP('',(#17088,#17089,#17095,#17096));
#17088 = ORIENTED_EDGE('',*,*,#16197,.T.);
#17089 = ORIENTED_EDGE('',*,*,#17090,.T.);
#17090 = EDGE_CURVE('',#16198,#16578,#17091,.T.);
#17091 = LINE('',#17092,#17093);
#17092 = CARTESIAN_POINT('',(49.4,-121.81,-4.6E-02));
#17093 = VECTOR('',#17094,1.);
#17094 = DIRECTION('',(0.,0.,1.));
#17095 = ORIENTED_EDGE('',*,*,#16577,.F.);
#17096 = ORIENTED_EDGE('',*,*,#17090,.F.);
#17097 = CYLINDRICAL_SURFACE('',#17098,0.5);
#17098 = AXIS2_PLACEMENT_3D('',#17099,#17100,#17101);
#17099 = CARTESIAN_POINT('',(49.4,-121.31,-4.6E-02));
#17100 = DIRECTION('',(-0.,-0.,-1.));
#17101 = DIRECTION('',(-0.,-1.,0.));
#17102 = ADVANCED_FACE('',(#17103),#17114,.F.);
#17103 = FACE_BOUND('',#17104,.T.);
#17104 = EDGE_LOOP('',(#17105,#17106,#17112,#17113));
#17105 = ORIENTED_EDGE('',*,*,#16208,.T.);
#17106 = ORIENTED_EDGE('',*,*,#17107,.T.);
#17107 = EDGE_CURVE('',#16209,#16589,#17108,.T.);
#17108 = LINE('',#17109,#17110);
#17109 = CARTESIAN_POINT('',(49.4,-119.27,-4.6E-02));
#17110 = VECTOR('',#17111,1.);
#17111 = DIRECTION('',(0.,0.,1.));
#17112 = ORIENTED_EDGE('',*,*,#16588,.F.);
#17113 = ORIENTED_EDGE('',*,*,#17107,.F.);
#17114 = CYLINDRICAL_SURFACE('',#17115,0.5);
#17115 = AXIS2_PLACEMENT_3D('',#17116,#17117,#17118);
#17116 = CARTESIAN_POINT('',(49.4,-118.77,-4.6E-02));
#17117 = DIRECTION('',(-0.,-0.,-1.));
#17118 = DIRECTION('',(-0.,-1.,0.));
#17119 = ADVANCED_FACE('',(#17120),#17131,.F.);
#17120 = FACE_BOUND('',#17121,.T.);
#17121 = EDGE_LOOP('',(#17122,#17123,#17129,#17130));
#17122 = ORIENTED_EDGE('',*,*,#16219,.T.);
#17123 = ORIENTED_EDGE('',*,*,#17124,.T.);
#17124 = EDGE_CURVE('',#16220,#16600,#17125,.T.);
#17125 = LINE('',#17126,#17127);
#17126 = CARTESIAN_POINT('',(112.880568,-128.,-4.6E-02));
#17127 = VECTOR('',#17128,1.);
#17128 = DIRECTION('',(0.,0.,1.));
#17129 = ORIENTED_EDGE('',*,*,#16599,.F.);
#17130 = ORIENTED_EDGE('',*,*,#17124,.F.);
#17131 = CYLINDRICAL_SURFACE('',#17132,0.5);
#17132 = AXIS2_PLACEMENT_3D('',#17133,#17134,#17135);
#17133 = CARTESIAN_POINT('',(112.880568,-127.5,-4.6E-02));
#17134 = DIRECTION('',(-0.,-0.,-1.));
#17135 = DIRECTION('',(-0.,-1.,0.));
#17136 = ADVANCED_FACE('',(#17137),#17148,.F.);
#17137 = FACE_BOUND('',#17138,.T.);
#17138 = EDGE_LOOP('',(#17139,#17140,#17146,#17147));
#17139 = ORIENTED_EDGE('',*,*,#16230,.T.);
#17140 = ORIENTED_EDGE('',*,*,#17141,.T.);
#17141 = EDGE_CURVE('',#16231,#16611,#17142,.T.);
#17142 = LINE('',#17143,#17144);
#17143 = CARTESIAN_POINT('',(128.6,-128.,-4.6E-02));
#17144 = VECTOR('',#17145,1.);
#17145 = DIRECTION('',(0.,0.,1.));
#17146 = ORIENTED_EDGE('',*,*,#16610,.F.);
#17147 = ORIENTED_EDGE('',*,*,#17141,.F.);
#17148 = CYLINDRICAL_SURFACE('',#17149,0.5);
#17149 = AXIS2_PLACEMENT_3D('',#17150,#17151,#17152);
#17150 = CARTESIAN_POINT('',(128.6,-127.5,-4.6E-02));
#17151 = DIRECTION('',(-0.,-0.,-1.));
#17152 = DIRECTION('',(-0.,-1.,0.));
#17153 = ADVANCED_FACE('',(#17154),#17165,.F.);
#17154 = FACE_BOUND('',#17155,.T.);
#17155 = EDGE_LOOP('',(#17156,#17157,#17163,#17164));
#17156 = ORIENTED_EDGE('',*,*,#16241,.T.);
#17157 = ORIENTED_EDGE('',*,*,#17158,.T.);
#17158 = EDGE_CURVE('',#16242,#16622,#17159,.T.);
#17159 = LINE('',#17160,#17161);
#17160 = CARTESIAN_POINT('',(97.4,-119.465,-4.6E-02));
#17161 = VECTOR('',#17162,1.);
#17162 = DIRECTION('',(0.,0.,1.));
#17163 = ORIENTED_EDGE('',*,*,#16621,.F.);
#17164 = ORIENTED_EDGE('',*,*,#17158,.F.);
#17165 = CYLINDRICAL_SURFACE('',#17166,0.5);
#17166 = AXIS2_PLACEMENT_3D('',#17167,#17168,#17169);
#17167 = CARTESIAN_POINT('',(97.4,-118.965,-4.6E-02));
#17168 = DIRECTION('',(-0.,-0.,-1.));
#17169 = DIRECTION('',(-0.,-1.,0.));
#17170 = ADVANCED_FACE('',(#17171),#17182,.F.);
#17171 = FACE_BOUND('',#17172,.T.);
#17172 = EDGE_LOOP('',(#17173,#17174,#17180,#17181));
#17173 = ORIENTED_EDGE('',*,*,#16252,.T.);
#17174 = ORIENTED_EDGE('',*,*,#17175,.T.);
#17175 = EDGE_CURVE('',#16253,#16633,#17176,.T.);
#17176 = LINE('',#17177,#17178);
#17177 = CARTESIAN_POINT('',(102.180568,-119.465,-4.6E-02));
#17178 = VECTOR('',#17179,1.);
#17179 = DIRECTION('',(0.,0.,1.));
#17180 = ORIENTED_EDGE('',*,*,#16632,.F.);
#17181 = ORIENTED_EDGE('',*,*,#17175,.F.);
#17182 = CYLINDRICAL_SURFACE('',#17183,0.5);
#17183 = AXIS2_PLACEMENT_3D('',#17184,#17185,#17186);
#17184 = CARTESIAN_POINT('',(102.180568,-118.965,-4.6E-02));
#17185 = DIRECTION('',(-0.,-0.,-1.));
#17186 = DIRECTION('',(-0.,-1.,0.));
#17187 = ADVANCED_FACE('',(#17188),#17204,.T.);
#17188 = FACE_BOUND('',#17189,.T.);
#17189 = EDGE_LOOP('',(#17190,#17196,#17197,#17203));
#17190 = ORIENTED_EDGE('',*,*,#17191,.T.);
#17191 = EDGE_CURVE('',#16264,#16644,#17192,.T.);
#17192 = LINE('',#17193,#17194);
#17193 = CARTESIAN_POINT('',(100.,-124.4,0.));
#17194 = VECTOR('',#17195,1.);
#17195 = DIRECTION('',(0.,0.,1.));
#17196 = ORIENTED_EDGE('',*,*,#16643,.T.);
#17197 = ORIENTED_EDGE('',*,*,#17198,.F.);
#17198 = EDGE_CURVE('',#16266,#16646,#17199,.T.);
#17199 = LINE('',#17200,#17201);
#17200 = CARTESIAN_POINT('',(100.4,-124.4,0.));
#17201 = VECTOR('',#17202,1.);
#17202 = DIRECTION('',(0.,0.,1.));
#17203 = ORIENTED_EDGE('',*,*,#16263,.F.);
#17204 = PLANE('',#17205);
#17205 = AXIS2_PLACEMENT_3D('',#17206,#17207,#17208);
#17206 = CARTESIAN_POINT('',(100.,-124.4,0.));
#17207 = DIRECTION('',(0.,1.,0.));
#17208 = DIRECTION('',(1.,0.,0.));
#17209 = ADVANCED_FACE('',(#17210),#17221,.T.);
#17210 = FACE_BOUND('',#17211,.T.);
#17211 = EDGE_LOOP('',(#17212,#17218,#17219,#17220));
#17212 = ORIENTED_EDGE('',*,*,#17213,.T.);
#17213 = EDGE_CURVE('',#16274,#16654,#17214,.T.);
#17214 = LINE('',#17215,#17216);
#17215 = CARTESIAN_POINT('',(100.,-110.7,0.));
#17216 = VECTOR('',#17217,1.);
#17217 = DIRECTION('',(0.,0.,1.));
#17218 = ORIENTED_EDGE('',*,*,#16653,.T.);
#17219 = ORIENTED_EDGE('',*,*,#17191,.F.);
#17220 = ORIENTED_EDGE('',*,*,#16273,.F.);
#17221 = PLANE('',#17222);
#17222 = AXIS2_PLACEMENT_3D('',#17223,#17224,#17225);
#17223 = CARTESIAN_POINT('',(100.,-110.7,0.));
#17224 = DIRECTION('',(1.,0.,-0.));
#17225 = DIRECTION('',(0.,-1.,0.));
#17226 = ADVANCED_FACE('',(#17227),#17238,.T.);
#17227 = FACE_BOUND('',#17228,.T.);
#17228 = EDGE_LOOP('',(#17229,#17230,#17231,#17237));
#17229 = ORIENTED_EDGE('',*,*,#17198,.T.);
#17230 = ORIENTED_EDGE('',*,*,#16669,.T.);
#17231 = ORIENTED_EDGE('',*,*,#17232,.F.);
#17232 = EDGE_CURVE('',#16282,#16662,#17233,.T.);
#17233 = LINE('',#17234,#17235);
#17234 = CARTESIAN_POINT('',(100.4,-110.7,0.));
#17235 = VECTOR('',#17236,1.);
#17236 = DIRECTION('',(0.,0.,1.));
#17237 = ORIENTED_EDGE('',*,*,#16289,.F.);
#17238 = PLANE('',#17239);
#17239 = AXIS2_PLACEMENT_3D('',#17240,#17241,#17242);
#17240 = CARTESIAN_POINT('',(100.4,-124.4,0.));
#17241 = DIRECTION('',(-1.,0.,0.));
#17242 = DIRECTION('',(0.,1.,0.));
#17243 = ADVANCED_FACE('',(#17244),#17250,.T.);
#17244 = FACE_BOUND('',#17245,.T.);
#17245 = EDGE_LOOP('',(#17246,#17247,#17248,#17249));
#17246 = ORIENTED_EDGE('',*,*,#17232,.T.);
#17247 = ORIENTED_EDGE('',*,*,#16661,.T.);
#17248 = ORIENTED_EDGE('',*,*,#17213,.F.);
#17249 = ORIENTED_EDGE('',*,*,#16281,.F.);
#17250 = PLANE('',#17251);
#17251 = AXIS2_PLACEMENT_3D('',#17252,#17253,#17254);
#17252 = CARTESIAN_POINT('',(100.4,-110.7,0.));
#17253 = DIRECTION('',(0.,-1.,0.));
#17254 = DIRECTION('',(-1.,0.,0.));
#17255 = ADVANCED_FACE('',(#17256),#17272,.T.);
#17256 = FACE_BOUND('',#17257,.T.);
#17257 = EDGE_LOOP('',(#17258,#17264,#17265,#17271));
#17258 = ORIENTED_EDGE('',*,*,#17259,.T.);
#17259 = EDGE_CURVE('',#16298,#16678,#17260,.T.);
#17260 = LINE('',#17261,#17262);
#17261 = CARTESIAN_POINT('',(115.380568,-126.5,0.));
#17262 = VECTOR('',#17263,1.);
#17263 = DIRECTION('',(0.,0.,1.));
#17264 = ORIENTED_EDGE('',*,*,#16677,.T.);
#17265 = ORIENTED_EDGE('',*,*,#17266,.F.);
#17266 = EDGE_CURVE('',#16300,#16680,#17267,.T.);
#17267 = LINE('',#17268,#17269);
#17268 = CARTESIAN_POINT('',(115.880568,-126.5,0.));
#17269 = VECTOR('',#17270,1.);
#17270 = DIRECTION('',(0.,0.,1.));
#17271 = ORIENTED_EDGE('',*,*,#16297,.F.);
#17272 = PLANE('',#17273);
#17273 = AXIS2_PLACEMENT_3D('',#17274,#17275,#17276);
#17274 = CARTESIAN_POINT('',(115.380568,-126.5,0.));
#17275 = DIRECTION('',(0.,1.,0.));
#17276 = DIRECTION('',(1.,0.,0.));
#17277 = ADVANCED_FACE('',(#17278),#17289,.T.);
#17278 = FACE_BOUND('',#17279,.T.);
#17279 = EDGE_LOOP('',(#17280,#17286,#17287,#17288));
#17280 = ORIENTED_EDGE('',*,*,#17281,.T.);
#17281 = EDGE_CURVE('',#16308,#16688,#17282,.T.);
#17282 = LINE('',#17283,#17284);
#17283 = CARTESIAN_POINT('',(115.380568,-108.5,0.));
#17284 = VECTOR('',#17285,1.);
#17285 = DIRECTION('',(0.,0.,1.));
#17286 = ORIENTED_EDGE('',*,*,#16687,.T.);
#17287 = ORIENTED_EDGE('',*,*,#17259,.F.);
#17288 = ORIENTED_EDGE('',*,*,#16307,.F.);
#17289 = PLANE('',#17290);
#17290 = AXIS2_PLACEMENT_3D('',#17291,#17292,#17293);
#17291 = CARTESIAN_POINT('',(115.380568,-108.5,0.));
#17292 = DIRECTION('',(1.,0.,-0.));
#17293 = DIRECTION('',(0.,-1.,0.));
#17294 = ADVANCED_FACE('',(#17295),#17306,.T.);
#17295 = FACE_BOUND('',#17296,.T.);
#17296 = EDGE_LOOP('',(#17297,#17298,#17299,#17305));
#17297 = ORIENTED_EDGE('',*,*,#17266,.T.);
#17298 = ORIENTED_EDGE('',*,*,#16703,.T.);
#17299 = ORIENTED_EDGE('',*,*,#17300,.F.);
#17300 = EDGE_CURVE('',#16316,#16696,#17301,.T.);
#17301 = LINE('',#17302,#17303);
#17302 = CARTESIAN_POINT('',(115.880568,-108.5,0.));
#17303 = VECTOR('',#17304,1.);
#17304 = DIRECTION('',(0.,0.,1.));
#17305 = ORIENTED_EDGE('',*,*,#16323,.F.);
#17306 = PLANE('',#17307);
#17307 = AXIS2_PLACEMENT_3D('',#17308,#17309,#17310);
#17308 = CARTESIAN_POINT('',(115.880568,-126.5,0.));
#17309 = DIRECTION('',(-1.,0.,0.));
#17310 = DIRECTION('',(0.,1.,0.));
#17311 = ADVANCED_FACE('',(#17312),#17318,.T.);
#17312 = FACE_BOUND('',#17313,.T.);
#17313 = EDGE_LOOP('',(#17314,#17315,#17316,#17317));
#17314 = ORIENTED_EDGE('',*,*,#17300,.T.);
#17315 = ORIENTED_EDGE('',*,*,#16695,.T.);
#17316 = ORIENTED_EDGE('',*,*,#17281,.F.);
#17317 = ORIENTED_EDGE('',*,*,#16315,.F.);
#17318 = PLANE('',#17319);
#17319 = AXIS2_PLACEMENT_3D('',#17320,#17321,#17322);
#17320 = CARTESIAN_POINT('',(115.880568,-108.5,0.));
#17321 = DIRECTION('',(0.,-1.,0.));
#17322 = DIRECTION('',(-1.,0.,0.));
#17323 = ADVANCED_FACE('',(#17324),#17335,.F.);
#17324 = FACE_BOUND('',#17325,.T.);
#17325 = EDGE_LOOP('',(#17326,#17327,#17333,#17334));
#17326 = ORIENTED_EDGE('',*,*,#16331,.T.);
#17327 = ORIENTED_EDGE('',*,*,#17328,.T.);
#17328 = EDGE_CURVE('',#16332,#16712,#17329,.T.);
#17329 = LINE('',#17330,#17331);
#17330 = CARTESIAN_POINT('',(49.4,-116.73,-4.6E-02));
#17331 = VECTOR('',#17332,1.);
#17332 = DIRECTION('',(0.,0.,1.));
#17333 = ORIENTED_EDGE('',*,*,#16711,.F.);
#17334 = ORIENTED_EDGE('',*,*,#17328,.F.);
#17335 = CYLINDRICAL_SURFACE('',#17336,0.5);
#17336 = AXIS2_PLACEMENT_3D('',#17337,#17338,#17339);
#17337 = CARTESIAN_POINT('',(49.4,-116.23,-4.6E-02));
#17338 = DIRECTION('',(-0.,-0.,-1.));
#17339 = DIRECTION('',(-0.,-1.,0.));
#17340 = ADVANCED_FACE('',(#17341),#17352,.F.);
#17341 = FACE_BOUND('',#17342,.T.);
#17342 = EDGE_LOOP('',(#17343,#17344,#17350,#17351));
#17343 = ORIENTED_EDGE('',*,*,#16342,.T.);
#17344 = ORIENTED_EDGE('',*,*,#17345,.T.);
#17345 = EDGE_CURVE('',#16343,#16723,#17346,.T.);
#17346 = LINE('',#17347,#17348);
#17347 = CARTESIAN_POINT('',(49.4,-114.19,-4.6E-02));
#17348 = VECTOR('',#17349,1.);
#17349 = DIRECTION('',(0.,0.,1.));
#17350 = ORIENTED_EDGE('',*,*,#16722,.F.);
#17351 = ORIENTED_EDGE('',*,*,#17345,.F.);
#17352 = CYLINDRICAL_SURFACE('',#17353,0.5);
#17353 = AXIS2_PLACEMENT_3D('',#17354,#17355,#17356);
#17354 = CARTESIAN_POINT('',(49.4,-113.69,-4.6E-02));
#17355 = DIRECTION('',(-0.,-0.,-1.));
#17356 = DIRECTION('',(-0.,-1.,0.));
#17357 = ADVANCED_FACE('',(#17358),#17369,.F.);
#17358 = FACE_BOUND('',#17359,.T.);
#17359 = EDGE_LOOP('',(#17360,#17361,#17367,#17368));
#17360 = ORIENTED_EDGE('',*,*,#16353,.T.);
#17361 = ORIENTED_EDGE('',*,*,#17362,.T.);
#17362 = EDGE_CURVE('',#16354,#16734,#17363,.T.);
#17363 = LINE('',#17364,#17365);
#17364 = CARTESIAN_POINT('',(57.8,-106.9,-4.6E-02));
#17365 = VECTOR('',#17366,1.);
#17366 = DIRECTION('',(0.,0.,1.));
#17367 = ORIENTED_EDGE('',*,*,#16733,.F.);
#17368 = ORIENTED_EDGE('',*,*,#17362,.F.);
#17369 = CYLINDRICAL_SURFACE('',#17370,1.6);
#17370 = AXIS2_PLACEMENT_3D('',#17371,#17372,#17373);
#17371 = CARTESIAN_POINT('',(57.8,-105.3,-4.6E-02));
#17372 = DIRECTION('',(-0.,-0.,-1.));
#17373 = DIRECTION('',(-0.,-1.,0.));
#17374 = ADVANCED_FACE('',(#17375),#17386,.F.);
#17375 = FACE_BOUND('',#17376,.T.);
#17376 = EDGE_LOOP('',(#17377,#17378,#17384,#17385));
#17377 = ORIENTED_EDGE('',*,*,#16364,.T.);
#17378 = ORIENTED_EDGE('',*,*,#17379,.T.);
#17379 = EDGE_CURVE('',#16365,#16745,#17380,.T.);
#17380 = LINE('',#17381,#17382);
#17381 = CARTESIAN_POINT('',(82.2,-106.9,-4.6E-02));
#17382 = VECTOR('',#17383,1.);
#17383 = DIRECTION('',(0.,0.,1.));
#17384 = ORIENTED_EDGE('',*,*,#16744,.F.);
#17385 = ORIENTED_EDGE('',*,*,#17379,.F.);
#17386 = CYLINDRICAL_SURFACE('',#17387,1.6);
#17387 = AXIS2_PLACEMENT_3D('',#17388,#17389,#17390);
#17388 = CARTESIAN_POINT('',(82.2,-105.3,-4.6E-02));
#17389 = DIRECTION('',(-0.,0.,-1.));
#17390 = DIRECTION('',(8.881784197001E-15,-1.,-0.));
#17391 = ADVANCED_FACE('',(#17392),#17403,.F.);
#17392 = FACE_BOUND('',#17393,.T.);
#17393 = EDGE_LOOP('',(#17394,#17395,#17401,#17402));
#17394 = ORIENTED_EDGE('',*,*,#16375,.T.);
#17395 = ORIENTED_EDGE('',*,*,#17396,.T.);
#17396 = EDGE_CURVE('',#16376,#16756,#17397,.T.);
#17397 = LINE('',#17398,#17399);
#17398 = CARTESIAN_POINT('',(97.4,-116.925,-4.6E-02));
#17399 = VECTOR('',#17400,1.);
#17400 = DIRECTION('',(0.,0.,1.));
#17401 = ORIENTED_EDGE('',*,*,#16755,.F.);
#17402 = ORIENTED_EDGE('',*,*,#17396,.F.);
#17403 = CYLINDRICAL_SURFACE('',#17404,0.5);
#17404 = AXIS2_PLACEMENT_3D('',#17405,#17406,#17407);
#17405 = CARTESIAN_POINT('',(97.4,-116.425,-4.6E-02));
#17406 = DIRECTION('',(-0.,-0.,-1.));
#17407 = DIRECTION('',(-0.,-1.,0.));
#17408 = ADVANCED_FACE('',(#17409),#17420,.F.);
#17409 = FACE_BOUND('',#17410,.T.);
#17410 = EDGE_LOOP('',(#17411,#17412,#17418,#17419));
#17411 = ORIENTED_EDGE('',*,*,#16386,.T.);
#17412 = ORIENTED_EDGE('',*,*,#17413,.T.);
#17413 = EDGE_CURVE('',#16387,#16767,#17414,.T.);
#17414 = LINE('',#17415,#17416);
#17415 = CARTESIAN_POINT('',(102.180568,-116.925,-4.6E-02));
#17416 = VECTOR('',#17417,1.);
#17417 = DIRECTION('',(0.,0.,1.));
#17418 = ORIENTED_EDGE('',*,*,#16766,.F.);
#17419 = ORIENTED_EDGE('',*,*,#17413,.F.);
#17420 = CYLINDRICAL_SURFACE('',#17421,0.5);
#17421 = AXIS2_PLACEMENT_3D('',#17422,#17423,#17424);
#17422 = CARTESIAN_POINT('',(102.180568,-116.425,-4.6E-02));
#17423 = DIRECTION('',(-0.,-0.,-1.));
#17424 = DIRECTION('',(-0.,-1.,0.));
#17425 = ADVANCED_FACE('',(#17426),#17437,.F.);
#17426 = FACE_BOUND('',#17427,.T.);
#17427 = EDGE_LOOP('',(#17428,#17429,#17435,#17436));
#17428 = ORIENTED_EDGE('',*,*,#16397,.T.);
#17429 = ORIENTED_EDGE('',*,*,#17430,.T.);
#17430 = EDGE_CURVE('',#16398,#16778,#17431,.T.);
#17431 = LINE('',#17432,#17433);
#17432 = CARTESIAN_POINT('',(112.880568,-108.,-4.6E-02));
#17433 = VECTOR('',#17434,1.);
#17434 = DIRECTION('',(0.,0.,1.));
#17435 = ORIENTED_EDGE('',*,*,#16777,.F.);
#17436 = ORIENTED_EDGE('',*,*,#17430,.F.);
#17437 = CYLINDRICAL_SURFACE('',#17438,0.5);
#17438 = AXIS2_PLACEMENT_3D('',#17439,#17440,#17441);
#17439 = CARTESIAN_POINT('',(112.880568,-107.5,-4.6E-02));
#17440 = DIRECTION('',(-0.,-0.,-1.));
#17441 = DIRECTION('',(-0.,-1.,0.));
#17442 = ADVANCED_FACE('',(#17443),#17454,.F.);
#17443 = FACE_BOUND('',#17444,.T.);
#17444 = EDGE_LOOP('',(#17445,#17446,#17452,#17453));
#17445 = ORIENTED_EDGE('',*,*,#16408,.T.);
#17446 = ORIENTED_EDGE('',*,*,#17447,.T.);
#17447 = EDGE_CURVE('',#16409,#16789,#17448,.T.);
#17448 = LINE('',#17449,#17450);
#17449 = CARTESIAN_POINT('',(128.6,-108.,-4.6E-02));
#17450 = VECTOR('',#17451,1.);
#17451 = DIRECTION('',(0.,0.,1.));
#17452 = ORIENTED_EDGE('',*,*,#16788,.F.);
#17453 = ORIENTED_EDGE('',*,*,#17447,.F.);
#17454 = CYLINDRICAL_SURFACE('',#17455,0.5);
#17455 = AXIS2_PLACEMENT_3D('',#17456,#17457,#17458);
#17456 = CARTESIAN_POINT('',(128.6,-107.5,-4.6E-02));
#17457 = DIRECTION('',(-0.,-0.,-1.));
#17458 = DIRECTION('',(-0.,-1.,0.));
#17459 = ( GEOMETRIC_REPRESENTATION_CONTEXT(3) 
GLOBAL_UNCERTAINTY_ASSIGNED_CONTEXT((#17463)) 
GLOBAL_UNIT_ASSIGNED_CONTEXT((#17460,#17461,#17462)) 
REPRESENTATION_CONTEXT('Context #1',
  '3D Context with UNIT and UNCERTAINTY') );
#17460 = ( LENGTH_UNIT() NAMED_UNIT(*) SI_UNIT(.MILLI.,.METRE.) );
#17461 = ( NAMED_UNIT(*) PLANE_ANGLE_UNIT() SI_UNIT($,.RADIAN.) );
#17462 = ( NAMED_UNIT(*) SI_UNIT($,.STERADIAN.) SOLID_ANGLE_UNIT() );
#17463 = UNCERTAINTY_MEASURE_WITH_UNIT(LENGTH_MEASURE(1.E-07),#17460,
  'distance_accuracy_value','confusion accuracy');
#17464 = CONTEXT_DEPENDENT_SHAPE_REPRESENTATION(#17465,#17467);
#17465 = ( REPRESENTATION_RELATIONSHIP('','',#15934,#10) 
REPRESENTATION_RELATIONSHIP_WITH_TRANSFORMATION(#17466) 
SHAPE_REPRESENTATION_RELATIONSHIP() );
#17466 = ITEM_DEFINED_TRANSFORMATION('','',#11,#91);
#17467 = PRODUCT_DEFINITION_SHAPE('Placement','Placement of an item',
  #17468);
#17468 = NEXT_ASSEMBLY_USAGE_OCCURRENCE('20','=>[0:1:1:13]','',#5,#15929
  ,$);
#17469 = PRODUCT_RELATED_PRODUCT_CATEGORY('part',$,(#15931));
#17470 = MECHANICAL_DESIGN_GEOMETRIC_PRESENTATION_REPRESENTATION('',(
    #17471,#17479,#17486,#17493,#17500,#17507,#17514,#17521,#17528,
    #17535,#17542,#17550,#17557,#17564,#17571,#17578,#17585,#17592,
    #17599,#17606,#17613,#17620,#17627,#17634,#17641,#17648,#17655,
    #17662),#15891);
#17471 = STYLED_ITEM('color',(#17472),#15039);
#17472 = PRESENTATION_STYLE_ASSIGNMENT((#17473));
#17473 = SURFACE_STYLE_USAGE(.BOTH.,#17474);
#17474 = SURFACE_SIDE_STYLE('',(#17475));
#17475 = SURFACE_STYLE_FILL_AREA(#17476);
#17476 = FILL_AREA_STYLE('',(#17477));
#17477 = FILL_AREA_STYLE_COLOUR('',#17478);
#17478 = COLOUR_RGB('',0.823999987314,0.819999987296,0.781000009244);
#17479 = STYLED_ITEM('color',(#17480),#15115);
#17480 = PRESENTATION_STYLE_ASSIGNMENT((#17481));
#17481 = SURFACE_STYLE_USAGE(.BOTH.,#17482);
#17482 = SURFACE_SIDE_STYLE('',(#17483));
#17483 = SURFACE_STYLE_FILL_AREA(#17484);
#17484 = FILL_AREA_STYLE('',(#17485));
#17485 = FILL_AREA_STYLE_COLOUR('',#17478);
#17486 = STYLED_ITEM('color',(#17487),#15146);
#17487 = PRESENTATION_STYLE_ASSIGNMENT((#17488));
#17488 = SURFACE_STYLE_USAGE(.BOTH.,#17489);
#17489 = SURFACE_SIDE_STYLE('',(#17490));
#17490 = SURFACE_STYLE_FILL_AREA(#17491);
#17491 = FILL_AREA_STYLE('',(#17492));
#17492 = FILL_AREA_STYLE_COLOUR('',#17478);
#17493 = STYLED_ITEM('color',(#17494),#15171);
#17494 = PRESENTATION_STYLE_ASSIGNMENT((#17495));
#17495 = SURFACE_STYLE_USAGE(.BOTH.,#17496);
#17496 = SURFACE_SIDE_STYLE('',(#17497));
#17497 = SURFACE_STYLE_FILL_AREA(#17498);
#17498 = FILL_AREA_STYLE('',(#17499));
#17499 = FILL_AREA_STYLE_COLOUR('',#17478);
#17500 = STYLED_ITEM('color',(#17501),#15196);
#17501 = PRESENTATION_STYLE_ASSIGNMENT((#17502));
#17502 = SURFACE_STYLE_USAGE(.BOTH.,#17503);
#17503 = SURFACE_SIDE_STYLE('',(#17504));
#17504 = SURFACE_STYLE_FILL_AREA(#17505);
#17505 = FILL_AREA_STYLE('',(#17506));
#17506 = FILL_AREA_STYLE_COLOUR('',#17478);
#17507 = STYLED_ITEM('color',(#17508),#15220);
#17508 = PRESENTATION_STYLE_ASSIGNMENT((#17509));
#17509 = SURFACE_STYLE_USAGE(.BOTH.,#17510);
#17510 = SURFACE_SIDE_STYLE('',(#17511));
#17511 = SURFACE_STYLE_FILL_AREA(#17512);
#17512 = FILL_AREA_STYLE('',(#17513));
#17513 = FILL_AREA_STYLE_COLOUR('',#17478);
#17514 = STYLED_ITEM('color',(#17515),#15244);
#17515 = PRESENTATION_STYLE_ASSIGNMENT((#17516));
#17516 = SURFACE_STYLE_USAGE(.BOTH.,#17517);
#17517 = SURFACE_SIDE_STYLE('',(#17518));
#17518 = SURFACE_STYLE_FILL_AREA(#17519);
#17519 = FILL_AREA_STYLE('',(#17520));
#17520 = FILL_AREA_STYLE_COLOUR('',#17478);
#17521 = STYLED_ITEM('color',(#17522),#15269);
#17522 = PRESENTATION_STYLE_ASSIGNMENT((#17523));
#17523 = SURFACE_STYLE_USAGE(.BOTH.,#17524);
#17524 = SURFACE_SIDE_STYLE('',(#17525));
#17525 = SURFACE_STYLE_FILL_AREA(#17526);
#17526 = FILL_AREA_STYLE('',(#17527));
#17527 = FILL_AREA_STYLE_COLOUR('',#17478);
#17528 = STYLED_ITEM('color',(#17529),#15294);
#17529 = PRESENTATION_STYLE_ASSIGNMENT((#17530));
#17530 = SURFACE_STYLE_USAGE(.BOTH.,#17531);
#17531 = SURFACE_SIDE_STYLE('',(#17532));
#17532 = SURFACE_STYLE_FILL_AREA(#17533);
#17533 = FILL_AREA_STYLE('',(#17534));
#17534 = FILL_AREA_STYLE_COLOUR('',#17478);
#17535 = STYLED_ITEM('color',(#17536),#15311);
#17536 = PRESENTATION_STYLE_ASSIGNMENT((#17537));
#17537 = SURFACE_STYLE_USAGE(.BOTH.,#17538);
#17538 = SURFACE_SIDE_STYLE('',(#17539));
#17539 = SURFACE_STYLE_FILL_AREA(#17540);
#17540 = FILL_AREA_STYLE('',(#17541));
#17541 = FILL_AREA_STYLE_COLOUR('',#17478);
#17542 = STYLED_ITEM('color',(#17543),#15397);
#17543 = PRESENTATION_STYLE_ASSIGNMENT((#17544));
#17544 = SURFACE_STYLE_USAGE(.BOTH.,#17545);
#17545 = SURFACE_SIDE_STYLE('',(#17546));
#17546 = SURFACE_STYLE_FILL_AREA(#17547);
#17547 = FILL_AREA_STYLE('',(#17548));
#17548 = FILL_AREA_STYLE_COLOUR('',#17549);
#17549 = COLOUR_RGB('',0.379000005575,0.270000008848,0.214999999939);
#17550 = STYLED_ITEM('color',(#17551),#15429);
#17551 = PRESENTATION_STYLE_ASSIGNMENT((#17552));
#17552 = SURFACE_STYLE_USAGE(.BOTH.,#17553);
#17553 = SURFACE_SIDE_STYLE('',(#17554));
#17554 = SURFACE_STYLE_FILL_AREA(#17555);
#17555 = FILL_AREA_STYLE('',(#17556));
#17556 = FILL_AREA_STYLE_COLOUR('',#17549);
#17557 = STYLED_ITEM('color',(#17558),#15453);
#17558 = PRESENTATION_STYLE_ASSIGNMENT((#17559));
#17559 = SURFACE_STYLE_USAGE(.BOTH.,#17560);
#17560 = SURFACE_SIDE_STYLE('',(#17561));
#17561 = SURFACE_STYLE_FILL_AREA(#17562);
#17562 = FILL_AREA_STYLE('',(#17563));
#17563 = FILL_AREA_STYLE_COLOUR('',#17549);
#17564 = STYLED_ITEM('color',(#17565),#15478);
#17565 = PRESENTATION_STYLE_ASSIGNMENT((#17566));
#17566 = SURFACE_STYLE_USAGE(.BOTH.,#17567);
#17567 = SURFACE_SIDE_STYLE('',(#17568));
#17568 = SURFACE_STYLE_FILL_AREA(#17569);
#17569 = FILL_AREA_STYLE('',(#17570));
#17570 = FILL_AREA_STYLE_COLOUR('',#17549);
#17571 = STYLED_ITEM('color',(#17572),#15502);
#17572 = PRESENTATION_STYLE_ASSIGNMENT((#17573));
#17573 = SURFACE_STYLE_USAGE(.BOTH.,#17574);
#17574 = SURFACE_SIDE_STYLE('',(#17575));
#17575 = SURFACE_STYLE_FILL_AREA(#17576);
#17576 = FILL_AREA_STYLE('',(#17577));
#17577 = FILL_AREA_STYLE_COLOUR('',#17549);
#17578 = STYLED_ITEM('color',(#17579),#15527);
#17579 = PRESENTATION_STYLE_ASSIGNMENT((#17580));
#17580 = SURFACE_STYLE_USAGE(.BOTH.,#17581);
#17581 = SURFACE_SIDE_STYLE('',(#17582));
#17582 = SURFACE_STYLE_FILL_AREA(#17583);
#17583 = FILL_AREA_STYLE('',(#17584));
#17584 = FILL_AREA_STYLE_COLOUR('',#17549);
#17585 = STYLED_ITEM('color',(#17586),#15551);
#17586 = PRESENTATION_STYLE_ASSIGNMENT((#17587));
#17587 = SURFACE_STYLE_USAGE(.BOTH.,#17588);
#17588 = SURFACE_SIDE_STYLE('',(#17589));
#17589 = SURFACE_STYLE_FILL_AREA(#17590);
#17590 = FILL_AREA_STYLE('',(#17591));
#17591 = FILL_AREA_STYLE_COLOUR('',#17549);
#17592 = STYLED_ITEM('color',(#17593),#15576);
#17593 = PRESENTATION_STYLE_ASSIGNMENT((#17594));
#17594 = SURFACE_STYLE_USAGE(.BOTH.,#17595);
#17595 = SURFACE_SIDE_STYLE('',(#17596));
#17596 = SURFACE_STYLE_FILL_AREA(#17597);
#17597 = FILL_AREA_STYLE('',(#17598));
#17598 = FILL_AREA_STYLE_COLOUR('',#17549);
#17599 = STYLED_ITEM('color',(#17600),#15593);
#17600 = PRESENTATION_STYLE_ASSIGNMENT((#17601));
#17601 = SURFACE_STYLE_USAGE(.BOTH.,#17602);
#17602 = SURFACE_SIDE_STYLE('',(#17603));
#17603 = SURFACE_STYLE_FILL_AREA(#17604);
#17604 = FILL_AREA_STYLE('',(#17605));
#17605 = FILL_AREA_STYLE_COLOUR('',#17478);
#17606 = STYLED_ITEM('color',(#17607),#15679);
#17607 = PRESENTATION_STYLE_ASSIGNMENT((#17608));
#17608 = SURFACE_STYLE_USAGE(.BOTH.,#17609);
#17609 = SURFACE_SIDE_STYLE('',(#17610));
#17610 = SURFACE_STYLE_FILL_AREA(#17611);
#17611 = FILL_AREA_STYLE('',(#17612));
#17612 = FILL_AREA_STYLE_COLOUR('',#17478);
#17613 = STYLED_ITEM('color',(#17614),#15710);
#17614 = PRESENTATION_STYLE_ASSIGNMENT((#17615));
#17615 = SURFACE_STYLE_USAGE(.BOTH.,#17616);
#17616 = SURFACE_SIDE_STYLE('',(#17617));
#17617 = SURFACE_STYLE_FILL_AREA(#17618);
#17618 = FILL_AREA_STYLE('',(#17619));
#17619 = FILL_AREA_STYLE_COLOUR('',#17478);
#17620 = STYLED_ITEM('color',(#17621),#15735);
#17621 = PRESENTATION_STYLE_ASSIGNMENT((#17622));
#17622 = SURFACE_STYLE_USAGE(.BOTH.,#17623);
#17623 = SURFACE_SIDE_STYLE('',(#17624));
#17624 = SURFACE_STYLE_FILL_AREA(#17625);
#17625 = FILL_AREA_STYLE('',(#17626));
#17626 = FILL_AREA_STYLE_COLOUR('',#17478);
#17627 = STYLED_ITEM('color',(#17628),#15760);
#17628 = PRESENTATION_STYLE_ASSIGNMENT((#17629));
#17629 = SURFACE_STYLE_USAGE(.BOTH.,#17630);
#17630 = SURFACE_SIDE_STYLE('',(#17631));
#17631 = SURFACE_STYLE_FILL_AREA(#17632);
#17632 = FILL_AREA_STYLE('',(#17633));
#17633 = FILL_AREA_STYLE_COLOUR('',#17478);
#17634 = STYLED_ITEM('color',(#17635),#15784);
#17635 = PRESENTATION_STYLE_ASSIGNMENT((#17636));
#17636 = SURFACE_STYLE_USAGE(.BOTH.,#17637);
#17637 = SURFACE_SIDE_STYLE('',(#17638));
#17638 = SURFACE_STYLE_FILL_AREA(#17639);
#17639 = FILL_AREA_STYLE('',(#17640));
#17640 = FILL_AREA_STYLE_COLOUR('',#17478);
#17641 = STYLED_ITEM('color',(#17642),#15808);
#17642 = PRESENTATION_STYLE_ASSIGNMENT((#17643));
#17643 = SURFACE_STYLE_USAGE(.BOTH.,#17644);
#17644 = SURFACE_SIDE_STYLE('',(#17645));
#17645 = SURFACE_STYLE_FILL_AREA(#17646);
#17646 = FILL_AREA_STYLE('',(#17647));
#17647 = FILL_AREA_STYLE_COLOUR('',#17478);
#17648 = STYLED_ITEM('color',(#17649),#15833);
#17649 = PRESENTATION_STYLE_ASSIGNMENT((#17650));
#17650 = SURFACE_STYLE_USAGE(.BOTH.,#17651);
#17651 = SURFACE_SIDE_STYLE('',(#17652));
#17652 = SURFACE_STYLE_FILL_AREA(#17653);
#17653 = FILL_AREA_STYLE('',(#17654));
#17654 = FILL_AREA_STYLE_COLOUR('',#17478);
#17655 = STYLED_ITEM('color',(#17656),#15858);
#17656 = PRESENTATION_STYLE_ASSIGNMENT((#17657));
#17657 = SURFACE_STYLE_USAGE(.BOTH.,#17658);
#17658 = SURFACE_SIDE_STYLE('',(#17659));
#17659 = SURFACE_STYLE_FILL_AREA(#17660);
#17660 = FILL_AREA_STYLE('',(#17661));
#17661 = FILL_AREA_STYLE_COLOUR('',#17478);
#17662 = STYLED_ITEM('color',(#17663),#15875);
#17663 = PRESENTATION_STYLE_ASSIGNMENT((#17664));
#17664 = SURFACE_STYLE_USAGE(.BOTH.,#17665);
#17665 = SURFACE_SIDE_STYLE('',(#17666));
#17666 = SURFACE_STYLE_FILL_AREA(#17667);
#17667 = FILL_AREA_STYLE('',(#17668));
#17668 = FILL_AREA_STYLE_COLOUR('',#17478);
#17669 = MECHANICAL_DESIGN_GEOMETRIC_PRESENTATION_REPRESENTATION('',(
    #17670,#17678,#17685,#17692,#17699,#17706,#17713,#17720,#17727,
    #17734,#17741,#17748,#17755,#17762,#17769,#17776,#17783,#17790,
    #17797,#17804,#17811,#17818,#17825,#17832,#17839,#17846,#17853,
    #17860,#17867,#17875,#17882,#17889,#17896,#17903,#17910,#17917,
    #17924,#17931,#17938,#17945,#17952,#17959,#17966,#17973,#17980,
    #17987,#17994,#18001,#18008,#18015,#18022,#18029,#18036,#18043,
    #18050,#18057,#18064,#18071,#18078,#18085,#18092,#18099,#18106,
    #18113,#18120,#18127,#18134,#18141,#18148,#18155,#18162,#18169,
    #18176,#18183,#18190,#18197,#18204,#18211,#18218,#18225,#18232,
    #18239,#18246,#18253,#18260,#18267,#18274,#18281,#18288,#18295,
    #18302,#18309,#18316,#18323,#18330,#18337,#18344,#18351,#18358,
    #18365),#15013);
#17670 = STYLED_ITEM('color',(#17671),#12235);
#17671 = PRESENTATION_STYLE_ASSIGNMENT((#17672));
#17672 = SURFACE_STYLE_USAGE(.BOTH.,#17673);
#17673 = SURFACE_SIDE_STYLE('',(#17674));
#17674 = SURFACE_STYLE_FILL_AREA(#17675);
#17675 = FILL_AREA_STYLE('',(#17676));
#17676 = FILL_AREA_STYLE_COLOUR('',#17677);
#17677 = COLOUR_RGB('',0.147999998088,0.144999993226,0.144999993226);
#17678 = STYLED_ITEM('color',(#17679),#12275);
#17679 = PRESENTATION_STYLE_ASSIGNMENT((#17680));
#17680 = SURFACE_STYLE_USAGE(.BOTH.,#17681);
#17681 = SURFACE_SIDE_STYLE('',(#17682));
#17682 = SURFACE_STYLE_FILL_AREA(#17683);
#17683 = FILL_AREA_STYLE('',(#17684));
#17684 = FILL_AREA_STYLE_COLOUR('',#17677);
#17685 = STYLED_ITEM('color',(#17686),#12306);
#17686 = PRESENTATION_STYLE_ASSIGNMENT((#17687));
#17687 = SURFACE_STYLE_USAGE(.BOTH.,#17688);
#17688 = SURFACE_SIDE_STYLE('',(#17689));
#17689 = SURFACE_STYLE_FILL_AREA(#17690);
#17690 = FILL_AREA_STYLE('',(#17691));
#17691 = FILL_AREA_STYLE_COLOUR('',#17677);
#17692 = STYLED_ITEM('color',(#17693),#12337);
#17693 = PRESENTATION_STYLE_ASSIGNMENT((#17694));
#17694 = SURFACE_STYLE_USAGE(.BOTH.,#17695);
#17695 = SURFACE_SIDE_STYLE('',(#17696));
#17696 = SURFACE_STYLE_FILL_AREA(#17697);
#17697 = FILL_AREA_STYLE('',(#17698));
#17698 = FILL_AREA_STYLE_COLOUR('',#17677);
#17699 = STYLED_ITEM('color',(#17700),#12666);
#17700 = PRESENTATION_STYLE_ASSIGNMENT((#17701));
#17701 = SURFACE_STYLE_USAGE(.BOTH.,#17702);
#17702 = SURFACE_SIDE_STYLE('',(#17703));
#17703 = SURFACE_STYLE_FILL_AREA(#17704);
#17704 = FILL_AREA_STYLE('',(#17705));
#17705 = FILL_AREA_STYLE_COLOUR('',#17677);
#17706 = STYLED_ITEM('color',(#17707),#12995);
#17707 = PRESENTATION_STYLE_ASSIGNMENT((#17708));
#17708 = SURFACE_STYLE_USAGE(.BOTH.,#17709);
#17709 = SURFACE_SIDE_STYLE('',(#17710));
#17710 = SURFACE_STYLE_FILL_AREA(#17711);
#17711 = FILL_AREA_STYLE('',(#17712));
#17712 = FILL_AREA_STYLE_COLOUR('',#17677);
#17713 = STYLED_ITEM('color',(#17714),#13012);
#17714 = PRESENTATION_STYLE_ASSIGNMENT((#17715));
#17715 = SURFACE_STYLE_USAGE(.BOTH.,#17716);
#17716 = SURFACE_SIDE_STYLE('',(#17717));
#17717 = SURFACE_STYLE_FILL_AREA(#17718);
#17718 = FILL_AREA_STYLE('',(#17719));
#17719 = FILL_AREA_STYLE_COLOUR('',#17677);
#17720 = STYLED_ITEM('color',(#17721),#13029);
#17721 = PRESENTATION_STYLE_ASSIGNMENT((#17722));
#17722 = SURFACE_STYLE_USAGE(.BOTH.,#17723);
#17723 = SURFACE_SIDE_STYLE('',(#17724));
#17724 = SURFACE_STYLE_FILL_AREA(#17725);
#17725 = FILL_AREA_STYLE('',(#17726));
#17726 = FILL_AREA_STYLE_COLOUR('',#17677);
#17727 = STYLED_ITEM('color',(#17728),#13046);
#17728 = PRESENTATION_STYLE_ASSIGNMENT((#17729));
#17729 = SURFACE_STYLE_USAGE(.BOTH.,#17730);
#17730 = SURFACE_SIDE_STYLE('',(#17731));
#17731 = SURFACE_STYLE_FILL_AREA(#17732);
#17732 = FILL_AREA_STYLE('',(#17733));
#17733 = FILL_AREA_STYLE_COLOUR('',#17677);
#17734 = STYLED_ITEM('color',(#17735),#13063);
#17735 = PRESENTATION_STYLE_ASSIGNMENT((#17736));
#17736 = SURFACE_STYLE_USAGE(.BOTH.,#17737);
#17737 = SURFACE_SIDE_STYLE('',(#17738));
#17738 = SURFACE_STYLE_FILL_AREA(#17739);
#17739 = FILL_AREA_STYLE('',(#17740));
#17740 = FILL_AREA_STYLE_COLOUR('',#17677);
#17741 = STYLED_ITEM('color',(#17742),#13080);
#17742 = PRESENTATION_STYLE_ASSIGNMENT((#17743));
#17743 = SURFACE_STYLE_USAGE(.BOTH.,#17744);
#17744 = SURFACE_SIDE_STYLE('',(#17745));
#17745 = SURFACE_STYLE_FILL_AREA(#17746);
#17746 = FILL_AREA_STYLE('',(#17747));
#17747 = FILL_AREA_STYLE_COLOUR('',#17677);
#17748 = STYLED_ITEM('color',(#17749),#13097);
#17749 = PRESENTATION_STYLE_ASSIGNMENT((#17750));
#17750 = SURFACE_STYLE_USAGE(.BOTH.,#17751);
#17751 = SURFACE_SIDE_STYLE('',(#17752));
#17752 = SURFACE_STYLE_FILL_AREA(#17753);
#17753 = FILL_AREA_STYLE('',(#17754));
#17754 = FILL_AREA_STYLE_COLOUR('',#17677);
#17755 = STYLED_ITEM('color',(#17756),#13114);
#17756 = PRESENTATION_STYLE_ASSIGNMENT((#17757));
#17757 = SURFACE_STYLE_USAGE(.BOTH.,#17758);
#17758 = SURFACE_SIDE_STYLE('',(#17759));
#17759 = SURFACE_STYLE_FILL_AREA(#17760);
#17760 = FILL_AREA_STYLE('',(#17761));
#17761 = FILL_AREA_STYLE_COLOUR('',#17677);
#17762 = STYLED_ITEM('color',(#17763),#13131);
#17763 = PRESENTATION_STYLE_ASSIGNMENT((#17764));
#17764 = SURFACE_STYLE_USAGE(.BOTH.,#17765);
#17765 = SURFACE_SIDE_STYLE('',(#17766));
#17766 = SURFACE_STYLE_FILL_AREA(#17767);
#17767 = FILL_AREA_STYLE('',(#17768));
#17768 = FILL_AREA_STYLE_COLOUR('',#17677);
#17769 = STYLED_ITEM('color',(#17770),#13148);
#17770 = PRESENTATION_STYLE_ASSIGNMENT((#17771));
#17771 = SURFACE_STYLE_USAGE(.BOTH.,#17772);
#17772 = SURFACE_SIDE_STYLE('',(#17773));
#17773 = SURFACE_STYLE_FILL_AREA(#17774);
#17774 = FILL_AREA_STYLE('',(#17775));
#17775 = FILL_AREA_STYLE_COLOUR('',#17677);
#17776 = STYLED_ITEM('color',(#17777),#13165);
#17777 = PRESENTATION_STYLE_ASSIGNMENT((#17778));
#17778 = SURFACE_STYLE_USAGE(.BOTH.,#17779);
#17779 = SURFACE_SIDE_STYLE('',(#17780));
#17780 = SURFACE_STYLE_FILL_AREA(#17781);
#17781 = FILL_AREA_STYLE('',(#17782));
#17782 = FILL_AREA_STYLE_COLOUR('',#17677);
#17783 = STYLED_ITEM('color',(#17784),#13182);
#17784 = PRESENTATION_STYLE_ASSIGNMENT((#17785));
#17785 = SURFACE_STYLE_USAGE(.BOTH.,#17786);
#17786 = SURFACE_SIDE_STYLE('',(#17787));
#17787 = SURFACE_STYLE_FILL_AREA(#17788);
#17788 = FILL_AREA_STYLE('',(#17789));
#17789 = FILL_AREA_STYLE_COLOUR('',#17677);
#17790 = STYLED_ITEM('color',(#17791),#13199);
#17791 = PRESENTATION_STYLE_ASSIGNMENT((#17792));
#17792 = SURFACE_STYLE_USAGE(.BOTH.,#17793);
#17793 = SURFACE_SIDE_STYLE('',(#17794));
#17794 = SURFACE_STYLE_FILL_AREA(#17795);
#17795 = FILL_AREA_STYLE('',(#17796));
#17796 = FILL_AREA_STYLE_COLOUR('',#17677);
#17797 = STYLED_ITEM('color',(#17798),#13216);
#17798 = PRESENTATION_STYLE_ASSIGNMENT((#17799));
#17799 = SURFACE_STYLE_USAGE(.BOTH.,#17800);
#17800 = SURFACE_SIDE_STYLE('',(#17801));
#17801 = SURFACE_STYLE_FILL_AREA(#17802);
#17802 = FILL_AREA_STYLE('',(#17803));
#17803 = FILL_AREA_STYLE_COLOUR('',#17677);
#17804 = STYLED_ITEM('color',(#17805),#13233);
#17805 = PRESENTATION_STYLE_ASSIGNMENT((#17806));
#17806 = SURFACE_STYLE_USAGE(.BOTH.,#17807);
#17807 = SURFACE_SIDE_STYLE('',(#17808));
#17808 = SURFACE_STYLE_FILL_AREA(#17809);
#17809 = FILL_AREA_STYLE('',(#17810));
#17810 = FILL_AREA_STYLE_COLOUR('',#17677);
#17811 = STYLED_ITEM('color',(#17812),#13250);
#17812 = PRESENTATION_STYLE_ASSIGNMENT((#17813));
#17813 = SURFACE_STYLE_USAGE(.BOTH.,#17814);
#17814 = SURFACE_SIDE_STYLE('',(#17815));
#17815 = SURFACE_STYLE_FILL_AREA(#17816);
#17816 = FILL_AREA_STYLE('',(#17817));
#17817 = FILL_AREA_STYLE_COLOUR('',#17677);
#17818 = STYLED_ITEM('color',(#17819),#13267);
#17819 = PRESENTATION_STYLE_ASSIGNMENT((#17820));
#17820 = SURFACE_STYLE_USAGE(.BOTH.,#17821);
#17821 = SURFACE_SIDE_STYLE('',(#17822));
#17822 = SURFACE_STYLE_FILL_AREA(#17823);
#17823 = FILL_AREA_STYLE('',(#17824));
#17824 = FILL_AREA_STYLE_COLOUR('',#17677);
#17825 = STYLED_ITEM('color',(#17826),#13284);
#17826 = PRESENTATION_STYLE_ASSIGNMENT((#17827));
#17827 = SURFACE_STYLE_USAGE(.BOTH.,#17828);
#17828 = SURFACE_SIDE_STYLE('',(#17829));
#17829 = SURFACE_STYLE_FILL_AREA(#17830);
#17830 = FILL_AREA_STYLE('',(#17831));
#17831 = FILL_AREA_STYLE_COLOUR('',#17677);
#17832 = STYLED_ITEM('color',(#17833),#13301);
#17833 = PRESENTATION_STYLE_ASSIGNMENT((#17834));
#17834 = SURFACE_STYLE_USAGE(.BOTH.,#17835);
#17835 = SURFACE_SIDE_STYLE('',(#17836));
#17836 = SURFACE_STYLE_FILL_AREA(#17837);
#17837 = FILL_AREA_STYLE('',(#17838));
#17838 = FILL_AREA_STYLE_COLOUR('',#17677);
#17839 = STYLED_ITEM('color',(#17840),#13318);
#17840 = PRESENTATION_STYLE_ASSIGNMENT((#17841));
#17841 = SURFACE_STYLE_USAGE(.BOTH.,#17842);
#17842 = SURFACE_SIDE_STYLE('',(#17843));
#17843 = SURFACE_STYLE_FILL_AREA(#17844);
#17844 = FILL_AREA_STYLE('',(#17845));
#17845 = FILL_AREA_STYLE_COLOUR('',#17677);
#17846 = STYLED_ITEM('color',(#17847),#13335);
#17847 = PRESENTATION_STYLE_ASSIGNMENT((#17848));
#17848 = SURFACE_STYLE_USAGE(.BOTH.,#17849);
#17849 = SURFACE_SIDE_STYLE('',(#17850));
#17850 = SURFACE_STYLE_FILL_AREA(#17851);
#17851 = FILL_AREA_STYLE('',(#17852));
#17852 = FILL_AREA_STYLE_COLOUR('',#17677);
#17853 = STYLED_ITEM('color',(#17854),#13352);
#17854 = PRESENTATION_STYLE_ASSIGNMENT((#17855));
#17855 = SURFACE_STYLE_USAGE(.BOTH.,#17856);
#17856 = SURFACE_SIDE_STYLE('',(#17857));
#17857 = SURFACE_STYLE_FILL_AREA(#17858);
#17858 = FILL_AREA_STYLE('',(#17859));
#17859 = FILL_AREA_STYLE_COLOUR('',#17677);
#17860 = STYLED_ITEM('color',(#17861),#13369);
#17861 = PRESENTATION_STYLE_ASSIGNMENT((#17862));
#17862 = SURFACE_STYLE_USAGE(.BOTH.,#17863);
#17863 = SURFACE_SIDE_STYLE('',(#17864));
#17864 = SURFACE_STYLE_FILL_AREA(#17865);
#17865 = FILL_AREA_STYLE('',(#17866));
#17866 = FILL_AREA_STYLE_COLOUR('',#17677);
#17867 = STYLED_ITEM('color',(#17868),#13381);
#17868 = PRESENTATION_STYLE_ASSIGNMENT((#17869));
#17869 = SURFACE_STYLE_USAGE(.BOTH.,#17870);
#17870 = SURFACE_SIDE_STYLE('',(#17871));
#17871 = SURFACE_STYLE_FILL_AREA(#17872);
#17872 = FILL_AREA_STYLE('',(#17873));
#17873 = FILL_AREA_STYLE_COLOUR('',#17874);
#17874 = COLOUR_RGB('',0.859000020776,0.737999965183,0.495999988746);
#17875 = STYLED_ITEM('color',(#17876),#13412);
#17876 = PRESENTATION_STYLE_ASSIGNMENT((#17877));
#17877 = SURFACE_STYLE_USAGE(.BOTH.,#17878);
#17878 = SURFACE_SIDE_STYLE('',(#17879));
#17879 = SURFACE_STYLE_FILL_AREA(#17880);
#17880 = FILL_AREA_STYLE('',(#17881));
#17881 = FILL_AREA_STYLE_COLOUR('',#17874);
#17882 = STYLED_ITEM('color',(#17883),#13436);
#17883 = PRESENTATION_STYLE_ASSIGNMENT((#17884));
#17884 = SURFACE_STYLE_USAGE(.BOTH.,#17885);
#17885 = SURFACE_SIDE_STYLE('',(#17886));
#17886 = SURFACE_STYLE_FILL_AREA(#17887);
#17887 = FILL_AREA_STYLE('',(#17888));
#17888 = FILL_AREA_STYLE_COLOUR('',#17874);
#17889 = STYLED_ITEM('color',(#17890),#13460);
#17890 = PRESENTATION_STYLE_ASSIGNMENT((#17891));
#17891 = SURFACE_STYLE_USAGE(.BOTH.,#17892);
#17892 = SURFACE_SIDE_STYLE('',(#17893));
#17893 = SURFACE_STYLE_FILL_AREA(#17894);
#17894 = FILL_AREA_STYLE('',(#17895));
#17895 = FILL_AREA_STYLE_COLOUR('',#17874);
#17896 = STYLED_ITEM('color',(#17897),#13477);
#17897 = PRESENTATION_STYLE_ASSIGNMENT((#17898));
#17898 = SURFACE_STYLE_USAGE(.BOTH.,#17899);
#17899 = SURFACE_SIDE_STYLE('',(#17900));
#17900 = SURFACE_STYLE_FILL_AREA(#17901);
#17901 = FILL_AREA_STYLE('',(#17902));
#17902 = FILL_AREA_STYLE_COLOUR('',#17874);
#17903 = STYLED_ITEM('color',(#17904),#13508);
#17904 = PRESENTATION_STYLE_ASSIGNMENT((#17905));
#17905 = SURFACE_STYLE_USAGE(.BOTH.,#17906);
#17906 = SURFACE_SIDE_STYLE('',(#17907));
#17907 = SURFACE_STYLE_FILL_AREA(#17908);
#17908 = FILL_AREA_STYLE('',(#17909));
#17909 = FILL_AREA_STYLE_COLOUR('',#17874);
#17910 = STYLED_ITEM('color',(#17911),#13532);
#17911 = PRESENTATION_STYLE_ASSIGNMENT((#17912));
#17912 = SURFACE_STYLE_USAGE(.BOTH.,#17913);
#17913 = SURFACE_SIDE_STYLE('',(#17914));
#17914 = SURFACE_STYLE_FILL_AREA(#17915);
#17915 = FILL_AREA_STYLE('',(#17916));
#17916 = FILL_AREA_STYLE_COLOUR('',#17874);
#17917 = STYLED_ITEM('color',(#17918),#13556);
#17918 = PRESENTATION_STYLE_ASSIGNMENT((#17919));
#17919 = SURFACE_STYLE_USAGE(.BOTH.,#17920);
#17920 = SURFACE_SIDE_STYLE('',(#17921));
#17921 = SURFACE_STYLE_FILL_AREA(#17922);
#17922 = FILL_AREA_STYLE('',(#17923));
#17923 = FILL_AREA_STYLE_COLOUR('',#17874);
#17924 = STYLED_ITEM('color',(#17925),#13573);
#17925 = PRESENTATION_STYLE_ASSIGNMENT((#17926));
#17926 = SURFACE_STYLE_USAGE(.BOTH.,#17927);
#17927 = SURFACE_SIDE_STYLE('',(#17928));
#17928 = SURFACE_STYLE_FILL_AREA(#17929);
#17929 = FILL_AREA_STYLE('',(#17930));
#17930 = FILL_AREA_STYLE_COLOUR('',#17874);
#17931 = STYLED_ITEM('color',(#17932),#13604);
#17932 = PRESENTATION_STYLE_ASSIGNMENT((#17933));
#17933 = SURFACE_STYLE_USAGE(.BOTH.,#17934);
#17934 = SURFACE_SIDE_STYLE('',(#17935));
#17935 = SURFACE_STYLE_FILL_AREA(#17936);
#17936 = FILL_AREA_STYLE('',(#17937));
#17937 = FILL_AREA_STYLE_COLOUR('',#17874);
#17938 = STYLED_ITEM('color',(#17939),#13628);
#17939 = PRESENTATION_STYLE_ASSIGNMENT((#17940));
#17940 = SURFACE_STYLE_USAGE(.BOTH.,#17941);
#17941 = SURFACE_SIDE_STYLE('',(#17942));
#17942 = SURFACE_STYLE_FILL_AREA(#17943);
#17943 = FILL_AREA_STYLE('',(#17944));
#17944 = FILL_AREA_STYLE_COLOUR('',#17874);
#17945 = STYLED_ITEM('color',(#17946),#13652);
#17946 = PRESENTATION_STYLE_ASSIGNMENT((#17947));
#17947 = SURFACE_STYLE_USAGE(.BOTH.,#17948);
#17948 = SURFACE_SIDE_STYLE('',(#17949));
#17949 = SURFACE_STYLE_FILL_AREA(#17950);
#17950 = FILL_AREA_STYLE('',(#17951));
#17951 = FILL_AREA_STYLE_COLOUR('',#17874);
#17952 = STYLED_ITEM('color',(#17953),#13669);
#17953 = PRESENTATION_STYLE_ASSIGNMENT((#17954));
#17954 = SURFACE_STYLE_USAGE(.BOTH.,#17955);
#17955 = SURFACE_SIDE_STYLE('',(#17956));
#17956 = SURFACE_STYLE_FILL_AREA(#17957);
#17957 = FILL_AREA_STYLE('',(#17958));
#17958 = FILL_AREA_STYLE_COLOUR('',#17874);
#17959 = STYLED_ITEM('color',(#17960),#13700);
#17960 = PRESENTATION_STYLE_ASSIGNMENT((#17961));
#17961 = SURFACE_STYLE_USAGE(.BOTH.,#17962);
#17962 = SURFACE_SIDE_STYLE('',(#17963));
#17963 = SURFACE_STYLE_FILL_AREA(#17964);
#17964 = FILL_AREA_STYLE('',(#17965));
#17965 = FILL_AREA_STYLE_COLOUR('',#17874);
#17966 = STYLED_ITEM('color',(#17967),#13724);
#17967 = PRESENTATION_STYLE_ASSIGNMENT((#17968));
#17968 = SURFACE_STYLE_USAGE(.BOTH.,#17969);
#17969 = SURFACE_SIDE_STYLE('',(#17970));
#17970 = SURFACE_STYLE_FILL_AREA(#17971);
#17971 = FILL_AREA_STYLE('',(#17972));
#17972 = FILL_AREA_STYLE_COLOUR('',#17874);
#17973 = STYLED_ITEM('color',(#17974),#13748);
#17974 = PRESENTATION_STYLE_ASSIGNMENT((#17975));
#17975 = SURFACE_STYLE_USAGE(.BOTH.,#17976);
#17976 = SURFACE_SIDE_STYLE('',(#17977));
#17977 = SURFACE_STYLE_FILL_AREA(#17978);
#17978 = FILL_AREA_STYLE('',(#17979));
#17979 = FILL_AREA_STYLE_COLOUR('',#17874);
#17980 = STYLED_ITEM('color',(#17981),#13765);
#17981 = PRESENTATION_STYLE_ASSIGNMENT((#17982));
#17982 = SURFACE_STYLE_USAGE(.BOTH.,#17983);
#17983 = SURFACE_SIDE_STYLE('',(#17984));
#17984 = SURFACE_STYLE_FILL_AREA(#17985);
#17985 = FILL_AREA_STYLE('',(#17986));
#17986 = FILL_AREA_STYLE_COLOUR('',#17874);
#17987 = STYLED_ITEM('color',(#17988),#13796);
#17988 = PRESENTATION_STYLE_ASSIGNMENT((#17989));
#17989 = SURFACE_STYLE_USAGE(.BOTH.,#17990);
#17990 = SURFACE_SIDE_STYLE('',(#17991));
#17991 = SURFACE_STYLE_FILL_AREA(#17992);
#17992 = FILL_AREA_STYLE('',(#17993));
#17993 = FILL_AREA_STYLE_COLOUR('',#17874);
#17994 = STYLED_ITEM('color',(#17995),#13820);
#17995 = PRESENTATION_STYLE_ASSIGNMENT((#17996));
#17996 = SURFACE_STYLE_USAGE(.BOTH.,#17997);
#17997 = SURFACE_SIDE_STYLE('',(#17998));
#17998 = SURFACE_STYLE_FILL_AREA(#17999);
#17999 = FILL_AREA_STYLE('',(#18000));
#18000 = FILL_AREA_STYLE_COLOUR('',#17874);
#18001 = STYLED_ITEM('color',(#18002),#13844);
#18002 = PRESENTATION_STYLE_ASSIGNMENT((#18003));
#18003 = SURFACE_STYLE_USAGE(.BOTH.,#18004);
#18004 = SURFACE_SIDE_STYLE('',(#18005));
#18005 = SURFACE_STYLE_FILL_AREA(#18006);
#18006 = FILL_AREA_STYLE('',(#18007));
#18007 = FILL_AREA_STYLE_COLOUR('',#17874);
#18008 = STYLED_ITEM('color',(#18009),#13861);
#18009 = PRESENTATION_STYLE_ASSIGNMENT((#18010));
#18010 = SURFACE_STYLE_USAGE(.BOTH.,#18011);
#18011 = SURFACE_SIDE_STYLE('',(#18012));
#18012 = SURFACE_STYLE_FILL_AREA(#18013);
#18013 = FILL_AREA_STYLE('',(#18014));
#18014 = FILL_AREA_STYLE_COLOUR('',#17874);
#18015 = STYLED_ITEM('color',(#18016),#13892);
#18016 = PRESENTATION_STYLE_ASSIGNMENT((#18017));
#18017 = SURFACE_STYLE_USAGE(.BOTH.,#18018);
#18018 = SURFACE_SIDE_STYLE('',(#18019));
#18019 = SURFACE_STYLE_FILL_AREA(#18020);
#18020 = FILL_AREA_STYLE('',(#18021));
#18021 = FILL_AREA_STYLE_COLOUR('',#17874);
#18022 = STYLED_ITEM('color',(#18023),#13916);
#18023 = PRESENTATION_STYLE_ASSIGNMENT((#18024));
#18024 = SURFACE_STYLE_USAGE(.BOTH.,#18025);
#18025 = SURFACE_SIDE_STYLE('',(#18026));
#18026 = SURFACE_STYLE_FILL_AREA(#18027);
#18027 = FILL_AREA_STYLE('',(#18028));
#18028 = FILL_AREA_STYLE_COLOUR('',#17874);
#18029 = STYLED_ITEM('color',(#18030),#13940);
#18030 = PRESENTATION_STYLE_ASSIGNMENT((#18031));
#18031 = SURFACE_STYLE_USAGE(.BOTH.,#18032);
#18032 = SURFACE_SIDE_STYLE('',(#18033));
#18033 = SURFACE_STYLE_FILL_AREA(#18034);
#18034 = FILL_AREA_STYLE('',(#18035));
#18035 = FILL_AREA_STYLE_COLOUR('',#17874);
#18036 = STYLED_ITEM('color',(#18037),#13957);
#18037 = PRESENTATION_STYLE_ASSIGNMENT((#18038));
#18038 = SURFACE_STYLE_USAGE(.BOTH.,#18039);
#18039 = SURFACE_SIDE_STYLE('',(#18040));
#18040 = SURFACE_STYLE_FILL_AREA(#18041);
#18041 = FILL_AREA_STYLE('',(#18042));
#18042 = FILL_AREA_STYLE_COLOUR('',#17874);
#18043 = STYLED_ITEM('color',(#18044),#13988);
#18044 = PRESENTATION_STYLE_ASSIGNMENT((#18045));
#18045 = SURFACE_STYLE_USAGE(.BOTH.,#18046);
#18046 = SURFACE_SIDE_STYLE('',(#18047));
#18047 = SURFACE_STYLE_FILL_AREA(#18048);
#18048 = FILL_AREA_STYLE('',(#18049));
#18049 = FILL_AREA_STYLE_COLOUR('',#17874);
#18050 = STYLED_ITEM('color',(#18051),#14012);
#18051 = PRESENTATION_STYLE_ASSIGNMENT((#18052));
#18052 = SURFACE_STYLE_USAGE(.BOTH.,#18053);
#18053 = SURFACE_SIDE_STYLE('',(#18054));
#18054 = SURFACE_STYLE_FILL_AREA(#18055);
#18055 = FILL_AREA_STYLE('',(#18056));
#18056 = FILL_AREA_STYLE_COLOUR('',#17874);
#18057 = STYLED_ITEM('color',(#18058),#14036);
#18058 = PRESENTATION_STYLE_ASSIGNMENT((#18059));
#18059 = SURFACE_STYLE_USAGE(.BOTH.,#18060);
#18060 = SURFACE_SIDE_STYLE('',(#18061));
#18061 = SURFACE_STYLE_FILL_AREA(#18062);
#18062 = FILL_AREA_STYLE('',(#18063));
#18063 = FILL_AREA_STYLE_COLOUR('',#17874);
#18064 = STYLED_ITEM('color',(#18065),#14053);
#18065 = PRESENTATION_STYLE_ASSIGNMENT((#18066));
#18066 = SURFACE_STYLE_USAGE(.BOTH.,#18067);
#18067 = SURFACE_SIDE_STYLE('',(#18068));
#18068 = SURFACE_STYLE_FILL_AREA(#18069);
#18069 = FILL_AREA_STYLE('',(#18070));
#18070 = FILL_AREA_STYLE_COLOUR('',#17874);
#18071 = STYLED_ITEM('color',(#18072),#14084);
#18072 = PRESENTATION_STYLE_ASSIGNMENT((#18073));
#18073 = SURFACE_STYLE_USAGE(.BOTH.,#18074);
#18074 = SURFACE_SIDE_STYLE('',(#18075));
#18075 = SURFACE_STYLE_FILL_AREA(#18076);
#18076 = FILL_AREA_STYLE('',(#18077));
#18077 = FILL_AREA_STYLE_COLOUR('',#17874);
#18078 = STYLED_ITEM('color',(#18079),#14108);
#18079 = PRESENTATION_STYLE_ASSIGNMENT((#18080));
#18080 = SURFACE_STYLE_USAGE(.BOTH.,#18081);
#18081 = SURFACE_SIDE_STYLE('',(#18082));
#18082 = SURFACE_STYLE_FILL_AREA(#18083);
#18083 = FILL_AREA_STYLE('',(#18084));
#18084 = FILL_AREA_STYLE_COLOUR('',#17874);
#18085 = STYLED_ITEM('color',(#18086),#14132);
#18086 = PRESENTATION_STYLE_ASSIGNMENT((#18087));
#18087 = SURFACE_STYLE_USAGE(.BOTH.,#18088);
#18088 = SURFACE_SIDE_STYLE('',(#18089));
#18089 = SURFACE_STYLE_FILL_AREA(#18090);
#18090 = FILL_AREA_STYLE('',(#18091));
#18091 = FILL_AREA_STYLE_COLOUR('',#17874);
#18092 = STYLED_ITEM('color',(#18093),#14149);
#18093 = PRESENTATION_STYLE_ASSIGNMENT((#18094));
#18094 = SURFACE_STYLE_USAGE(.BOTH.,#18095);
#18095 = SURFACE_SIDE_STYLE('',(#18096));
#18096 = SURFACE_STYLE_FILL_AREA(#18097);
#18097 = FILL_AREA_STYLE('',(#18098));
#18098 = FILL_AREA_STYLE_COLOUR('',#17874);
#18099 = STYLED_ITEM('color',(#18100),#14180);
#18100 = PRESENTATION_STYLE_ASSIGNMENT((#18101));
#18101 = SURFACE_STYLE_USAGE(.BOTH.,#18102);
#18102 = SURFACE_SIDE_STYLE('',(#18103));
#18103 = SURFACE_STYLE_FILL_AREA(#18104);
#18104 = FILL_AREA_STYLE('',(#18105));
#18105 = FILL_AREA_STYLE_COLOUR('',#17874);
#18106 = STYLED_ITEM('color',(#18107),#14204);
#18107 = PRESENTATION_STYLE_ASSIGNMENT((#18108));
#18108 = SURFACE_STYLE_USAGE(.BOTH.,#18109);
#18109 = SURFACE_SIDE_STYLE('',(#18110));
#18110 = SURFACE_STYLE_FILL_AREA(#18111);
#18111 = FILL_AREA_STYLE('',(#18112));
#18112 = FILL_AREA_STYLE_COLOUR('',#17874);
#18113 = STYLED_ITEM('color',(#18114),#14228);
#18114 = PRESENTATION_STYLE_ASSIGNMENT((#18115));
#18115 = SURFACE_STYLE_USAGE(.BOTH.,#18116);
#18116 = SURFACE_SIDE_STYLE('',(#18117));
#18117 = SURFACE_STYLE_FILL_AREA(#18118);
#18118 = FILL_AREA_STYLE('',(#18119));
#18119 = FILL_AREA_STYLE_COLOUR('',#17874);
#18120 = STYLED_ITEM('color',(#18121),#14245);
#18121 = PRESENTATION_STYLE_ASSIGNMENT((#18122));
#18122 = SURFACE_STYLE_USAGE(.BOTH.,#18123);
#18123 = SURFACE_SIDE_STYLE('',(#18124));
#18124 = SURFACE_STYLE_FILL_AREA(#18125);
#18125 = FILL_AREA_STYLE('',(#18126));
#18126 = FILL_AREA_STYLE_COLOUR('',#17874);
#18127 = STYLED_ITEM('color',(#18128),#14276);
#18128 = PRESENTATION_STYLE_ASSIGNMENT((#18129));
#18129 = SURFACE_STYLE_USAGE(.BOTH.,#18130);
#18130 = SURFACE_SIDE_STYLE('',(#18131));
#18131 = SURFACE_STYLE_FILL_AREA(#18132);
#18132 = FILL_AREA_STYLE('',(#18133));
#18133 = FILL_AREA_STYLE_COLOUR('',#17874);
#18134 = STYLED_ITEM('color',(#18135),#14300);
#18135 = PRESENTATION_STYLE_ASSIGNMENT((#18136));
#18136 = SURFACE_STYLE_USAGE(.BOTH.,#18137);
#18137 = SURFACE_SIDE_STYLE('',(#18138));
#18138 = SURFACE_STYLE_FILL_AREA(#18139);
#18139 = FILL_AREA_STYLE('',(#18140));
#18140 = FILL_AREA_STYLE_COLOUR('',#17874);
#18141 = STYLED_ITEM('color',(#18142),#14324);
#18142 = PRESENTATION_STYLE_ASSIGNMENT((#18143));
#18143 = SURFACE_STYLE_USAGE(.BOTH.,#18144);
#18144 = SURFACE_SIDE_STYLE('',(#18145));
#18145 = SURFACE_STYLE_FILL_AREA(#18146);
#18146 = FILL_AREA_STYLE('',(#18147));
#18147 = FILL_AREA_STYLE_COLOUR('',#17874);
#18148 = STYLED_ITEM('color',(#18149),#14341);
#18149 = PRESENTATION_STYLE_ASSIGNMENT((#18150));
#18150 = SURFACE_STYLE_USAGE(.BOTH.,#18151);
#18151 = SURFACE_SIDE_STYLE('',(#18152));
#18152 = SURFACE_STYLE_FILL_AREA(#18153);
#18153 = FILL_AREA_STYLE('',(#18154));
#18154 = FILL_AREA_STYLE_COLOUR('',#17874);
#18155 = STYLED_ITEM('color',(#18156),#14372);
#18156 = PRESENTATION_STYLE_ASSIGNMENT((#18157));
#18157 = SURFACE_STYLE_USAGE(.BOTH.,#18158);
#18158 = SURFACE_SIDE_STYLE('',(#18159));
#18159 = SURFACE_STYLE_FILL_AREA(#18160);
#18160 = FILL_AREA_STYLE('',(#18161));
#18161 = FILL_AREA_STYLE_COLOUR('',#17874);
#18162 = STYLED_ITEM('color',(#18163),#14396);
#18163 = PRESENTATION_STYLE_ASSIGNMENT((#18164));
#18164 = SURFACE_STYLE_USAGE(.BOTH.,#18165);
#18165 = SURFACE_SIDE_STYLE('',(#18166));
#18166 = SURFACE_STYLE_FILL_AREA(#18167);
#18167 = FILL_AREA_STYLE('',(#18168));
#18168 = FILL_AREA_STYLE_COLOUR('',#17874);
#18169 = STYLED_ITEM('color',(#18170),#14420);
#18170 = PRESENTATION_STYLE_ASSIGNMENT((#18171));
#18171 = SURFACE_STYLE_USAGE(.BOTH.,#18172);
#18172 = SURFACE_SIDE_STYLE('',(#18173));
#18173 = SURFACE_STYLE_FILL_AREA(#18174);
#18174 = FILL_AREA_STYLE('',(#18175));
#18175 = FILL_AREA_STYLE_COLOUR('',#17874);
#18176 = STYLED_ITEM('color',(#18177),#14437);
#18177 = PRESENTATION_STYLE_ASSIGNMENT((#18178));
#18178 = SURFACE_STYLE_USAGE(.BOTH.,#18179);
#18179 = SURFACE_SIDE_STYLE('',(#18180));
#18180 = SURFACE_STYLE_FILL_AREA(#18181);
#18181 = FILL_AREA_STYLE('',(#18182));
#18182 = FILL_AREA_STYLE_COLOUR('',#17874);
#18183 = STYLED_ITEM('color',(#18184),#14468);
#18184 = PRESENTATION_STYLE_ASSIGNMENT((#18185));
#18185 = SURFACE_STYLE_USAGE(.BOTH.,#18186);
#18186 = SURFACE_SIDE_STYLE('',(#18187));
#18187 = SURFACE_STYLE_FILL_AREA(#18188);
#18188 = FILL_AREA_STYLE('',(#18189));
#18189 = FILL_AREA_STYLE_COLOUR('',#17874);
#18190 = STYLED_ITEM('color',(#18191),#14492);
#18191 = PRESENTATION_STYLE_ASSIGNMENT((#18192));
#18192 = SURFACE_STYLE_USAGE(.BOTH.,#18193);
#18193 = SURFACE_SIDE_STYLE('',(#18194));
#18194 = SURFACE_STYLE_FILL_AREA(#18195);
#18195 = FILL_AREA_STYLE('',(#18196));
#18196 = FILL_AREA_STYLE_COLOUR('',#17874);
#18197 = STYLED_ITEM('color',(#18198),#14516);
#18198 = PRESENTATION_STYLE_ASSIGNMENT((#18199));
#18199 = SURFACE_STYLE_USAGE(.BOTH.,#18200);
#18200 = SURFACE_SIDE_STYLE('',(#18201));
#18201 = SURFACE_STYLE_FILL_AREA(#18202);
#18202 = FILL_AREA_STYLE('',(#18203));
#18203 = FILL_AREA_STYLE_COLOUR('',#17874);
#18204 = STYLED_ITEM('color',(#18205),#14533);
#18205 = PRESENTATION_STYLE_ASSIGNMENT((#18206));
#18206 = SURFACE_STYLE_USAGE(.BOTH.,#18207);
#18207 = SURFACE_SIDE_STYLE('',(#18208));
#18208 = SURFACE_STYLE_FILL_AREA(#18209);
#18209 = FILL_AREA_STYLE('',(#18210));
#18210 = FILL_AREA_STYLE_COLOUR('',#17874);
#18211 = STYLED_ITEM('color',(#18212),#14564);
#18212 = PRESENTATION_STYLE_ASSIGNMENT((#18213));
#18213 = SURFACE_STYLE_USAGE(.BOTH.,#18214);
#18214 = SURFACE_SIDE_STYLE('',(#18215));
#18215 = SURFACE_STYLE_FILL_AREA(#18216);
#18216 = FILL_AREA_STYLE('',(#18217));
#18217 = FILL_AREA_STYLE_COLOUR('',#17874);
#18218 = STYLED_ITEM('color',(#18219),#14588);
#18219 = PRESENTATION_STYLE_ASSIGNMENT((#18220));
#18220 = SURFACE_STYLE_USAGE(.BOTH.,#18221);
#18221 = SURFACE_SIDE_STYLE('',(#18222));
#18222 = SURFACE_STYLE_FILL_AREA(#18223);
#18223 = FILL_AREA_STYLE('',(#18224));
#18224 = FILL_AREA_STYLE_COLOUR('',#17874);
#18225 = STYLED_ITEM('color',(#18226),#14612);
#18226 = PRESENTATION_STYLE_ASSIGNMENT((#18227));
#18227 = SURFACE_STYLE_USAGE(.BOTH.,#18228);
#18228 = SURFACE_SIDE_STYLE('',(#18229));
#18229 = SURFACE_STYLE_FILL_AREA(#18230);
#18230 = FILL_AREA_STYLE('',(#18231));
#18231 = FILL_AREA_STYLE_COLOUR('',#17874);
#18232 = STYLED_ITEM('color',(#18233),#14629);
#18233 = PRESENTATION_STYLE_ASSIGNMENT((#18234));
#18234 = SURFACE_STYLE_USAGE(.BOTH.,#18235);
#18235 = SURFACE_SIDE_STYLE('',(#18236));
#18236 = SURFACE_STYLE_FILL_AREA(#18237);
#18237 = FILL_AREA_STYLE('',(#18238));
#18238 = FILL_AREA_STYLE_COLOUR('',#17874);
#18239 = STYLED_ITEM('color',(#18240),#14660);
#18240 = PRESENTATION_STYLE_ASSIGNMENT((#18241));
#18241 = SURFACE_STYLE_USAGE(.BOTH.,#18242);
#18242 = SURFACE_SIDE_STYLE('',(#18243));
#18243 = SURFACE_STYLE_FILL_AREA(#18244);
#18244 = FILL_AREA_STYLE('',(#18245));
#18245 = FILL_AREA_STYLE_COLOUR('',#17874);
#18246 = STYLED_ITEM('color',(#18247),#14684);
#18247 = PRESENTATION_STYLE_ASSIGNMENT((#18248));
#18248 = SURFACE_STYLE_USAGE(.BOTH.,#18249);
#18249 = SURFACE_SIDE_STYLE('',(#18250));
#18250 = SURFACE_STYLE_FILL_AREA(#18251);
#18251 = FILL_AREA_STYLE('',(#18252));
#18252 = FILL_AREA_STYLE_COLOUR('',#17874);
#18253 = STYLED_ITEM('color',(#18254),#14708);
#18254 = PRESENTATION_STYLE_ASSIGNMENT((#18255));
#18255 = SURFACE_STYLE_USAGE(.BOTH.,#18256);
#18256 = SURFACE_SIDE_STYLE('',(#18257));
#18257 = SURFACE_STYLE_FILL_AREA(#18258);
#18258 = FILL_AREA_STYLE('',(#18259));
#18259 = FILL_AREA_STYLE_COLOUR('',#17874);
#18260 = STYLED_ITEM('color',(#18261),#14725);
#18261 = PRESENTATION_STYLE_ASSIGNMENT((#18262));
#18262 = SURFACE_STYLE_USAGE(.BOTH.,#18263);
#18263 = SURFACE_SIDE_STYLE('',(#18264));
#18264 = SURFACE_STYLE_FILL_AREA(#18265);
#18265 = FILL_AREA_STYLE('',(#18266));
#18266 = FILL_AREA_STYLE_COLOUR('',#17874);
#18267 = STYLED_ITEM('color',(#18268),#14756);
#18268 = PRESENTATION_STYLE_ASSIGNMENT((#18269));
#18269 = SURFACE_STYLE_USAGE(.BOTH.,#18270);
#18270 = SURFACE_SIDE_STYLE('',(#18271));
#18271 = SURFACE_STYLE_FILL_AREA(#18272);
#18272 = FILL_AREA_STYLE('',(#18273));
#18273 = FILL_AREA_STYLE_COLOUR('',#17874);
#18274 = STYLED_ITEM('color',(#18275),#14780);
#18275 = PRESENTATION_STYLE_ASSIGNMENT((#18276));
#18276 = SURFACE_STYLE_USAGE(.BOTH.,#18277);
#18277 = SURFACE_SIDE_STYLE('',(#18278));
#18278 = SURFACE_STYLE_FILL_AREA(#18279);
#18279 = FILL_AREA_STYLE('',(#18280));
#18280 = FILL_AREA_STYLE_COLOUR('',#17874);
#18281 = STYLED_ITEM('color',(#18282),#14804);
#18282 = PRESENTATION_STYLE_ASSIGNMENT((#18283));
#18283 = SURFACE_STYLE_USAGE(.BOTH.,#18284);
#18284 = SURFACE_SIDE_STYLE('',(#18285));
#18285 = SURFACE_STYLE_FILL_AREA(#18286);
#18286 = FILL_AREA_STYLE('',(#18287));
#18287 = FILL_AREA_STYLE_COLOUR('',#17874);
#18288 = STYLED_ITEM('color',(#18289),#14821);
#18289 = PRESENTATION_STYLE_ASSIGNMENT((#18290));
#18290 = SURFACE_STYLE_USAGE(.BOTH.,#18291);
#18291 = SURFACE_SIDE_STYLE('',(#18292));
#18292 = SURFACE_STYLE_FILL_AREA(#18293);
#18293 = FILL_AREA_STYLE('',(#18294));
#18294 = FILL_AREA_STYLE_COLOUR('',#17874);
#18295 = STYLED_ITEM('color',(#18296),#14852);
#18296 = PRESENTATION_STYLE_ASSIGNMENT((#18297));
#18297 = SURFACE_STYLE_USAGE(.BOTH.,#18298);
#18298 = SURFACE_SIDE_STYLE('',(#18299));
#18299 = SURFACE_STYLE_FILL_AREA(#18300);
#18300 = FILL_AREA_STYLE('',(#18301));
#18301 = FILL_AREA_STYLE_COLOUR('',#17874);
#18302 = STYLED_ITEM('color',(#18303),#14876);
#18303 = PRESENTATION_STYLE_ASSIGNMENT((#18304));
#18304 = SURFACE_STYLE_USAGE(.BOTH.,#18305);
#18305 = SURFACE_SIDE_STYLE('',(#18306));
#18306 = SURFACE_STYLE_FILL_AREA(#18307);
#18307 = FILL_AREA_STYLE('',(#18308));
#18308 = FILL_AREA_STYLE_COLOUR('',#17874);
#18309 = STYLED_ITEM('color',(#18310),#14900);
#18310 = PRESENTATION_STYLE_ASSIGNMENT((#18311));
#18311 = SURFACE_STYLE_USAGE(.BOTH.,#18312);
#18312 = SURFACE_SIDE_STYLE('',(#18313));
#18313 = SURFACE_STYLE_FILL_AREA(#18314);
#18314 = FILL_AREA_STYLE('',(#18315));
#18315 = FILL_AREA_STYLE_COLOUR('',#17874);
#18316 = STYLED_ITEM('color',(#18317),#14917);
#18317 = PRESENTATION_STYLE_ASSIGNMENT((#18318));
#18318 = SURFACE_STYLE_USAGE(.BOTH.,#18319);
#18319 = SURFACE_SIDE_STYLE('',(#18320));
#18320 = SURFACE_STYLE_FILL_AREA(#18321);
#18321 = FILL_AREA_STYLE('',(#18322));
#18322 = FILL_AREA_STYLE_COLOUR('',#17874);
#18323 = STYLED_ITEM('color',(#18324),#14929);
#18324 = PRESENTATION_STYLE_ASSIGNMENT((#18325));
#18325 = SURFACE_STYLE_USAGE(.BOTH.,#18326);
#18326 = SURFACE_SIDE_STYLE('',(#18327));
#18327 = SURFACE_STYLE_FILL_AREA(#18328);
#18328 = FILL_AREA_STYLE('',(#18329));
#18329 = FILL_AREA_STYLE_COLOUR('',#17874);
#18330 = STYLED_ITEM('color',(#18331),#14941);
#18331 = PRESENTATION_STYLE_ASSIGNMENT((#18332));
#18332 = SURFACE_STYLE_USAGE(.BOTH.,#18333);
#18333 = SURFACE_SIDE_STYLE('',(#18334));
#18334 = SURFACE_STYLE_FILL_AREA(#18335);
#18335 = FILL_AREA_STYLE('',(#18336));
#18336 = FILL_AREA_STYLE_COLOUR('',#17874);
#18337 = STYLED_ITEM('color',(#18338),#14953);
#18338 = PRESENTATION_STYLE_ASSIGNMENT((#18339));
#18339 = SURFACE_STYLE_USAGE(.BOTH.,#18340);
#18340 = SURFACE_SIDE_STYLE('',(#18341));
#18341 = SURFACE_STYLE_FILL_AREA(#18342);
#18342 = FILL_AREA_STYLE('',(#18343));
#18343 = FILL_AREA_STYLE_COLOUR('',#17874);
#18344 = STYLED_ITEM('color',(#18345),#14965);
#18345 = PRESENTATION_STYLE_ASSIGNMENT((#18346));
#18346 = SURFACE_STYLE_USAGE(.BOTH.,#18347);
#18347 = SURFACE_SIDE_STYLE('',(#18348));
#18348 = SURFACE_STYLE_FILL_AREA(#18349);
#18349 = FILL_AREA_STYLE('',(#18350));
#18350 = FILL_AREA_STYLE_COLOUR('',#17874);
#18351 = STYLED_ITEM('color',(#18352),#14977);
#18352 = PRESENTATION_STYLE_ASSIGNMENT((#18353));
#18353 = SURFACE_STYLE_USAGE(.BOTH.,#18354);
#18354 = SURFACE_SIDE_STYLE('',(#18355));
#18355 = SURFACE_STYLE_FILL_AREA(#18356);
#18356 = FILL_AREA_STYLE('',(#18357));
#18357 = FILL_AREA_STYLE_COLOUR('',#17874);
#18358 = STYLED_ITEM('color',(#18359),#14989);
#18359 = PRESENTATION_STYLE_ASSIGNMENT((#18360));
#18360 = SURFACE_STYLE_USAGE(.BOTH.,#18361);
#18361 = SURFACE_SIDE_STYLE('',(#18362));
#18362 = SURFACE_STYLE_FILL_AREA(#18363);
#18363 = FILL_AREA_STYLE('',(#18364));
#18364 = FILL_AREA_STYLE_COLOUR('',#17874);
#18365 = STYLED_ITEM('color',(#18366),#15001);
#18366 = PRESENTATION_STYLE_ASSIGNMENT((#18367));
#18367 = SURFACE_STYLE_USAGE(.BOTH.,#18368);
#18368 = SURFACE_SIDE_STYLE('',(#18369));
#18369 = SURFACE_STYLE_FILL_AREA(#18370);
#18370 = FILL_AREA_STYLE('',(#18371));
#18371 = FILL_AREA_STYLE_COLOUR('',#17874);
#18372 = MECHANICAL_DESIGN_GEOMETRIC_PRESENTATION_REPRESENTATION('',(
    #18373,#18380,#18387,#18394,#18401,#18408,#18415,#18422,#18429,
    #18436,#18443,#18450,#18457,#18464,#18471,#18478,#18485,#18492,
    #18499,#18506,#18513,#18520,#18527,#18534,#18541,#18548,#18555,
    #18562),#6864);
#18373 = STYLED_ITEM('color',(#18374),#6012);
#18374 = PRESENTATION_STYLE_ASSIGNMENT((#18375));
#18375 = SURFACE_STYLE_USAGE(.BOTH.,#18376);
#18376 = SURFACE_SIDE_STYLE('',(#18377));
#18377 = SURFACE_STYLE_FILL_AREA(#18378);
#18378 = FILL_AREA_STYLE('',(#18379));
#18379 = FILL_AREA_STYLE_COLOUR('',#17478);
#18380 = STYLED_ITEM('color',(#18381),#6088);
#18381 = PRESENTATION_STYLE_ASSIGNMENT((#18382));
#18382 = SURFACE_STYLE_USAGE(.BOTH.,#18383);
#18383 = SURFACE_SIDE_STYLE('',(#18384));
#18384 = SURFACE_STYLE_FILL_AREA(#18385);
#18385 = FILL_AREA_STYLE('',(#18386));
#18386 = FILL_AREA_STYLE_COLOUR('',#17478);
#18387 = STYLED_ITEM('color',(#18388),#6119);
#18388 = PRESENTATION_STYLE_ASSIGNMENT((#18389));
#18389 = SURFACE_STYLE_USAGE(.BOTH.,#18390);
#18390 = SURFACE_SIDE_STYLE('',(#18391));
#18391 = SURFACE_STYLE_FILL_AREA(#18392);
#18392 = FILL_AREA_STYLE('',(#18393));
#18393 = FILL_AREA_STYLE_COLOUR('',#17478);
#18394 = STYLED_ITEM('color',(#18395),#6144);
#18395 = PRESENTATION_STYLE_ASSIGNMENT((#18396));
#18396 = SURFACE_STYLE_USAGE(.BOTH.,#18397);
#18397 = SURFACE_SIDE_STYLE('',(#18398));
#18398 = SURFACE_STYLE_FILL_AREA(#18399);
#18399 = FILL_AREA_STYLE('',(#18400));
#18400 = FILL_AREA_STYLE_COLOUR('',#17478);
#18401 = STYLED_ITEM('color',(#18402),#6169);
#18402 = PRESENTATION_STYLE_ASSIGNMENT((#18403));
#18403 = SURFACE_STYLE_USAGE(.BOTH.,#18404);
#18404 = SURFACE_SIDE_STYLE('',(#18405));
#18405 = SURFACE_STYLE_FILL_AREA(#18406);
#18406 = FILL_AREA_STYLE('',(#18407));
#18407 = FILL_AREA_STYLE_COLOUR('',#17478);
#18408 = STYLED_ITEM('color',(#18409),#6193);
#18409 = PRESENTATION_STYLE_ASSIGNMENT((#18410));
#18410 = SURFACE_STYLE_USAGE(.BOTH.,#18411);
#18411 = SURFACE_SIDE_STYLE('',(#18412));
#18412 = SURFACE_STYLE_FILL_AREA(#18413);
#18413 = FILL_AREA_STYLE('',(#18414));
#18414 = FILL_AREA_STYLE_COLOUR('',#17478);
#18415 = STYLED_ITEM('color',(#18416),#6217);
#18416 = PRESENTATION_STYLE_ASSIGNMENT((#18417));
#18417 = SURFACE_STYLE_USAGE(.BOTH.,#18418);
#18418 = SURFACE_SIDE_STYLE('',(#18419));
#18419 = SURFACE_STYLE_FILL_AREA(#18420);
#18420 = FILL_AREA_STYLE('',(#18421));
#18421 = FILL_AREA_STYLE_COLOUR('',#17478);
#18422 = STYLED_ITEM('color',(#18423),#6242);
#18423 = PRESENTATION_STYLE_ASSIGNMENT((#18424));
#18424 = SURFACE_STYLE_USAGE(.BOTH.,#18425);
#18425 = SURFACE_SIDE_STYLE('',(#18426));
#18426 = SURFACE_STYLE_FILL_AREA(#18427);
#18427 = FILL_AREA_STYLE('',(#18428));
#18428 = FILL_AREA_STYLE_COLOUR('',#17478);
#18429 = STYLED_ITEM('color',(#18430),#6267);
#18430 = PRESENTATION_STYLE_ASSIGNMENT((#18431));
#18431 = SURFACE_STYLE_USAGE(.BOTH.,#18432);
#18432 = SURFACE_SIDE_STYLE('',(#18433));
#18433 = SURFACE_STYLE_FILL_AREA(#18434);
#18434 = FILL_AREA_STYLE('',(#18435));
#18435 = FILL_AREA_STYLE_COLOUR('',#17478);
#18436 = STYLED_ITEM('color',(#18437),#6284);
#18437 = PRESENTATION_STYLE_ASSIGNMENT((#18438));
#18438 = SURFACE_STYLE_USAGE(.BOTH.,#18439);
#18439 = SURFACE_SIDE_STYLE('',(#18440));
#18440 = SURFACE_STYLE_FILL_AREA(#18441);
#18441 = FILL_AREA_STYLE('',(#18442));
#18442 = FILL_AREA_STYLE_COLOUR('',#17478);
#18443 = STYLED_ITEM('color',(#18444),#6370);
#18444 = PRESENTATION_STYLE_ASSIGNMENT((#18445));
#18445 = SURFACE_STYLE_USAGE(.BOTH.,#18446);
#18446 = SURFACE_SIDE_STYLE('',(#18447));
#18447 = SURFACE_STYLE_FILL_AREA(#18448);
#18448 = FILL_AREA_STYLE('',(#18449));
#18449 = FILL_AREA_STYLE_COLOUR('',#17549);
#18450 = STYLED_ITEM('color',(#18451),#6402);
#18451 = PRESENTATION_STYLE_ASSIGNMENT((#18452));
#18452 = SURFACE_STYLE_USAGE(.BOTH.,#18453);
#18453 = SURFACE_SIDE_STYLE('',(#18454));
#18454 = SURFACE_STYLE_FILL_AREA(#18455);
#18455 = FILL_AREA_STYLE('',(#18456));
#18456 = FILL_AREA_STYLE_COLOUR('',#17549);
#18457 = STYLED_ITEM('color',(#18458),#6426);
#18458 = PRESENTATION_STYLE_ASSIGNMENT((#18459));
#18459 = SURFACE_STYLE_USAGE(.BOTH.,#18460);
#18460 = SURFACE_SIDE_STYLE('',(#18461));
#18461 = SURFACE_STYLE_FILL_AREA(#18462);
#18462 = FILL_AREA_STYLE('',(#18463));
#18463 = FILL_AREA_STYLE_COLOUR('',#17549);
#18464 = STYLED_ITEM('color',(#18465),#6451);
#18465 = PRESENTATION_STYLE_ASSIGNMENT((#18466));
#18466 = SURFACE_STYLE_USAGE(.BOTH.,#18467);
#18467 = SURFACE_SIDE_STYLE('',(#18468));
#18468 = SURFACE_STYLE_FILL_AREA(#18469);
#18469 = FILL_AREA_STYLE('',(#18470));
#18470 = FILL_AREA_STYLE_COLOUR('',#17549);
#18471 = STYLED_ITEM('color',(#18472),#6475);
#18472 = PRESENTATION_STYLE_ASSIGNMENT((#18473));
#18473 = SURFACE_STYLE_USAGE(.BOTH.,#18474);
#18474 = SURFACE_SIDE_STYLE('',(#18475));
#18475 = SURFACE_STYLE_FILL_AREA(#18476);
#18476 = FILL_AREA_STYLE('',(#18477));
#18477 = FILL_AREA_STYLE_COLOUR('',#17549);
#18478 = STYLED_ITEM('color',(#18479),#6500);
#18479 = PRESENTATION_STYLE_ASSIGNMENT((#18480));
#18480 = SURFACE_STYLE_USAGE(.BOTH.,#18481);
#18481 = SURFACE_SIDE_STYLE('',(#18482));
#18482 = SURFACE_STYLE_FILL_AREA(#18483);
#18483 = FILL_AREA_STYLE('',(#18484));
#18484 = FILL_AREA_STYLE_COLOUR('',#17549);
#18485 = STYLED_ITEM('color',(#18486),#6524);
#18486 = PRESENTATION_STYLE_ASSIGNMENT((#18487));
#18487 = SURFACE_STYLE_USAGE(.BOTH.,#18488);
#18488 = SURFACE_SIDE_STYLE('',(#18489));
#18489 = SURFACE_STYLE_FILL_AREA(#18490);
#18490 = FILL_AREA_STYLE('',(#18491));
#18491 = FILL_AREA_STYLE_COLOUR('',#17549);
#18492 = STYLED_ITEM('color',(#18493),#6549);
#18493 = PRESENTATION_STYLE_ASSIGNMENT((#18494));
#18494 = SURFACE_STYLE_USAGE(.BOTH.,#18495);
#18495 = SURFACE_SIDE_STYLE('',(#18496));
#18496 = SURFACE_STYLE_FILL_AREA(#18497);
#18497 = FILL_AREA_STYLE('',(#18498));
#18498 = FILL_AREA_STYLE_COLOUR('',#17549);
#18499 = STYLED_ITEM('color',(#18500),#6566);
#18500 = PRESENTATION_STYLE_ASSIGNMENT((#18501));
#18501 = SURFACE_STYLE_USAGE(.BOTH.,#18502);
#18502 = SURFACE_SIDE_STYLE('',(#18503));
#18503 = SURFACE_STYLE_FILL_AREA(#18504);
#18504 = FILL_AREA_STYLE('',(#18505));
#18505 = FILL_AREA_STYLE_COLOUR('',#17478);
#18506 = STYLED_ITEM('color',(#18507),#6652);
#18507 = PRESENTATION_STYLE_ASSIGNMENT((#18508));
#18508 = SURFACE_STYLE_USAGE(.BOTH.,#18509);
#18509 = SURFACE_SIDE_STYLE('',(#18510));
#18510 = SURFACE_STYLE_FILL_AREA(#18511);
#18511 = FILL_AREA_STYLE('',(#18512));
#18512 = FILL_AREA_STYLE_COLOUR('',#17478);
#18513 = STYLED_ITEM('color',(#18514),#6683);
#18514 = PRESENTATION_STYLE_ASSIGNMENT((#18515));
#18515 = SURFACE_STYLE_USAGE(.BOTH.,#18516);
#18516 = SURFACE_SIDE_STYLE('',(#18517));
#18517 = SURFACE_STYLE_FILL_AREA(#18518);
#18518 = FILL_AREA_STYLE('',(#18519));
#18519 = FILL_AREA_STYLE_COLOUR('',#17478);
#18520 = STYLED_ITEM('color',(#18521),#6708);
#18521 = PRESENTATION_STYLE_ASSIGNMENT((#18522));
#18522 = SURFACE_STYLE_USAGE(.BOTH.,#18523);
#18523 = SURFACE_SIDE_STYLE('',(#18524));
#18524 = SURFACE_STYLE_FILL_AREA(#18525);
#18525 = FILL_AREA_STYLE('',(#18526));
#18526 = FILL_AREA_STYLE_COLOUR('',#17478);
#18527 = STYLED_ITEM('color',(#18528),#6733);
#18528 = PRESENTATION_STYLE_ASSIGNMENT((#18529));
#18529 = SURFACE_STYLE_USAGE(.BOTH.,#18530);
#18530 = SURFACE_SIDE_STYLE('',(#18531));
#18531 = SURFACE_STYLE_FILL_AREA(#18532);
#18532 = FILL_AREA_STYLE('',(#18533));
#18533 = FILL_AREA_STYLE_COLOUR('',#17478);
#18534 = STYLED_ITEM('color',(#18535),#6757);
#18535 = PRESENTATION_STYLE_ASSIGNMENT((#18536));
#18536 = SURFACE_STYLE_USAGE(.BOTH.,#18537);
#18537 = SURFACE_SIDE_STYLE('',(#18538));
#18538 = SURFACE_STYLE_FILL_AREA(#18539);
#18539 = FILL_AREA_STYLE('',(#18540));
#18540 = FILL_AREA_STYLE_COLOUR('',#17478);
#18541 = STYLED_ITEM('color',(#18542),#6781);
#18542 = PRESENTATION_STYLE_ASSIGNMENT((#18543));
#18543 = SURFACE_STYLE_USAGE(.BOTH.,#18544);
#18544 = SURFACE_SIDE_STYLE('',(#18545));
#18545 = SURFACE_STYLE_FILL_AREA(#18546);
#18546 = FILL_AREA_STYLE('',(#18547));
#18547 = FILL_AREA_STYLE_COLOUR('',#17478);
#18548 = STYLED_ITEM('color',(#18549),#6806);
#18549 = PRESENTATION_STYLE_ASSIGNMENT((#18550));
#18550 = SURFACE_STYLE_USAGE(.BOTH.,#18551);
#18551 = SURFACE_SIDE_STYLE('',(#18552));
#18552 = SURFACE_STYLE_FILL_AREA(#18553);
#18553 = FILL_AREA_STYLE('',(#18554));
#18554 = FILL_AREA_STYLE_COLOUR('',#17478);
#18555 = STYLED_ITEM('color',(#18556),#6831);
#18556 = PRESENTATION_STYLE_ASSIGNMENT((#18557));
#18557 = SURFACE_STYLE_USAGE(.BOTH.,#18558);
#18558 = SURFACE_SIDE_STYLE('',(#18559));
#18559 = SURFACE_STYLE_FILL_AREA(#18560);
#18560 = FILL_AREA_STYLE('',(#18561));
#18561 = FILL_AREA_STYLE_COLOUR('',#17478);
#18562 = STYLED_ITEM('color',(#18563),#6848);
#18563 = PRESENTATION_STYLE_ASSIGNMENT((#18564));
#18564 = SURFACE_STYLE_USAGE(.BOTH.,#18565);
#18565 = SURFACE_SIDE_STYLE('',(#18566));
#18566 = SURFACE_STYLE_FILL_AREA(#18567);
#18567 = FILL_AREA_STYLE('',(#18568));
#18568 = FILL_AREA_STYLE_COLOUR('',#17478);
#18569 = MECHANICAL_DESIGN_GEOMETRIC_PRESENTATION_REPRESENTATION('',(
    #18570,#18577,#18584,#18591,#18598,#18605,#18612,#18619,#18627,
    #18634,#18641,#18648,#18655,#18662,#18670,#18677,#18684,#18691,
    #18698,#18705,#18712,#18719,#18726,#18733,#18740,#18747),#5214);
#18570 = STYLED_ITEM('color',(#18571),#4426);
#18571 = PRESENTATION_STYLE_ASSIGNMENT((#18572));
#18572 = SURFACE_STYLE_USAGE(.BOTH.,#18573);
#18573 = SURFACE_SIDE_STYLE('',(#18574));
#18574 = SURFACE_STYLE_FILL_AREA(#18575);
#18575 = FILL_AREA_STYLE('',(#18576));
#18576 = FILL_AREA_STYLE_COLOUR('',#17478);
#18577 = STYLED_ITEM('color',(#18578),#4466);
#18578 = PRESENTATION_STYLE_ASSIGNMENT((#18579));
#18579 = SURFACE_STYLE_USAGE(.BOTH.,#18580);
#18580 = SURFACE_SIDE_STYLE('',(#18581));
#18581 = SURFACE_STYLE_FILL_AREA(#18582);
#18582 = FILL_AREA_STYLE('',(#18583));
#18583 = FILL_AREA_STYLE_COLOUR('',#17478);
#18584 = STYLED_ITEM('color',(#18585),#4549);
#18585 = PRESENTATION_STYLE_ASSIGNMENT((#18586));
#18586 = SURFACE_STYLE_USAGE(.BOTH.,#18587);
#18587 = SURFACE_SIDE_STYLE('',(#18588));
#18588 = SURFACE_STYLE_FILL_AREA(#18589);
#18589 = FILL_AREA_STYLE('',(#18590));
#18590 = FILL_AREA_STYLE_COLOUR('',#17478);
#18591 = STYLED_ITEM('color',(#18592),#4574);
#18592 = PRESENTATION_STYLE_ASSIGNMENT((#18593));
#18593 = SURFACE_STYLE_USAGE(.BOTH.,#18594);
#18594 = SURFACE_SIDE_STYLE('',(#18595));
#18595 = SURFACE_STYLE_FILL_AREA(#18596);
#18596 = FILL_AREA_STYLE('',(#18597));
#18597 = FILL_AREA_STYLE_COLOUR('',#17478);
#18598 = STYLED_ITEM('color',(#18599),#4599);
#18599 = PRESENTATION_STYLE_ASSIGNMENT((#18600));
#18600 = SURFACE_STYLE_USAGE(.BOTH.,#18601);
#18601 = SURFACE_SIDE_STYLE('',(#18602));
#18602 = SURFACE_STYLE_FILL_AREA(#18603);
#18603 = FILL_AREA_STYLE('',(#18604));
#18604 = FILL_AREA_STYLE_COLOUR('',#17478);
#18605 = STYLED_ITEM('color',(#18606),#4666);
#18606 = PRESENTATION_STYLE_ASSIGNMENT((#18607));
#18607 = SURFACE_STYLE_USAGE(.BOTH.,#18608);
#18608 = SURFACE_SIDE_STYLE('',(#18609));
#18609 = SURFACE_STYLE_FILL_AREA(#18610);
#18610 = FILL_AREA_STYLE('',(#18611));
#18611 = FILL_AREA_STYLE_COLOUR('',#17478);
#18612 = STYLED_ITEM('color',(#18613),#4683);
#18613 = PRESENTATION_STYLE_ASSIGNMENT((#18614));
#18614 = SURFACE_STYLE_USAGE(.BOTH.,#18615);
#18615 = SURFACE_SIDE_STYLE('',(#18616));
#18616 = SURFACE_STYLE_FILL_AREA(#18617);
#18617 = FILL_AREA_STYLE('',(#18618));
#18618 = FILL_AREA_STYLE_COLOUR('',#17478);
#18619 = STYLED_ITEM('color',(#18620),#4700);
#18620 = PRESENTATION_STYLE_ASSIGNMENT((#18621));
#18621 = SURFACE_STYLE_USAGE(.BOTH.,#18622);
#18622 = SURFACE_SIDE_STYLE('',(#18623));
#18623 = SURFACE_STYLE_FILL_AREA(#18624);
#18624 = FILL_AREA_STYLE('',(#18625));
#18625 = FILL_AREA_STYLE_COLOUR('',#18626);
#18626 = COLOUR_RGB('',0.894999966383,0.890999961016,0.813000030345);
#18627 = STYLED_ITEM('color',(#18628),#4749);
#18628 = PRESENTATION_STYLE_ASSIGNMENT((#18629));
#18629 = SURFACE_STYLE_USAGE(.BOTH.,#18630);
#18630 = SURFACE_SIDE_STYLE('',(#18631));
#18631 = SURFACE_STYLE_FILL_AREA(#18632);
#18632 = FILL_AREA_STYLE('',(#18633));
#18633 = FILL_AREA_STYLE_COLOUR('',#17478);
#18634 = STYLED_ITEM('color',(#18635),#4766);
#18635 = PRESENTATION_STYLE_ASSIGNMENT((#18636));
#18636 = SURFACE_STYLE_USAGE(.BOTH.,#18637);
#18637 = SURFACE_SIDE_STYLE('',(#18638));
#18638 = SURFACE_STYLE_FILL_AREA(#18639);
#18639 = FILL_AREA_STYLE('',(#18640));
#18640 = FILL_AREA_STYLE_COLOUR('',#17478);
#18641 = STYLED_ITEM('color',(#18642),#4783);
#18642 = PRESENTATION_STYLE_ASSIGNMENT((#18643));
#18643 = SURFACE_STYLE_USAGE(.BOTH.,#18644);
#18644 = SURFACE_SIDE_STYLE('',(#18645));
#18645 = SURFACE_STYLE_FILL_AREA(#18646);
#18646 = FILL_AREA_STYLE('',(#18647));
#18647 = FILL_AREA_STYLE_COLOUR('',#18626);
#18648 = STYLED_ITEM('color',(#18649),#4832);
#18649 = PRESENTATION_STYLE_ASSIGNMENT((#18650));
#18650 = SURFACE_STYLE_USAGE(.BOTH.,#18651);
#18651 = SURFACE_SIDE_STYLE('',(#18652));
#18652 = SURFACE_STYLE_FILL_AREA(#18653);
#18653 = FILL_AREA_STYLE('',(#18654));
#18654 = FILL_AREA_STYLE_COLOUR('',#18626);
#18655 = STYLED_ITEM('color',(#18656),#4849);
#18656 = PRESENTATION_STYLE_ASSIGNMENT((#18657));
#18657 = SURFACE_STYLE_USAGE(.BOTH.,#18658);
#18658 = SURFACE_SIDE_STYLE('',(#18659));
#18659 = SURFACE_STYLE_FILL_AREA(#18660);
#18660 = FILL_AREA_STYLE('',(#18661));
#18661 = FILL_AREA_STYLE_COLOUR('',#17478);
#18662 = STYLED_ITEM('color',(#18663),#4918);
#18663 = PRESENTATION_STYLE_ASSIGNMENT((#18664));
#18664 = SURFACE_STYLE_USAGE(.BOTH.,#18665);
#18665 = SURFACE_SIDE_STYLE('',(#18666));
#18666 = SURFACE_STYLE_FILL_AREA(#18667);
#18667 = FILL_AREA_STYLE('',(#18668));
#18668 = FILL_AREA_STYLE_COLOUR('',#18669);
#18669 = COLOUR_RGB('',8.200000279077E-02,8.600000121357E-02,
  9.399999706163E-02);
#18670 = STYLED_ITEM('color',(#18671),#4949);
#18671 = PRESENTATION_STYLE_ASSIGNMENT((#18672));
#18672 = SURFACE_STYLE_USAGE(.BOTH.,#18673);
#18673 = SURFACE_SIDE_STYLE('',(#18674));
#18674 = SURFACE_STYLE_FILL_AREA(#18675);
#18675 = FILL_AREA_STYLE('',(#18676));
#18676 = FILL_AREA_STYLE_COLOUR('',#18669);
#18677 = STYLED_ITEM('color',(#18678),#4973);
#18678 = PRESENTATION_STYLE_ASSIGNMENT((#18679));
#18679 = SURFACE_STYLE_USAGE(.BOTH.,#18680);
#18680 = SURFACE_SIDE_STYLE('',(#18681));
#18681 = SURFACE_STYLE_FILL_AREA(#18682);
#18682 = FILL_AREA_STYLE('',(#18683));
#18683 = FILL_AREA_STYLE_COLOUR('',#17478);
#18684 = STYLED_ITEM('color',(#18685),#5042);
#18685 = PRESENTATION_STYLE_ASSIGNMENT((#18686));
#18686 = SURFACE_STYLE_USAGE(.BOTH.,#18687);
#18687 = SURFACE_SIDE_STYLE('',(#18688));
#18688 = SURFACE_STYLE_FILL_AREA(#18689);
#18689 = FILL_AREA_STYLE('',(#18690));
#18690 = FILL_AREA_STYLE_COLOUR('',#18669);
#18691 = STYLED_ITEM('color',(#18692),#5066);
#18692 = PRESENTATION_STYLE_ASSIGNMENT((#18693));
#18693 = SURFACE_STYLE_USAGE(.BOTH.,#18694);
#18694 = SURFACE_SIDE_STYLE('',(#18695));
#18695 = SURFACE_STYLE_FILL_AREA(#18696);
#18696 = FILL_AREA_STYLE('',(#18697));
#18697 = FILL_AREA_STYLE_COLOUR('',#17478);
#18698 = STYLED_ITEM('color',(#18699),#5083);
#18699 = PRESENTATION_STYLE_ASSIGNMENT((#18700));
#18700 = SURFACE_STYLE_USAGE(.BOTH.,#18701);
#18701 = SURFACE_SIDE_STYLE('',(#18702));
#18702 = SURFACE_STYLE_FILL_AREA(#18703);
#18703 = FILL_AREA_STYLE('',(#18704));
#18704 = FILL_AREA_STYLE_COLOUR('',#17478);
#18705 = STYLED_ITEM('color',(#18706),#5100);
#18706 = PRESENTATION_STYLE_ASSIGNMENT((#18707));
#18707 = SURFACE_STYLE_USAGE(.BOTH.,#18708);
#18708 = SURFACE_SIDE_STYLE('',(#18709));
#18709 = SURFACE_STYLE_FILL_AREA(#18710);
#18710 = FILL_AREA_STYLE('',(#18711));
#18711 = FILL_AREA_STYLE_COLOUR('',#17478);
#18712 = STYLED_ITEM('color',(#18713),#5117);
#18713 = PRESENTATION_STYLE_ASSIGNMENT((#18714));
#18714 = SURFACE_STYLE_USAGE(.BOTH.,#18715);
#18715 = SURFACE_SIDE_STYLE('',(#18716));
#18716 = SURFACE_STYLE_FILL_AREA(#18717);
#18717 = FILL_AREA_STYLE('',(#18718));
#18718 = FILL_AREA_STYLE_COLOUR('',#17478);
#18719 = STYLED_ITEM('color',(#18720),#5134);
#18720 = PRESENTATION_STYLE_ASSIGNMENT((#18721));
#18721 = SURFACE_STYLE_USAGE(.BOTH.,#18722);
#18722 = SURFACE_SIDE_STYLE('',(#18723));
#18723 = SURFACE_STYLE_FILL_AREA(#18724);
#18724 = FILL_AREA_STYLE('',(#18725));
#18725 = FILL_AREA_STYLE_COLOUR('',#17478);
#18726 = STYLED_ITEM('color',(#18727),#5151);
#18727 = PRESENTATION_STYLE_ASSIGNMENT((#18728));
#18728 = SURFACE_STYLE_USAGE(.BOTH.,#18729);
#18729 = SURFACE_SIDE_STYLE('',(#18730));
#18730 = SURFACE_STYLE_FILL_AREA(#18731);
#18731 = FILL_AREA_STYLE('',(#18732));
#18732 = FILL_AREA_STYLE_COLOUR('',#17478);
#18733 = STYLED_ITEM('color',(#18734),#5168);
#18734 = PRESENTATION_STYLE_ASSIGNMENT((#18735));
#18735 = SURFACE_STYLE_USAGE(.BOTH.,#18736);
#18736 = SURFACE_SIDE_STYLE('',(#18737));
#18737 = SURFACE_STYLE_FILL_AREA(#18738);
#18738 = FILL_AREA_STYLE('',(#18739));
#18739 = FILL_AREA_STYLE_COLOUR('',#17478);
#18740 = STYLED_ITEM('color',(#18741),#5185);
#18741 = PRESENTATION_STYLE_ASSIGNMENT((#18742));
#18742 = SURFACE_STYLE_USAGE(.BOTH.,#18743);
#18743 = SURFACE_SIDE_STYLE('',(#18744));
#18744 = SURFACE_STYLE_FILL_AREA(#18745);
#18745 = FILL_AREA_STYLE('',(#18746));
#18746 = FILL_AREA_STYLE_COLOUR('',#18669);
#18747 = STYLED_ITEM('color',(#18748),#5202);
#18748 = PRESENTATION_STYLE_ASSIGNMENT((#18749));
#18749 = SURFACE_STYLE_USAGE(.BOTH.,#18750);
#18750 = SURFACE_SIDE_STYLE('',(#18751));
#18751 = SURFACE_STYLE_FILL_AREA(#18752);
#18752 = FILL_AREA_STYLE('',(#18753));
#18753 = FILL_AREA_STYLE_COLOUR('',#18669);
#18754 = MECHANICAL_DESIGN_GEOMETRIC_PRESENTATION_REPRESENTATION('',(
    #18755,#18762,#18769,#18776,#18783,#18790,#18797,#18804,#18811,
    #18818,#18825,#18832,#18839,#18846,#18853,#18860,#18867,#18874,
    #18881,#18888,#18895,#18902,#18909,#18916,#18923,#18930),#9943);
#18755 = STYLED_ITEM('color',(#18756),#9155);
#18756 = PRESENTATION_STYLE_ASSIGNMENT((#18757));
#18757 = SURFACE_STYLE_USAGE(.BOTH.,#18758);
#18758 = SURFACE_SIDE_STYLE('',(#18759));
#18759 = SURFACE_STYLE_FILL_AREA(#18760);
#18760 = FILL_AREA_STYLE('',(#18761));
#18761 = FILL_AREA_STYLE_COLOUR('',#17478);
#18762 = STYLED_ITEM('color',(#18763),#9195);
#18763 = PRESENTATION_STYLE_ASSIGNMENT((#18764));
#18764 = SURFACE_STYLE_USAGE(.BOTH.,#18765);
#18765 = SURFACE_SIDE_STYLE('',(#18766));
#18766 = SURFACE_STYLE_FILL_AREA(#18767);
#18767 = FILL_AREA_STYLE('',(#18768));
#18768 = FILL_AREA_STYLE_COLOUR('',#17478);
#18769 = STYLED_ITEM('color',(#18770),#9278);
#18770 = PRESENTATION_STYLE_ASSIGNMENT((#18771));
#18771 = SURFACE_STYLE_USAGE(.BOTH.,#18772);
#18772 = SURFACE_SIDE_STYLE('',(#18773));
#18773 = SURFACE_STYLE_FILL_AREA(#18774);
#18774 = FILL_AREA_STYLE('',(#18775));
#18775 = FILL_AREA_STYLE_COLOUR('',#17478);
#18776 = STYLED_ITEM('color',(#18777),#9303);
#18777 = PRESENTATION_STYLE_ASSIGNMENT((#18778));
#18778 = SURFACE_STYLE_USAGE(.BOTH.,#18779);
#18779 = SURFACE_SIDE_STYLE('',(#18780));
#18780 = SURFACE_STYLE_FILL_AREA(#18781);
#18781 = FILL_AREA_STYLE('',(#18782));
#18782 = FILL_AREA_STYLE_COLOUR('',#17478);
#18783 = STYLED_ITEM('color',(#18784),#9328);
#18784 = PRESENTATION_STYLE_ASSIGNMENT((#18785));
#18785 = SURFACE_STYLE_USAGE(.BOTH.,#18786);
#18786 = SURFACE_SIDE_STYLE('',(#18787));
#18787 = SURFACE_STYLE_FILL_AREA(#18788);
#18788 = FILL_AREA_STYLE('',(#18789));
#18789 = FILL_AREA_STYLE_COLOUR('',#17478);
#18790 = STYLED_ITEM('color',(#18791),#9395);
#18791 = PRESENTATION_STYLE_ASSIGNMENT((#18792));
#18792 = SURFACE_STYLE_USAGE(.BOTH.,#18793);
#18793 = SURFACE_SIDE_STYLE('',(#18794));
#18794 = SURFACE_STYLE_FILL_AREA(#18795);
#18795 = FILL_AREA_STYLE('',(#18796));
#18796 = FILL_AREA_STYLE_COLOUR('',#17478);
#18797 = STYLED_ITEM('color',(#18798),#9412);
#18798 = PRESENTATION_STYLE_ASSIGNMENT((#18799));
#18799 = SURFACE_STYLE_USAGE(.BOTH.,#18800);
#18800 = SURFACE_SIDE_STYLE('',(#18801));
#18801 = SURFACE_STYLE_FILL_AREA(#18802);
#18802 = FILL_AREA_STYLE('',(#18803));
#18803 = FILL_AREA_STYLE_COLOUR('',#17478);
#18804 = STYLED_ITEM('color',(#18805),#9429);
#18805 = PRESENTATION_STYLE_ASSIGNMENT((#18806));
#18806 = SURFACE_STYLE_USAGE(.BOTH.,#18807);
#18807 = SURFACE_SIDE_STYLE('',(#18808));
#18808 = SURFACE_STYLE_FILL_AREA(#18809);
#18809 = FILL_AREA_STYLE('',(#18810));
#18810 = FILL_AREA_STYLE_COLOUR('',#18626);
#18811 = STYLED_ITEM('color',(#18812),#9478);
#18812 = PRESENTATION_STYLE_ASSIGNMENT((#18813));
#18813 = SURFACE_STYLE_USAGE(.BOTH.,#18814);
#18814 = SURFACE_SIDE_STYLE('',(#18815));
#18815 = SURFACE_STYLE_FILL_AREA(#18816);
#18816 = FILL_AREA_STYLE('',(#18817));
#18817 = FILL_AREA_STYLE_COLOUR('',#17478);
#18818 = STYLED_ITEM('color',(#18819),#9500);
#18819 = PRESENTATION_STYLE_ASSIGNMENT((#18820));
#18820 = SURFACE_STYLE_USAGE(.BOTH.,#18821);
#18821 = SURFACE_SIDE_STYLE('',(#18822));
#18822 = SURFACE_STYLE_FILL_AREA(#18823);
#18823 = FILL_AREA_STYLE('',(#18824));
#18824 = FILL_AREA_STYLE_COLOUR('',#17478);
#18825 = STYLED_ITEM('color',(#18826),#9512);
#18826 = PRESENTATION_STYLE_ASSIGNMENT((#18827));
#18827 = SURFACE_STYLE_USAGE(.BOTH.,#18828);
#18828 = SURFACE_SIDE_STYLE('',(#18829));
#18829 = SURFACE_STYLE_FILL_AREA(#18830);
#18830 = FILL_AREA_STYLE('',(#18831));
#18831 = FILL_AREA_STYLE_COLOUR('',#18626);
#18832 = STYLED_ITEM('color',(#18833),#9561);
#18833 = PRESENTATION_STYLE_ASSIGNMENT((#18834));
#18834 = SURFACE_STYLE_USAGE(.BOTH.,#18835);
#18835 = SURFACE_SIDE_STYLE('',(#18836));
#18836 = SURFACE_STYLE_FILL_AREA(#18837);
#18837 = FILL_AREA_STYLE('',(#18838));
#18838 = FILL_AREA_STYLE_COLOUR('',#18626);
#18839 = STYLED_ITEM('color',(#18840),#9578);
#18840 = PRESENTATION_STYLE_ASSIGNMENT((#18841));
#18841 = SURFACE_STYLE_USAGE(.BOTH.,#18842);
#18842 = SURFACE_SIDE_STYLE('',(#18843));
#18843 = SURFACE_STYLE_FILL_AREA(#18844);
#18844 = FILL_AREA_STYLE('',(#18845));
#18845 = FILL_AREA_STYLE_COLOUR('',#17478);
#18846 = STYLED_ITEM('color',(#18847),#9647);
#18847 = PRESENTATION_STYLE_ASSIGNMENT((#18848));
#18848 = SURFACE_STYLE_USAGE(.BOTH.,#18849);
#18849 = SURFACE_SIDE_STYLE('',(#18850));
#18850 = SURFACE_STYLE_FILL_AREA(#18851);
#18851 = FILL_AREA_STYLE('',(#18852));
#18852 = FILL_AREA_STYLE_COLOUR('',#18669);
#18853 = STYLED_ITEM('color',(#18854),#9678);
#18854 = PRESENTATION_STYLE_ASSIGNMENT((#18855));
#18855 = SURFACE_STYLE_USAGE(.BOTH.,#18856);
#18856 = SURFACE_SIDE_STYLE('',(#18857));
#18857 = SURFACE_STYLE_FILL_AREA(#18858);
#18858 = FILL_AREA_STYLE('',(#18859));
#18859 = FILL_AREA_STYLE_COLOUR('',#18669);
#18860 = STYLED_ITEM('color',(#18861),#9702);
#18861 = PRESENTATION_STYLE_ASSIGNMENT((#18862));
#18862 = SURFACE_STYLE_USAGE(.BOTH.,#18863);
#18863 = SURFACE_SIDE_STYLE('',(#18864));
#18864 = SURFACE_STYLE_FILL_AREA(#18865);
#18865 = FILL_AREA_STYLE('',(#18866));
#18866 = FILL_AREA_STYLE_COLOUR('',#17478);
#18867 = STYLED_ITEM('color',(#18868),#9771);
#18868 = PRESENTATION_STYLE_ASSIGNMENT((#18869));
#18869 = SURFACE_STYLE_USAGE(.BOTH.,#18870);
#18870 = SURFACE_SIDE_STYLE('',(#18871));
#18871 = SURFACE_STYLE_FILL_AREA(#18872);
#18872 = FILL_AREA_STYLE('',(#18873));
#18873 = FILL_AREA_STYLE_COLOUR('',#18669);
#18874 = STYLED_ITEM('color',(#18875),#9795);
#18875 = PRESENTATION_STYLE_ASSIGNMENT((#18876));
#18876 = SURFACE_STYLE_USAGE(.BOTH.,#18877);
#18877 = SURFACE_SIDE_STYLE('',(#18878));
#18878 = SURFACE_STYLE_FILL_AREA(#18879);
#18879 = FILL_AREA_STYLE('',(#18880));
#18880 = FILL_AREA_STYLE_COLOUR('',#17478);
#18881 = STYLED_ITEM('color',(#18882),#9812);
#18882 = PRESENTATION_STYLE_ASSIGNMENT((#18883));
#18883 = SURFACE_STYLE_USAGE(.BOTH.,#18884);
#18884 = SURFACE_SIDE_STYLE('',(#18885));
#18885 = SURFACE_STYLE_FILL_AREA(#18886);
#18886 = FILL_AREA_STYLE('',(#18887));
#18887 = FILL_AREA_STYLE_COLOUR('',#17478);
#18888 = STYLED_ITEM('color',(#18889),#9829);
#18889 = PRESENTATION_STYLE_ASSIGNMENT((#18890));
#18890 = SURFACE_STYLE_USAGE(.BOTH.,#18891);
#18891 = SURFACE_SIDE_STYLE('',(#18892));
#18892 = SURFACE_STYLE_FILL_AREA(#18893);
#18893 = FILL_AREA_STYLE('',(#18894));
#18894 = FILL_AREA_STYLE_COLOUR('',#17478);
#18895 = STYLED_ITEM('color',(#18896),#9846);
#18896 = PRESENTATION_STYLE_ASSIGNMENT((#18897));
#18897 = SURFACE_STYLE_USAGE(.BOTH.,#18898);
#18898 = SURFACE_SIDE_STYLE('',(#18899));
#18899 = SURFACE_STYLE_FILL_AREA(#18900);
#18900 = FILL_AREA_STYLE('',(#18901));
#18901 = FILL_AREA_STYLE_COLOUR('',#17478);
#18902 = STYLED_ITEM('color',(#18903),#9863);
#18903 = PRESENTATION_STYLE_ASSIGNMENT((#18904));
#18904 = SURFACE_STYLE_USAGE(.BOTH.,#18905);
#18905 = SURFACE_SIDE_STYLE('',(#18906));
#18906 = SURFACE_STYLE_FILL_AREA(#18907);
#18907 = FILL_AREA_STYLE('',(#18908));
#18908 = FILL_AREA_STYLE_COLOUR('',#17478);
#18909 = STYLED_ITEM('color',(#18910),#9880);
#18910 = PRESENTATION_STYLE_ASSIGNMENT((#18911));
#18911 = SURFACE_STYLE_USAGE(.BOTH.,#18912);
#18912 = SURFACE_SIDE_STYLE('',(#18913));
#18913 = SURFACE_STYLE_FILL_AREA(#18914);
#18914 = FILL_AREA_STYLE('',(#18915));
#18915 = FILL_AREA_STYLE_COLOUR('',#17478);
#18916 = STYLED_ITEM('color',(#18917),#9897);
#18917 = PRESENTATION_STYLE_ASSIGNMENT((#18918));
#18918 = SURFACE_STYLE_USAGE(.BOTH.,#18919);
#18919 = SURFACE_SIDE_STYLE('',(#18920));
#18920 = SURFACE_STYLE_FILL_AREA(#18921);
#18921 = FILL_AREA_STYLE('',(#18922));
#18922 = FILL_AREA_STYLE_COLOUR('',#17478);
#18923 = STYLED_ITEM('color',(#18924),#9914);
#18924 = PRESENTATION_STYLE_ASSIGNMENT((#18925));
#18925 = SURFACE_STYLE_USAGE(.BOTH.,#18926);
#18926 = SURFACE_SIDE_STYLE('',(#18927));
#18927 = SURFACE_STYLE_FILL_AREA(#18928);
#18928 = FILL_AREA_STYLE('',(#18929));
#18929 = FILL_AREA_STYLE_COLOUR('',#18669);
#18930 = STYLED_ITEM('color',(#18931),#9931);
#18931 = PRESENTATION_STYLE_ASSIGNMENT((#18932));
#18932 = SURFACE_STYLE_USAGE(.BOTH.,#18933);
#18933 = SURFACE_SIDE_STYLE('',(#18934));
#18934 = SURFACE_STYLE_FILL_AREA(#18935);
#18935 = FILL_AREA_STYLE('',(#18936));
#18936 = FILL_AREA_STYLE_COLOUR('',#18669);
#18937 = MECHANICAL_DESIGN_GEOMETRIC_PRESENTATION_REPRESENTATION('',(
    #18938,#18945,#18952,#18959,#18966,#18973,#18980,#18987,#18994,
    #19001,#19008,#19015,#19022,#19029,#19036,#19043,#19050,#19057,
    #19064,#19071,#19078,#19085,#19092,#19099,#19106,#19113,#19120,
    #19127,#19134,#19141,#19148,#19155,#19162,#19169,#19176,#19183,
    #19190,#19197,#19204,#19211,#19218,#19225,#19232,#19239,#19246,
    #19253,#19260,#19267,#19274,#19281,#19288,#19295),#8315);
#18938 = STYLED_ITEM('color',(#18939),#6885);
#18939 = PRESENTATION_STYLE_ASSIGNMENT((#18940));
#18940 = SURFACE_STYLE_USAGE(.BOTH.,#18941);
#18941 = SURFACE_SIDE_STYLE('',(#18942));
#18942 = SURFACE_STYLE_FILL_AREA(#18943);
#18943 = FILL_AREA_STYLE('',(#18944));
#18944 = FILL_AREA_STYLE_COLOUR('',#17677);
#18945 = STYLED_ITEM('color',(#18946),#6925);
#18946 = PRESENTATION_STYLE_ASSIGNMENT((#18947));
#18947 = SURFACE_STYLE_USAGE(.BOTH.,#18948);
#18948 = SURFACE_SIDE_STYLE('',(#18949));
#18949 = SURFACE_STYLE_FILL_AREA(#18950);
#18950 = FILL_AREA_STYLE('',(#18951));
#18951 = FILL_AREA_STYLE_COLOUR('',#17677);
#18952 = STYLED_ITEM('color',(#18953),#6956);
#18953 = PRESENTATION_STYLE_ASSIGNMENT((#18954));
#18954 = SURFACE_STYLE_USAGE(.BOTH.,#18955);
#18955 = SURFACE_SIDE_STYLE('',(#18956));
#18956 = SURFACE_STYLE_FILL_AREA(#18957);
#18957 = FILL_AREA_STYLE('',(#18958));
#18958 = FILL_AREA_STYLE_COLOUR('',#17677);
#18959 = STYLED_ITEM('color',(#18960),#6987);
#18960 = PRESENTATION_STYLE_ASSIGNMENT((#18961));
#18961 = SURFACE_STYLE_USAGE(.BOTH.,#18962);
#18962 = SURFACE_SIDE_STYLE('',(#18963));
#18963 = SURFACE_STYLE_FILL_AREA(#18964);
#18964 = FILL_AREA_STYLE('',(#18965));
#18965 = FILL_AREA_STYLE_COLOUR('',#17677);
#18966 = STYLED_ITEM('color',(#18967),#7152);
#18967 = PRESENTATION_STYLE_ASSIGNMENT((#18968));
#18968 = SURFACE_STYLE_USAGE(.BOTH.,#18969);
#18969 = SURFACE_SIDE_STYLE('',(#18970));
#18970 = SURFACE_STYLE_FILL_AREA(#18971);
#18971 = FILL_AREA_STYLE('',(#18972));
#18972 = FILL_AREA_STYLE_COLOUR('',#17677);
#18973 = STYLED_ITEM('color',(#18974),#7317);
#18974 = PRESENTATION_STYLE_ASSIGNMENT((#18975));
#18975 = SURFACE_STYLE_USAGE(.BOTH.,#18976);
#18976 = SURFACE_SIDE_STYLE('',(#18977));
#18977 = SURFACE_STYLE_FILL_AREA(#18978);
#18978 = FILL_AREA_STYLE('',(#18979));
#18979 = FILL_AREA_STYLE_COLOUR('',#17677);
#18980 = STYLED_ITEM('color',(#18981),#7334);
#18981 = PRESENTATION_STYLE_ASSIGNMENT((#18982));
#18982 = SURFACE_STYLE_USAGE(.BOTH.,#18983);
#18983 = SURFACE_SIDE_STYLE('',(#18984));
#18984 = SURFACE_STYLE_FILL_AREA(#18985);
#18985 = FILL_AREA_STYLE('',(#18986));
#18986 = FILL_AREA_STYLE_COLOUR('',#17677);
#18987 = STYLED_ITEM('color',(#18988),#7351);
#18988 = PRESENTATION_STYLE_ASSIGNMENT((#18989));
#18989 = SURFACE_STYLE_USAGE(.BOTH.,#18990);
#18990 = SURFACE_SIDE_STYLE('',(#18991));
#18991 = SURFACE_STYLE_FILL_AREA(#18992);
#18992 = FILL_AREA_STYLE('',(#18993));
#18993 = FILL_AREA_STYLE_COLOUR('',#17677);
#18994 = STYLED_ITEM('color',(#18995),#7368);
#18995 = PRESENTATION_STYLE_ASSIGNMENT((#18996));
#18996 = SURFACE_STYLE_USAGE(.BOTH.,#18997);
#18997 = SURFACE_SIDE_STYLE('',(#18998));
#18998 = SURFACE_STYLE_FILL_AREA(#18999);
#18999 = FILL_AREA_STYLE('',(#19000));
#19000 = FILL_AREA_STYLE_COLOUR('',#17677);
#19001 = STYLED_ITEM('color',(#19002),#7385);
#19002 = PRESENTATION_STYLE_ASSIGNMENT((#19003));
#19003 = SURFACE_STYLE_USAGE(.BOTH.,#19004);
#19004 = SURFACE_SIDE_STYLE('',(#19005));
#19005 = SURFACE_STYLE_FILL_AREA(#19006);
#19006 = FILL_AREA_STYLE('',(#19007));
#19007 = FILL_AREA_STYLE_COLOUR('',#17677);
#19008 = STYLED_ITEM('color',(#19009),#7402);
#19009 = PRESENTATION_STYLE_ASSIGNMENT((#19010));
#19010 = SURFACE_STYLE_USAGE(.BOTH.,#19011);
#19011 = SURFACE_SIDE_STYLE('',(#19012));
#19012 = SURFACE_STYLE_FILL_AREA(#19013);
#19013 = FILL_AREA_STYLE('',(#19014));
#19014 = FILL_AREA_STYLE_COLOUR('',#17677);
#19015 = STYLED_ITEM('color',(#19016),#7419);
#19016 = PRESENTATION_STYLE_ASSIGNMENT((#19017));
#19017 = SURFACE_STYLE_USAGE(.BOTH.,#19018);
#19018 = SURFACE_SIDE_STYLE('',(#19019));
#19019 = SURFACE_STYLE_FILL_AREA(#19020);
#19020 = FILL_AREA_STYLE('',(#19021));
#19021 = FILL_AREA_STYLE_COLOUR('',#17677);
#19022 = STYLED_ITEM('color',(#19023),#7436);
#19023 = PRESENTATION_STYLE_ASSIGNMENT((#19024));
#19024 = SURFACE_STYLE_USAGE(.BOTH.,#19025);
#19025 = SURFACE_SIDE_STYLE('',(#19026));
#19026 = SURFACE_STYLE_FILL_AREA(#19027);
#19027 = FILL_AREA_STYLE('',(#19028));
#19028 = FILL_AREA_STYLE_COLOUR('',#17677);
#19029 = STYLED_ITEM('color',(#19030),#7453);
#19030 = PRESENTATION_STYLE_ASSIGNMENT((#19031));
#19031 = SURFACE_STYLE_USAGE(.BOTH.,#19032);
#19032 = SURFACE_SIDE_STYLE('',(#19033));
#19033 = SURFACE_STYLE_FILL_AREA(#19034);
#19034 = FILL_AREA_STYLE('',(#19035));
#19035 = FILL_AREA_STYLE_COLOUR('',#17677);
#19036 = STYLED_ITEM('color',(#19037),#7470);
#19037 = PRESENTATION_STYLE_ASSIGNMENT((#19038));
#19038 = SURFACE_STYLE_USAGE(.BOTH.,#19039);
#19039 = SURFACE_SIDE_STYLE('',(#19040));
#19040 = SURFACE_STYLE_FILL_AREA(#19041);
#19041 = FILL_AREA_STYLE('',(#19042));
#19042 = FILL_AREA_STYLE_COLOUR('',#17677);
#19043 = STYLED_ITEM('color',(#19044),#7487);
#19044 = PRESENTATION_STYLE_ASSIGNMENT((#19045));
#19045 = SURFACE_STYLE_USAGE(.BOTH.,#19046);
#19046 = SURFACE_SIDE_STYLE('',(#19047));
#19047 = SURFACE_STYLE_FILL_AREA(#19048);
#19048 = FILL_AREA_STYLE('',(#19049));
#19049 = FILL_AREA_STYLE_COLOUR('',#17677);
#19050 = STYLED_ITEM('color',(#19051),#7499);
#19051 = PRESENTATION_STYLE_ASSIGNMENT((#19052));
#19052 = SURFACE_STYLE_USAGE(.BOTH.,#19053);
#19053 = SURFACE_SIDE_STYLE('',(#19054));
#19054 = SURFACE_STYLE_FILL_AREA(#19055);
#19055 = FILL_AREA_STYLE('',(#19056));
#19056 = FILL_AREA_STYLE_COLOUR('',#17874);
#19057 = STYLED_ITEM('color',(#19058),#7530);
#19058 = PRESENTATION_STYLE_ASSIGNMENT((#19059));
#19059 = SURFACE_STYLE_USAGE(.BOTH.,#19060);
#19060 = SURFACE_SIDE_STYLE('',(#19061));
#19061 = SURFACE_STYLE_FILL_AREA(#19062);
#19062 = FILL_AREA_STYLE('',(#19063));
#19063 = FILL_AREA_STYLE_COLOUR('',#17874);
#19064 = STYLED_ITEM('color',(#19065),#7554);
#19065 = PRESENTATION_STYLE_ASSIGNMENT((#19066));
#19066 = SURFACE_STYLE_USAGE(.BOTH.,#19067);
#19067 = SURFACE_SIDE_STYLE('',(#19068));
#19068 = SURFACE_STYLE_FILL_AREA(#19069);
#19069 = FILL_AREA_STYLE('',(#19070));
#19070 = FILL_AREA_STYLE_COLOUR('',#17874);
#19071 = STYLED_ITEM('color',(#19072),#7578);
#19072 = PRESENTATION_STYLE_ASSIGNMENT((#19073));
#19073 = SURFACE_STYLE_USAGE(.BOTH.,#19074);
#19074 = SURFACE_SIDE_STYLE('',(#19075));
#19075 = SURFACE_STYLE_FILL_AREA(#19076);
#19076 = FILL_AREA_STYLE('',(#19077));
#19077 = FILL_AREA_STYLE_COLOUR('',#17874);
#19078 = STYLED_ITEM('color',(#19079),#7595);
#19079 = PRESENTATION_STYLE_ASSIGNMENT((#19080));
#19080 = SURFACE_STYLE_USAGE(.BOTH.,#19081);
#19081 = SURFACE_SIDE_STYLE('',(#19082));
#19082 = SURFACE_STYLE_FILL_AREA(#19083);
#19083 = FILL_AREA_STYLE('',(#19084));
#19084 = FILL_AREA_STYLE_COLOUR('',#17874);
#19085 = STYLED_ITEM('color',(#19086),#7626);
#19086 = PRESENTATION_STYLE_ASSIGNMENT((#19087));
#19087 = SURFACE_STYLE_USAGE(.BOTH.,#19088);
#19088 = SURFACE_SIDE_STYLE('',(#19089));
#19089 = SURFACE_STYLE_FILL_AREA(#19090);
#19090 = FILL_AREA_STYLE('',(#19091));
#19091 = FILL_AREA_STYLE_COLOUR('',#17874);
#19092 = STYLED_ITEM('color',(#19093),#7650);
#19093 = PRESENTATION_STYLE_ASSIGNMENT((#19094));
#19094 = SURFACE_STYLE_USAGE(.BOTH.,#19095);
#19095 = SURFACE_SIDE_STYLE('',(#19096));
#19096 = SURFACE_STYLE_FILL_AREA(#19097);
#19097 = FILL_AREA_STYLE('',(#19098));
#19098 = FILL_AREA_STYLE_COLOUR('',#17874);
#19099 = STYLED_ITEM('color',(#19100),#7674);
#19100 = PRESENTATION_STYLE_ASSIGNMENT((#19101));
#19101 = SURFACE_STYLE_USAGE(.BOTH.,#19102);
#19102 = SURFACE_SIDE_STYLE('',(#19103));
#19103 = SURFACE_STYLE_FILL_AREA(#19104);
#19104 = FILL_AREA_STYLE('',(#19105));
#19105 = FILL_AREA_STYLE_COLOUR('',#17874);
#19106 = STYLED_ITEM('color',(#19107),#7691);
#19107 = PRESENTATION_STYLE_ASSIGNMENT((#19108));
#19108 = SURFACE_STYLE_USAGE(.BOTH.,#19109);
#19109 = SURFACE_SIDE_STYLE('',(#19110));
#19110 = SURFACE_STYLE_FILL_AREA(#19111);
#19111 = FILL_AREA_STYLE('',(#19112));
#19112 = FILL_AREA_STYLE_COLOUR('',#17874);
#19113 = STYLED_ITEM('color',(#19114),#7722);
#19114 = PRESENTATION_STYLE_ASSIGNMENT((#19115));
#19115 = SURFACE_STYLE_USAGE(.BOTH.,#19116);
#19116 = SURFACE_SIDE_STYLE('',(#19117));
#19117 = SURFACE_STYLE_FILL_AREA(#19118);
#19118 = FILL_AREA_STYLE('',(#19119));
#19119 = FILL_AREA_STYLE_COLOUR('',#17874);
#19120 = STYLED_ITEM('color',(#19121),#7746);
#19121 = PRESENTATION_STYLE_ASSIGNMENT((#19122));
#19122 = SURFACE_STYLE_USAGE(.BOTH.,#19123);
#19123 = SURFACE_SIDE_STYLE('',(#19124));
#19124 = SURFACE_STYLE_FILL_AREA(#19125);
#19125 = FILL_AREA_STYLE('',(#19126));
#19126 = FILL_AREA_STYLE_COLOUR('',#17874);
#19127 = STYLED_ITEM('color',(#19128),#7770);
#19128 = PRESENTATION_STYLE_ASSIGNMENT((#19129));
#19129 = SURFACE_STYLE_USAGE(.BOTH.,#19130);
#19130 = SURFACE_SIDE_STYLE('',(#19131));
#19131 = SURFACE_STYLE_FILL_AREA(#19132);
#19132 = FILL_AREA_STYLE('',(#19133));
#19133 = FILL_AREA_STYLE_COLOUR('',#17874);
#19134 = STYLED_ITEM('color',(#19135),#7787);
#19135 = PRESENTATION_STYLE_ASSIGNMENT((#19136));
#19136 = SURFACE_STYLE_USAGE(.BOTH.,#19137);
#19137 = SURFACE_SIDE_STYLE('',(#19138));
#19138 = SURFACE_STYLE_FILL_AREA(#19139);
#19139 = FILL_AREA_STYLE('',(#19140));
#19140 = FILL_AREA_STYLE_COLOUR('',#17874);
#19141 = STYLED_ITEM('color',(#19142),#7818);
#19142 = PRESENTATION_STYLE_ASSIGNMENT((#19143));
#19143 = SURFACE_STYLE_USAGE(.BOTH.,#19144);
#19144 = SURFACE_SIDE_STYLE('',(#19145));
#19145 = SURFACE_STYLE_FILL_AREA(#19146);
#19146 = FILL_AREA_STYLE('',(#19147));
#19147 = FILL_AREA_STYLE_COLOUR('',#17874);
#19148 = STYLED_ITEM('color',(#19149),#7842);
#19149 = PRESENTATION_STYLE_ASSIGNMENT((#19150));
#19150 = SURFACE_STYLE_USAGE(.BOTH.,#19151);
#19151 = SURFACE_SIDE_STYLE('',(#19152));
#19152 = SURFACE_STYLE_FILL_AREA(#19153);
#19153 = FILL_AREA_STYLE('',(#19154));
#19154 = FILL_AREA_STYLE_COLOUR('',#17874);
#19155 = STYLED_ITEM('color',(#19156),#7866);
#19156 = PRESENTATION_STYLE_ASSIGNMENT((#19157));
#19157 = SURFACE_STYLE_USAGE(.BOTH.,#19158);
#19158 = SURFACE_SIDE_STYLE('',(#19159));
#19159 = SURFACE_STYLE_FILL_AREA(#19160);
#19160 = FILL_AREA_STYLE('',(#19161));
#19161 = FILL_AREA_STYLE_COLOUR('',#17874);
#19162 = STYLED_ITEM('color',(#19163),#7883);
#19163 = PRESENTATION_STYLE_ASSIGNMENT((#19164));
#19164 = SURFACE_STYLE_USAGE(.BOTH.,#19165);
#19165 = SURFACE_SIDE_STYLE('',(#19166));
#19166 = SURFACE_STYLE_FILL_AREA(#19167);
#19167 = FILL_AREA_STYLE('',(#19168));
#19168 = FILL_AREA_STYLE_COLOUR('',#17874);
#19169 = STYLED_ITEM('color',(#19170),#7914);
#19170 = PRESENTATION_STYLE_ASSIGNMENT((#19171));
#19171 = SURFACE_STYLE_USAGE(.BOTH.,#19172);
#19172 = SURFACE_SIDE_STYLE('',(#19173));
#19173 = SURFACE_STYLE_FILL_AREA(#19174);
#19174 = FILL_AREA_STYLE('',(#19175));
#19175 = FILL_AREA_STYLE_COLOUR('',#17874);
#19176 = STYLED_ITEM('color',(#19177),#7938);
#19177 = PRESENTATION_STYLE_ASSIGNMENT((#19178));
#19178 = SURFACE_STYLE_USAGE(.BOTH.,#19179);
#19179 = SURFACE_SIDE_STYLE('',(#19180));
#19180 = SURFACE_STYLE_FILL_AREA(#19181);
#19181 = FILL_AREA_STYLE('',(#19182));
#19182 = FILL_AREA_STYLE_COLOUR('',#17874);
#19183 = STYLED_ITEM('color',(#19184),#7962);
#19184 = PRESENTATION_STYLE_ASSIGNMENT((#19185));
#19185 = SURFACE_STYLE_USAGE(.BOTH.,#19186);
#19186 = SURFACE_SIDE_STYLE('',(#19187));
#19187 = SURFACE_STYLE_FILL_AREA(#19188);
#19188 = FILL_AREA_STYLE('',(#19189));
#19189 = FILL_AREA_STYLE_COLOUR('',#17874);
#19190 = STYLED_ITEM('color',(#19191),#7979);
#19191 = PRESENTATION_STYLE_ASSIGNMENT((#19192));
#19192 = SURFACE_STYLE_USAGE(.BOTH.,#19193);
#19193 = SURFACE_SIDE_STYLE('',(#19194));
#19194 = SURFACE_STYLE_FILL_AREA(#19195);
#19195 = FILL_AREA_STYLE('',(#19196));
#19196 = FILL_AREA_STYLE_COLOUR('',#17874);
#19197 = STYLED_ITEM('color',(#19198),#8010);
#19198 = PRESENTATION_STYLE_ASSIGNMENT((#19199));
#19199 = SURFACE_STYLE_USAGE(.BOTH.,#19200);
#19200 = SURFACE_SIDE_STYLE('',(#19201));
#19201 = SURFACE_STYLE_FILL_AREA(#19202);
#19202 = FILL_AREA_STYLE('',(#19203));
#19203 = FILL_AREA_STYLE_COLOUR('',#17874);
#19204 = STYLED_ITEM('color',(#19205),#8034);
#19205 = PRESENTATION_STYLE_ASSIGNMENT((#19206));
#19206 = SURFACE_STYLE_USAGE(.BOTH.,#19207);
#19207 = SURFACE_SIDE_STYLE('',(#19208));
#19208 = SURFACE_STYLE_FILL_AREA(#19209);
#19209 = FILL_AREA_STYLE('',(#19210));
#19210 = FILL_AREA_STYLE_COLOUR('',#17874);
#19211 = STYLED_ITEM('color',(#19212),#8058);
#19212 = PRESENTATION_STYLE_ASSIGNMENT((#19213));
#19213 = SURFACE_STYLE_USAGE(.BOTH.,#19214);
#19214 = SURFACE_SIDE_STYLE('',(#19215));
#19215 = SURFACE_STYLE_FILL_AREA(#19216);
#19216 = FILL_AREA_STYLE('',(#19217));
#19217 = FILL_AREA_STYLE_COLOUR('',#17874);
#19218 = STYLED_ITEM('color',(#19219),#8075);
#19219 = PRESENTATION_STYLE_ASSIGNMENT((#19220));
#19220 = SURFACE_STYLE_USAGE(.BOTH.,#19221);
#19221 = SURFACE_SIDE_STYLE('',(#19222));
#19222 = SURFACE_STYLE_FILL_AREA(#19223);
#19223 = FILL_AREA_STYLE('',(#19224));
#19224 = FILL_AREA_STYLE_COLOUR('',#17874);
#19225 = STYLED_ITEM('color',(#19226),#8106);
#19226 = PRESENTATION_STYLE_ASSIGNMENT((#19227));
#19227 = SURFACE_STYLE_USAGE(.BOTH.,#19228);
#19228 = SURFACE_SIDE_STYLE('',(#19229));
#19229 = SURFACE_STYLE_FILL_AREA(#19230);
#19230 = FILL_AREA_STYLE('',(#19231));
#19231 = FILL_AREA_STYLE_COLOUR('',#17874);
#19232 = STYLED_ITEM('color',(#19233),#8130);
#19233 = PRESENTATION_STYLE_ASSIGNMENT((#19234));
#19234 = SURFACE_STYLE_USAGE(.BOTH.,#19235);
#19235 = SURFACE_SIDE_STYLE('',(#19236));
#19236 = SURFACE_STYLE_FILL_AREA(#19237);
#19237 = FILL_AREA_STYLE('',(#19238));
#19238 = FILL_AREA_STYLE_COLOUR('',#17874);
#19239 = STYLED_ITEM('color',(#19240),#8154);
#19240 = PRESENTATION_STYLE_ASSIGNMENT((#19241));
#19241 = SURFACE_STYLE_USAGE(.BOTH.,#19242);
#19242 = SURFACE_SIDE_STYLE('',(#19243));
#19243 = SURFACE_STYLE_FILL_AREA(#19244);
#19244 = FILL_AREA_STYLE('',(#19245));
#19245 = FILL_AREA_STYLE_COLOUR('',#17874);
#19246 = STYLED_ITEM('color',(#19247),#8171);
#19247 = PRESENTATION_STYLE_ASSIGNMENT((#19248));
#19248 = SURFACE_STYLE_USAGE(.BOTH.,#19249);
#19249 = SURFACE_SIDE_STYLE('',(#19250));
#19250 = SURFACE_STYLE_FILL_AREA(#19251);
#19251 = FILL_AREA_STYLE('',(#19252));
#19252 = FILL_AREA_STYLE_COLOUR('',#17874);
#19253 = STYLED_ITEM('color',(#19254),#8202);
#19254 = PRESENTATION_STYLE_ASSIGNMENT((#19255));
#19255 = SURFACE_STYLE_USAGE(.BOTH.,#19256);
#19256 = SURFACE_SIDE_STYLE('',(#19257));
#19257 = SURFACE_STYLE_FILL_AREA(#19258);
#19258 = FILL_AREA_STYLE('',(#19259));
#19259 = FILL_AREA_STYLE_COLOUR('',#17874);
#19260 = STYLED_ITEM('color',(#19261),#8226);
#19261 = PRESENTATION_STYLE_ASSIGNMENT((#19262));
#19262 = SURFACE_STYLE_USAGE(.BOTH.,#19263);
#19263 = SURFACE_SIDE_STYLE('',(#19264));
#19264 = SURFACE_STYLE_FILL_AREA(#19265);
#19265 = FILL_AREA_STYLE('',(#19266));
#19266 = FILL_AREA_STYLE_COLOUR('',#17874);
#19267 = STYLED_ITEM('color',(#19268),#8250);
#19268 = PRESENTATION_STYLE_ASSIGNMENT((#19269));
#19269 = SURFACE_STYLE_USAGE(.BOTH.,#19270);
#19270 = SURFACE_SIDE_STYLE('',(#19271));
#19271 = SURFACE_STYLE_FILL_AREA(#19272);
#19272 = FILL_AREA_STYLE('',(#19273));
#19273 = FILL_AREA_STYLE_COLOUR('',#17874);
#19274 = STYLED_ITEM('color',(#19275),#8267);
#19275 = PRESENTATION_STYLE_ASSIGNMENT((#19276));
#19276 = SURFACE_STYLE_USAGE(.BOTH.,#19277);
#19277 = SURFACE_SIDE_STYLE('',(#19278));
#19278 = SURFACE_STYLE_FILL_AREA(#19279);
#19279 = FILL_AREA_STYLE('',(#19280));
#19280 = FILL_AREA_STYLE_COLOUR('',#17874);
#19281 = STYLED_ITEM('color',(#19282),#8279);
#19282 = PRESENTATION_STYLE_ASSIGNMENT((#19283));
#19283 = SURFACE_STYLE_USAGE(.BOTH.,#19284);
#19284 = SURFACE_SIDE_STYLE('',(#19285));
#19285 = SURFACE_STYLE_FILL_AREA(#19286);
#19286 = FILL_AREA_STYLE('',(#19287));
#19287 = FILL_AREA_STYLE_COLOUR('',#17874);
#19288 = STYLED_ITEM('color',(#19289),#8291);
#19289 = PRESENTATION_STYLE_ASSIGNMENT((#19290));
#19290 = SURFACE_STYLE_USAGE(.BOTH.,#19291);
#19291 = SURFACE_SIDE_STYLE('',(#19292));
#19292 = SURFACE_STYLE_FILL_AREA(#19293);
#19293 = FILL_AREA_STYLE('',(#19294));
#19294 = FILL_AREA_STYLE_COLOUR('',#17874);
#19295 = STYLED_ITEM('color',(#19296),#8303);
#19296 = PRESENTATION_STYLE_ASSIGNMENT((#19297));
#19297 = SURFACE_STYLE_USAGE(.BOTH.,#19298);
#19298 = SURFACE_SIDE_STYLE('',(#19299));
#19299 = SURFACE_STYLE_FILL_AREA(#19300);
#19300 = FILL_AREA_STYLE('',(#19301));
#19301 = FILL_AREA_STYLE_COLOUR('',#17874);
#19302 = MECHANICAL_DESIGN_GEOMETRIC_PRESENTATION_REPRESENTATION('',(
    #19303,#19313,#19322,#19331,#19340,#19349,#19358,#19367,#19376,
    #19385,#19394,#19403,#19412,#19421,#19430,#19439,#19448,#19457,
    #19466,#19475,#19484,#19493,#19502,#19511,#19520,#19529,#19538,
    #19547,#19556,#19565,#19574,#19583,#19592,#19601,#19610,#19619,
    #19628,#19637,#19646,#19655,#19664,#19673,#19682,#19691,#19700,
    #19709,#19718,#19727,#19736,#19745,#19754,#19763,#19772,#19781,
    #19790,#19799,#19808,#19817,#19826,#19835,#19844,#19853,#19862,
    #19871,#19880,#19889,#19898,#19907,#19916,#19925,#19934,#19943,
    #19952,#19961,#19970,#19979,#19988,#19997,#20006,#20015,#20024,
    #20033,#20042,#20051,#20060,#20069,#20078,#20087,#20096,#20105,
    #20114,#20123,#20132,#20141,#20150,#20159,#20168,#20177,#20186,
    #20195,#20204,#20213),#3178);
#19303 = STYLED_ITEM('color',(#19304),#111);
#19304 = PRESENTATION_STYLE_ASSIGNMENT((#19305,#19311));
#19305 = SURFACE_STYLE_USAGE(.BOTH.,#19306);
#19306 = SURFACE_SIDE_STYLE('',(#19307));
#19307 = SURFACE_STYLE_FILL_AREA(#19308);
#19308 = FILL_AREA_STYLE('',(#19309));
#19309 = FILL_AREA_STYLE_COLOUR('',#19310);
#19310 = COLOUR_RGB('',0.147999998088,0.145000001626,0.145000001626);
#19311 = CURVE_STYLE('',#19312,POSITIVE_LENGTH_MEASURE(0.1),#19310);
#19312 = DRAUGHTING_PRE_DEFINED_CURVE_FONT('continuous');
#19313 = STYLED_ITEM('color',(#19314),#149);
#19314 = PRESENTATION_STYLE_ASSIGNMENT((#19315,#19320));
#19315 = SURFACE_STYLE_USAGE(.BOTH.,#19316);
#19316 = SURFACE_SIDE_STYLE('',(#19317));
#19317 = SURFACE_STYLE_FILL_AREA(#19318);
#19318 = FILL_AREA_STYLE('',(#19319));
#19319 = FILL_AREA_STYLE_COLOUR('',#19310);
#19320 = CURVE_STYLE('',#19321,POSITIVE_LENGTH_MEASURE(0.1),#19310);
#19321 = DRAUGHTING_PRE_DEFINED_CURVE_FONT('continuous');
#19322 = STYLED_ITEM('color',(#19323),#212);
#19323 = PRESENTATION_STYLE_ASSIGNMENT((#19324,#19329));
#19324 = SURFACE_STYLE_USAGE(.BOTH.,#19325);
#19325 = SURFACE_SIDE_STYLE('',(#19326));
#19326 = SURFACE_STYLE_FILL_AREA(#19327);
#19327 = FILL_AREA_STYLE('',(#19328));
#19328 = FILL_AREA_STYLE_COLOUR('',#19310);
#19329 = CURVE_STYLE('',#19330,POSITIVE_LENGTH_MEASURE(0.1),#19310);
#19330 = DRAUGHTING_PRE_DEFINED_CURVE_FONT('continuous');
#19331 = STYLED_ITEM('color',(#19332),#235);
#19332 = PRESENTATION_STYLE_ASSIGNMENT((#19333,#19338));
#19333 = SURFACE_STYLE_USAGE(.BOTH.,#19334);
#19334 = SURFACE_SIDE_STYLE('',(#19335));
#19335 = SURFACE_STYLE_FILL_AREA(#19336);
#19336 = FILL_AREA_STYLE('',(#19337));
#19337 = FILL_AREA_STYLE_COLOUR('',#19310);
#19338 = CURVE_STYLE('',#19339,POSITIVE_LENGTH_MEASURE(0.1),#19310);
#19339 = DRAUGHTING_PRE_DEFINED_CURVE_FONT('continuous');
#19340 = STYLED_ITEM('color',(#19341),#264);
#19341 = PRESENTATION_STYLE_ASSIGNMENT((#19342,#19347));
#19342 = SURFACE_STYLE_USAGE(.BOTH.,#19343);
#19343 = SURFACE_SIDE_STYLE('',(#19344));
#19344 = SURFACE_STYLE_FILL_AREA(#19345);
#19345 = FILL_AREA_STYLE('',(#19346));
#19346 = FILL_AREA_STYLE_COLOUR('',#19310);
#19347 = CURVE_STYLE('',#19348,POSITIVE_LENGTH_MEASURE(0.1),#19310);
#19348 = DRAUGHTING_PRE_DEFINED_CURVE_FONT('continuous');
#19349 = STYLED_ITEM('color',(#19350),#287);
#19350 = PRESENTATION_STYLE_ASSIGNMENT((#19351,#19356));
#19351 = SURFACE_STYLE_USAGE(.BOTH.,#19352);
#19352 = SURFACE_SIDE_STYLE('',(#19353));
#19353 = SURFACE_STYLE_FILL_AREA(#19354);
#19354 = FILL_AREA_STYLE('',(#19355));
#19355 = FILL_AREA_STYLE_COLOUR('',#19310);
#19356 = CURVE_STYLE('',#19357,POSITIVE_LENGTH_MEASURE(0.1),#19310);
#19357 = DRAUGHTING_PRE_DEFINED_CURVE_FONT('continuous');
#19358 = STYLED_ITEM('color',(#19359),#358);
#19359 = PRESENTATION_STYLE_ASSIGNMENT((#19360,#19365));
#19360 = SURFACE_STYLE_USAGE(.BOTH.,#19361);
#19361 = SURFACE_SIDE_STYLE('',(#19362));
#19362 = SURFACE_STYLE_FILL_AREA(#19363);
#19363 = FILL_AREA_STYLE('',(#19364));
#19364 = FILL_AREA_STYLE_COLOUR('',#19310);
#19365 = CURVE_STYLE('',#19366,POSITIVE_LENGTH_MEASURE(0.1),#19310);
#19366 = DRAUGHTING_PRE_DEFINED_CURVE_FONT('continuous');
#19367 = STYLED_ITEM('color',(#19368),#413);
#19368 = PRESENTATION_STYLE_ASSIGNMENT((#19369,#19374));
#19369 = SURFACE_STYLE_USAGE(.BOTH.,#19370);
#19370 = SURFACE_SIDE_STYLE('',(#19371));
#19371 = SURFACE_STYLE_FILL_AREA(#19372);
#19372 = FILL_AREA_STYLE('',(#19373));
#19373 = FILL_AREA_STYLE_COLOUR('',#19310);
#19374 = CURVE_STYLE('',#19375,POSITIVE_LENGTH_MEASURE(0.1),#19310);
#19375 = DRAUGHTING_PRE_DEFINED_CURVE_FONT('continuous');
#19376 = STYLED_ITEM('color',(#19377),#436);
#19377 = PRESENTATION_STYLE_ASSIGNMENT((#19378,#19383));
#19378 = SURFACE_STYLE_USAGE(.BOTH.,#19379);
#19379 = SURFACE_SIDE_STYLE('',(#19380));
#19380 = SURFACE_STYLE_FILL_AREA(#19381);
#19381 = FILL_AREA_STYLE('',(#19382));
#19382 = FILL_AREA_STYLE_COLOUR('',#19310);
#19383 = CURVE_STYLE('',#19384,POSITIVE_LENGTH_MEASURE(0.1),#19310);
#19384 = DRAUGHTING_PRE_DEFINED_CURVE_FONT('continuous');
#19385 = STYLED_ITEM('color',(#19386),#459);
#19386 = PRESENTATION_STYLE_ASSIGNMENT((#19387,#19392));
#19387 = SURFACE_STYLE_USAGE(.BOTH.,#19388);
#19388 = SURFACE_SIDE_STYLE('',(#19389));
#19389 = SURFACE_STYLE_FILL_AREA(#19390);
#19390 = FILL_AREA_STYLE('',(#19391));
#19391 = FILL_AREA_STYLE_COLOUR('',#19310);
#19392 = CURVE_STYLE('',#19393,POSITIVE_LENGTH_MEASURE(0.1),#19310);
#19393 = DRAUGHTING_PRE_DEFINED_CURVE_FONT('continuous');
#19394 = STYLED_ITEM('color',(#19395),#476);
#19395 = PRESENTATION_STYLE_ASSIGNMENT((#19396,#19401));
#19396 = SURFACE_STYLE_USAGE(.BOTH.,#19397);
#19397 = SURFACE_SIDE_STYLE('',(#19398));
#19398 = SURFACE_STYLE_FILL_AREA(#19399);
#19399 = FILL_AREA_STYLE('',(#19400));
#19400 = FILL_AREA_STYLE_COLOUR('',#19310);
#19401 = CURVE_STYLE('',#19402,POSITIVE_LENGTH_MEASURE(0.1),#19310);
#19402 = DRAUGHTING_PRE_DEFINED_CURVE_FONT('continuous');
#19403 = STYLED_ITEM('color',(#19404),#499);
#19404 = PRESENTATION_STYLE_ASSIGNMENT((#19405,#19410));
#19405 = SURFACE_STYLE_USAGE(.BOTH.,#19406);
#19406 = SURFACE_SIDE_STYLE('',(#19407));
#19407 = SURFACE_STYLE_FILL_AREA(#19408);
#19408 = FILL_AREA_STYLE('',(#19409));
#19409 = FILL_AREA_STYLE_COLOUR('',#19310);
#19410 = CURVE_STYLE('',#19411,POSITIVE_LENGTH_MEASURE(0.1),#19310);
#19411 = DRAUGHTING_PRE_DEFINED_CURVE_FONT('continuous');
#19412 = STYLED_ITEM('color',(#19413),#587);
#19413 = PRESENTATION_STYLE_ASSIGNMENT((#19414,#19419));
#19414 = SURFACE_STYLE_USAGE(.BOTH.,#19415);
#19415 = SURFACE_SIDE_STYLE('',(#19416));
#19416 = SURFACE_STYLE_FILL_AREA(#19417);
#19417 = FILL_AREA_STYLE('',(#19418));
#19418 = FILL_AREA_STYLE_COLOUR('',#19310);
#19419 = CURVE_STYLE('',#19420,POSITIVE_LENGTH_MEASURE(0.1),#19310);
#19420 = DRAUGHTING_PRE_DEFINED_CURVE_FONT('continuous');
#19421 = STYLED_ITEM('color',(#19422),#603);
#19422 = PRESENTATION_STYLE_ASSIGNMENT((#19423,#19428));
#19423 = SURFACE_STYLE_USAGE(.BOTH.,#19424);
#19424 = SURFACE_SIDE_STYLE('',(#19425));
#19425 = SURFACE_STYLE_FILL_AREA(#19426);
#19426 = FILL_AREA_STYLE('',(#19427));
#19427 = FILL_AREA_STYLE_COLOUR('',#19310);
#19428 = CURVE_STYLE('',#19429,POSITIVE_LENGTH_MEASURE(0.1),#19310);
#19429 = DRAUGHTING_PRE_DEFINED_CURVE_FONT('continuous');
#19430 = STYLED_ITEM('color',(#19431),#633);
#19431 = PRESENTATION_STYLE_ASSIGNMENT((#19432,#19437));
#19432 = SURFACE_STYLE_USAGE(.BOTH.,#19433);
#19433 = SURFACE_SIDE_STYLE('',(#19434));
#19434 = SURFACE_STYLE_FILL_AREA(#19435);
#19435 = FILL_AREA_STYLE('',(#19436));
#19436 = FILL_AREA_STYLE_COLOUR('',#17478);
#19437 = CURVE_STYLE('',#19438,POSITIVE_LENGTH_MEASURE(0.1),#17478);
#19438 = DRAUGHTING_PRE_DEFINED_CURVE_FONT('continuous');
#19439 = STYLED_ITEM('color',(#19440),#664);
#19440 = PRESENTATION_STYLE_ASSIGNMENT((#19441,#19446));
#19441 = SURFACE_STYLE_USAGE(.BOTH.,#19442);
#19442 = SURFACE_SIDE_STYLE('',(#19443));
#19443 = SURFACE_STYLE_FILL_AREA(#19444);
#19444 = FILL_AREA_STYLE('',(#19445));
#19445 = FILL_AREA_STYLE_COLOUR('',#19310);
#19446 = CURVE_STYLE('',#19447,POSITIVE_LENGTH_MEASURE(0.1),#19310);
#19447 = DRAUGHTING_PRE_DEFINED_CURVE_FONT('continuous');
#19448 = STYLED_ITEM('color',(#19449),#695);
#19449 = PRESENTATION_STYLE_ASSIGNMENT((#19450,#19455));
#19450 = SURFACE_STYLE_USAGE(.BOTH.,#19451);
#19451 = SURFACE_SIDE_STYLE('',(#19452));
#19452 = SURFACE_STYLE_FILL_AREA(#19453);
#19453 = FILL_AREA_STYLE('',(#19454));
#19454 = FILL_AREA_STYLE_COLOUR('',#17478);
#19455 = CURVE_STYLE('',#19456,POSITIVE_LENGTH_MEASURE(0.1),#17478);
#19456 = DRAUGHTING_PRE_DEFINED_CURVE_FONT('continuous');
#19457 = STYLED_ITEM('color',(#19458),#726);
#19458 = PRESENTATION_STYLE_ASSIGNMENT((#19459,#19464));
#19459 = SURFACE_STYLE_USAGE(.BOTH.,#19460);
#19460 = SURFACE_SIDE_STYLE('',(#19461));
#19461 = SURFACE_STYLE_FILL_AREA(#19462);
#19462 = FILL_AREA_STYLE('',(#19463));
#19463 = FILL_AREA_STYLE_COLOUR('',#19310);
#19464 = CURVE_STYLE('',#19465,POSITIVE_LENGTH_MEASURE(0.1),#19310);
#19465 = DRAUGHTING_PRE_DEFINED_CURVE_FONT('continuous');
#19466 = STYLED_ITEM('color',(#19467),#757);
#19467 = PRESENTATION_STYLE_ASSIGNMENT((#19468,#19473));
#19468 = SURFACE_STYLE_USAGE(.BOTH.,#19469);
#19469 = SURFACE_SIDE_STYLE('',(#19470));
#19470 = SURFACE_STYLE_FILL_AREA(#19471);
#19471 = FILL_AREA_STYLE('',(#19472));
#19472 = FILL_AREA_STYLE_COLOUR('',#17478);
#19473 = CURVE_STYLE('',#19474,POSITIVE_LENGTH_MEASURE(0.1),#17478);
#19474 = DRAUGHTING_PRE_DEFINED_CURVE_FONT('continuous');
#19475 = STYLED_ITEM('color',(#19476),#788);
#19476 = PRESENTATION_STYLE_ASSIGNMENT((#19477,#19482));
#19477 = SURFACE_STYLE_USAGE(.BOTH.,#19478);
#19478 = SURFACE_SIDE_STYLE('',(#19479));
#19479 = SURFACE_STYLE_FILL_AREA(#19480);
#19480 = FILL_AREA_STYLE('',(#19481));
#19481 = FILL_AREA_STYLE_COLOUR('',#19310);
#19482 = CURVE_STYLE('',#19483,POSITIVE_LENGTH_MEASURE(0.1),#19310);
#19483 = DRAUGHTING_PRE_DEFINED_CURVE_FONT('continuous');
#19484 = STYLED_ITEM('color',(#19485),#805);
#19485 = PRESENTATION_STYLE_ASSIGNMENT((#19486,#19491));
#19486 = SURFACE_STYLE_USAGE(.BOTH.,#19487);
#19487 = SURFACE_SIDE_STYLE('',(#19488));
#19488 = SURFACE_STYLE_FILL_AREA(#19489);
#19489 = FILL_AREA_STYLE('',(#19490));
#19490 = FILL_AREA_STYLE_COLOUR('',#19310);
#19491 = CURVE_STYLE('',#19492,POSITIVE_LENGTH_MEASURE(0.1),#19310);
#19492 = DRAUGHTING_PRE_DEFINED_CURVE_FONT('continuous');
#19493 = STYLED_ITEM('color',(#19494),#822);
#19494 = PRESENTATION_STYLE_ASSIGNMENT((#19495,#19500));
#19495 = SURFACE_STYLE_USAGE(.BOTH.,#19496);
#19496 = SURFACE_SIDE_STYLE('',(#19497));
#19497 = SURFACE_STYLE_FILL_AREA(#19498);
#19498 = FILL_AREA_STYLE('',(#19499));
#19499 = FILL_AREA_STYLE_COLOUR('',#17478);
#19500 = CURVE_STYLE('',#19501,POSITIVE_LENGTH_MEASURE(0.1),#17478);
#19501 = DRAUGHTING_PRE_DEFINED_CURVE_FONT('continuous');
#19502 = STYLED_ITEM('color',(#19503),#853);
#19503 = PRESENTATION_STYLE_ASSIGNMENT((#19504,#19509));
#19504 = SURFACE_STYLE_USAGE(.BOTH.,#19505);
#19505 = SURFACE_SIDE_STYLE('',(#19506));
#19506 = SURFACE_STYLE_FILL_AREA(#19507);
#19507 = FILL_AREA_STYLE('',(#19508));
#19508 = FILL_AREA_STYLE_COLOUR('',#19310);
#19509 = CURVE_STYLE('',#19510,POSITIVE_LENGTH_MEASURE(0.1),#19310);
#19510 = DRAUGHTING_PRE_DEFINED_CURVE_FONT('continuous');
#19511 = STYLED_ITEM('color',(#19512),#884);
#19512 = PRESENTATION_STYLE_ASSIGNMENT((#19513,#19518));
#19513 = SURFACE_STYLE_USAGE(.BOTH.,#19514);
#19514 = SURFACE_SIDE_STYLE('',(#19515));
#19515 = SURFACE_STYLE_FILL_AREA(#19516);
#19516 = FILL_AREA_STYLE('',(#19517));
#19517 = FILL_AREA_STYLE_COLOUR('',#17478);
#19518 = CURVE_STYLE('',#19519,POSITIVE_LENGTH_MEASURE(0.1),#17478);
#19519 = DRAUGHTING_PRE_DEFINED_CURVE_FONT('continuous');
#19520 = STYLED_ITEM('color',(#19521),#915);
#19521 = PRESENTATION_STYLE_ASSIGNMENT((#19522,#19527));
#19522 = SURFACE_STYLE_USAGE(.BOTH.,#19523);
#19523 = SURFACE_SIDE_STYLE('',(#19524));
#19524 = SURFACE_STYLE_FILL_AREA(#19525);
#19525 = FILL_AREA_STYLE('',(#19526));
#19526 = FILL_AREA_STYLE_COLOUR('',#19310);
#19527 = CURVE_STYLE('',#19528,POSITIVE_LENGTH_MEASURE(0.1),#19310);
#19528 = DRAUGHTING_PRE_DEFINED_CURVE_FONT('continuous');
#19529 = STYLED_ITEM('color',(#19530),#945);
#19530 = PRESENTATION_STYLE_ASSIGNMENT((#19531,#19536));
#19531 = SURFACE_STYLE_USAGE(.BOTH.,#19532);
#19532 = SURFACE_SIDE_STYLE('',(#19533));
#19533 = SURFACE_STYLE_FILL_AREA(#19534);
#19534 = FILL_AREA_STYLE('',(#19535));
#19535 = FILL_AREA_STYLE_COLOUR('',#19310);
#19536 = CURVE_STYLE('',#19537,POSITIVE_LENGTH_MEASURE(0.1),#19310);
#19537 = DRAUGHTING_PRE_DEFINED_CURVE_FONT('continuous');
#19538 = STYLED_ITEM('color',(#19539),#968);
#19539 = PRESENTATION_STYLE_ASSIGNMENT((#19540,#19545));
#19540 = SURFACE_STYLE_USAGE(.BOTH.,#19541);
#19541 = SURFACE_SIDE_STYLE('',(#19542));
#19542 = SURFACE_STYLE_FILL_AREA(#19543);
#19543 = FILL_AREA_STYLE('',(#19544));
#19544 = FILL_AREA_STYLE_COLOUR('',#19310);
#19545 = CURVE_STYLE('',#19546,POSITIVE_LENGTH_MEASURE(0.1),#19310);
#19546 = DRAUGHTING_PRE_DEFINED_CURVE_FONT('continuous');
#19547 = STYLED_ITEM('color',(#19548),#991);
#19548 = PRESENTATION_STYLE_ASSIGNMENT((#19549,#19554));
#19549 = SURFACE_STYLE_USAGE(.BOTH.,#19550);
#19550 = SURFACE_SIDE_STYLE('',(#19551));
#19551 = SURFACE_STYLE_FILL_AREA(#19552);
#19552 = FILL_AREA_STYLE('',(#19553));
#19553 = FILL_AREA_STYLE_COLOUR('',#19310);
#19554 = CURVE_STYLE('',#19555,POSITIVE_LENGTH_MEASURE(0.1),#19310);
#19555 = DRAUGHTING_PRE_DEFINED_CURVE_FONT('continuous');
#19556 = STYLED_ITEM('color',(#19557),#1008);
#19557 = PRESENTATION_STYLE_ASSIGNMENT((#19558,#19563));
#19558 = SURFACE_STYLE_USAGE(.BOTH.,#19559);
#19559 = SURFACE_SIDE_STYLE('',(#19560));
#19560 = SURFACE_STYLE_FILL_AREA(#19561);
#19561 = FILL_AREA_STYLE('',(#19562));
#19562 = FILL_AREA_STYLE_COLOUR('',#17478);
#19563 = CURVE_STYLE('',#19564,POSITIVE_LENGTH_MEASURE(0.1),#17478);
#19564 = DRAUGHTING_PRE_DEFINED_CURVE_FONT('continuous');
#19565 = STYLED_ITEM('color',(#19566),#1053);
#19566 = PRESENTATION_STYLE_ASSIGNMENT((#19567,#19572));
#19567 = SURFACE_STYLE_USAGE(.BOTH.,#19568);
#19568 = SURFACE_SIDE_STYLE('',(#19569));
#19569 = SURFACE_STYLE_FILL_AREA(#19570);
#19570 = FILL_AREA_STYLE('',(#19571));
#19571 = FILL_AREA_STYLE_COLOUR('',#19310);
#19572 = CURVE_STYLE('',#19573,POSITIVE_LENGTH_MEASURE(0.1),#19310);
#19573 = DRAUGHTING_PRE_DEFINED_CURVE_FONT('continuous');
#19574 = STYLED_ITEM('color',(#19575),#1123);
#19575 = PRESENTATION_STYLE_ASSIGNMENT((#19576,#19581));
#19576 = SURFACE_STYLE_USAGE(.BOTH.,#19577);
#19577 = SURFACE_SIDE_STYLE('',(#19578));
#19578 = SURFACE_STYLE_FILL_AREA(#19579);
#19579 = FILL_AREA_STYLE('',(#19580));
#19580 = FILL_AREA_STYLE_COLOUR('',#19310);
#19581 = CURVE_STYLE('',#19582,POSITIVE_LENGTH_MEASURE(0.1),#19310);
#19582 = DRAUGHTING_PRE_DEFINED_CURVE_FONT('continuous');
#19583 = STYLED_ITEM('color',(#19584),#1146);
#19584 = PRESENTATION_STYLE_ASSIGNMENT((#19585,#19590));
#19585 = SURFACE_STYLE_USAGE(.BOTH.,#19586);
#19586 = SURFACE_SIDE_STYLE('',(#19587));
#19587 = SURFACE_STYLE_FILL_AREA(#19588);
#19588 = FILL_AREA_STYLE('',(#19589));
#19589 = FILL_AREA_STYLE_COLOUR('',#19310);
#19590 = CURVE_STYLE('',#19591,POSITIVE_LENGTH_MEASURE(0.1),#19310);
#19591 = DRAUGHTING_PRE_DEFINED_CURVE_FONT('continuous');
#19592 = STYLED_ITEM('color',(#19593),#1169);
#19593 = PRESENTATION_STYLE_ASSIGNMENT((#19594,#19599));
#19594 = SURFACE_STYLE_USAGE(.BOTH.,#19595);
#19595 = SURFACE_SIDE_STYLE('',(#19596));
#19596 = SURFACE_STYLE_FILL_AREA(#19597);
#19597 = FILL_AREA_STYLE('',(#19598));
#19598 = FILL_AREA_STYLE_COLOUR('',#19310);
#19599 = CURVE_STYLE('',#19600,POSITIVE_LENGTH_MEASURE(0.1),#19310);
#19600 = DRAUGHTING_PRE_DEFINED_CURVE_FONT('continuous');
#19601 = STYLED_ITEM('color',(#19602),#1192);
#19602 = PRESENTATION_STYLE_ASSIGNMENT((#19603,#19608));
#19603 = SURFACE_STYLE_USAGE(.BOTH.,#19604);
#19604 = SURFACE_SIDE_STYLE('',(#19605));
#19605 = SURFACE_STYLE_FILL_AREA(#19606);
#19606 = FILL_AREA_STYLE('',(#19607));
#19607 = FILL_AREA_STYLE_COLOUR('',#19310);
#19608 = CURVE_STYLE('',#19609,POSITIVE_LENGTH_MEASURE(0.1),#19310);
#19609 = DRAUGHTING_PRE_DEFINED_CURVE_FONT('continuous');
#19610 = STYLED_ITEM('color',(#19611),#1247);
#19611 = PRESENTATION_STYLE_ASSIGNMENT((#19612,#19617));
#19612 = SURFACE_STYLE_USAGE(.BOTH.,#19613);
#19613 = SURFACE_SIDE_STYLE('',(#19614));
#19614 = SURFACE_STYLE_FILL_AREA(#19615);
#19615 = FILL_AREA_STYLE('',(#19616));
#19616 = FILL_AREA_STYLE_COLOUR('',#17478);
#19617 = CURVE_STYLE('',#19618,POSITIVE_LENGTH_MEASURE(0.1),#17478);
#19618 = DRAUGHTING_PRE_DEFINED_CURVE_FONT('continuous');
#19619 = STYLED_ITEM('color',(#19620),#1285);
#19620 = PRESENTATION_STYLE_ASSIGNMENT((#19621,#19626));
#19621 = SURFACE_STYLE_USAGE(.BOTH.,#19622);
#19622 = SURFACE_SIDE_STYLE('',(#19623));
#19623 = SURFACE_STYLE_FILL_AREA(#19624);
#19624 = FILL_AREA_STYLE('',(#19625));
#19625 = FILL_AREA_STYLE_COLOUR('',#19310);
#19626 = CURVE_STYLE('',#19627,POSITIVE_LENGTH_MEASURE(0.1),#19310);
#19627 = DRAUGHTING_PRE_DEFINED_CURVE_FONT('continuous');
#19628 = STYLED_ITEM('color',(#19629),#1334);
#19629 = PRESENTATION_STYLE_ASSIGNMENT((#19630,#19635));
#19630 = SURFACE_STYLE_USAGE(.BOTH.,#19631);
#19631 = SURFACE_SIDE_STYLE('',(#19632));
#19632 = SURFACE_STYLE_FILL_AREA(#19633);
#19633 = FILL_AREA_STYLE('',(#19634));
#19634 = FILL_AREA_STYLE_COLOUR('',#17478);
#19635 = CURVE_STYLE('',#19636,POSITIVE_LENGTH_MEASURE(0.1),#17478);
#19636 = DRAUGHTING_PRE_DEFINED_CURVE_FONT('continuous');
#19637 = STYLED_ITEM('color',(#19638),#1426);
#19638 = PRESENTATION_STYLE_ASSIGNMENT((#19639,#19644));
#19639 = SURFACE_STYLE_USAGE(.BOTH.,#19640);
#19640 = SURFACE_SIDE_STYLE('',(#19641));
#19641 = SURFACE_STYLE_FILL_AREA(#19642);
#19642 = FILL_AREA_STYLE('',(#19643));
#19643 = FILL_AREA_STYLE_COLOUR('',#17478);
#19644 = CURVE_STYLE('',#19645,POSITIVE_LENGTH_MEASURE(0.1),#17478);
#19645 = DRAUGHTING_PRE_DEFINED_CURVE_FONT('continuous');
#19646 = STYLED_ITEM('color',(#19647),#1451);
#19647 = PRESENTATION_STYLE_ASSIGNMENT((#19648,#19653));
#19648 = SURFACE_STYLE_USAGE(.BOTH.,#19649);
#19649 = SURFACE_SIDE_STYLE('',(#19650));
#19650 = SURFACE_STYLE_FILL_AREA(#19651);
#19651 = FILL_AREA_STYLE('',(#19652));
#19652 = FILL_AREA_STYLE_COLOUR('',#17478);
#19653 = CURVE_STYLE('',#19654,POSITIVE_LENGTH_MEASURE(0.1),#17478);
#19654 = DRAUGHTING_PRE_DEFINED_CURVE_FONT('continuous');
#19655 = STYLED_ITEM('color',(#19656),#1535);
#19656 = PRESENTATION_STYLE_ASSIGNMENT((#19657,#19662));
#19657 = SURFACE_STYLE_USAGE(.BOTH.,#19658);
#19658 = SURFACE_SIDE_STYLE('',(#19659));
#19659 = SURFACE_STYLE_FILL_AREA(#19660);
#19660 = FILL_AREA_STYLE('',(#19661));
#19661 = FILL_AREA_STYLE_COLOUR('',#19310);
#19662 = CURVE_STYLE('',#19663,POSITIVE_LENGTH_MEASURE(0.1),#19310);
#19663 = DRAUGHTING_PRE_DEFINED_CURVE_FONT('continuous');
#19664 = STYLED_ITEM('color',(#19665),#1557);
#19665 = PRESENTATION_STYLE_ASSIGNMENT((#19666,#19671));
#19666 = SURFACE_STYLE_USAGE(.BOTH.,#19667);
#19667 = SURFACE_SIDE_STYLE('',(#19668));
#19668 = SURFACE_STYLE_FILL_AREA(#19669);
#19669 = FILL_AREA_STYLE('',(#19670));
#19670 = FILL_AREA_STYLE_COLOUR('',#17478);
#19671 = CURVE_STYLE('',#19672,POSITIVE_LENGTH_MEASURE(0.1),#17478);
#19672 = DRAUGHTING_PRE_DEFINED_CURVE_FONT('continuous');
#19673 = STYLED_ITEM('color',(#19674),#1649);
#19674 = PRESENTATION_STYLE_ASSIGNMENT((#19675,#19680));
#19675 = SURFACE_STYLE_USAGE(.BOTH.,#19676);
#19676 = SURFACE_SIDE_STYLE('',(#19677));
#19677 = SURFACE_STYLE_FILL_AREA(#19678);
#19678 = FILL_AREA_STYLE('',(#19679));
#19679 = FILL_AREA_STYLE_COLOUR('',#17478);
#19680 = CURVE_STYLE('',#19681,POSITIVE_LENGTH_MEASURE(0.1),#17478);
#19681 = DRAUGHTING_PRE_DEFINED_CURVE_FONT('continuous');
#19682 = STYLED_ITEM('color',(#19683),#1674);
#19683 = PRESENTATION_STYLE_ASSIGNMENT((#19684,#19689));
#19684 = SURFACE_STYLE_USAGE(.BOTH.,#19685);
#19685 = SURFACE_SIDE_STYLE('',(#19686));
#19686 = SURFACE_STYLE_FILL_AREA(#19687);
#19687 = FILL_AREA_STYLE('',(#19688));
#19688 = FILL_AREA_STYLE_COLOUR('',#17478);
#19689 = CURVE_STYLE('',#19690,POSITIVE_LENGTH_MEASURE(0.1),#17478);
#19690 = DRAUGHTING_PRE_DEFINED_CURVE_FONT('continuous');
#19691 = STYLED_ITEM('color',(#19692),#1758);
#19692 = PRESENTATION_STYLE_ASSIGNMENT((#19693,#19698));
#19693 = SURFACE_STYLE_USAGE(.BOTH.,#19694);
#19694 = SURFACE_SIDE_STYLE('',(#19695));
#19695 = SURFACE_STYLE_FILL_AREA(#19696);
#19696 = FILL_AREA_STYLE('',(#19697));
#19697 = FILL_AREA_STYLE_COLOUR('',#19310);
#19698 = CURVE_STYLE('',#19699,POSITIVE_LENGTH_MEASURE(0.1),#19310);
#19699 = DRAUGHTING_PRE_DEFINED_CURVE_FONT('continuous');
#19700 = STYLED_ITEM('color',(#19701),#1775);
#19701 = PRESENTATION_STYLE_ASSIGNMENT((#19702,#19707));
#19702 = SURFACE_STYLE_USAGE(.BOTH.,#19703);
#19703 = SURFACE_SIDE_STYLE('',(#19704));
#19704 = SURFACE_STYLE_FILL_AREA(#19705);
#19705 = FILL_AREA_STYLE('',(#19706));
#19706 = FILL_AREA_STYLE_COLOUR('',#17478);
#19707 = CURVE_STYLE('',#19708,POSITIVE_LENGTH_MEASURE(0.1),#17478);
#19708 = DRAUGHTING_PRE_DEFINED_CURVE_FONT('continuous');
#19709 = STYLED_ITEM('color',(#19710),#1860);
#19710 = PRESENTATION_STYLE_ASSIGNMENT((#19711,#19716));
#19711 = SURFACE_STYLE_USAGE(.BOTH.,#19712);
#19712 = SURFACE_SIDE_STYLE('',(#19713));
#19713 = SURFACE_STYLE_FILL_AREA(#19714);
#19714 = FILL_AREA_STYLE('',(#19715));
#19715 = FILL_AREA_STYLE_COLOUR('',#17478);
#19716 = CURVE_STYLE('',#19717,POSITIVE_LENGTH_MEASURE(0.1),#17478);
#19717 = DRAUGHTING_PRE_DEFINED_CURVE_FONT('continuous');
#19718 = STYLED_ITEM('color',(#19719),#1885);
#19719 = PRESENTATION_STYLE_ASSIGNMENT((#19720,#19725));
#19720 = SURFACE_STYLE_USAGE(.BOTH.,#19721);
#19721 = SURFACE_SIDE_STYLE('',(#19722));
#19722 = SURFACE_STYLE_FILL_AREA(#19723);
#19723 = FILL_AREA_STYLE('',(#19724));
#19724 = FILL_AREA_STYLE_COLOUR('',#17478);
#19725 = CURVE_STYLE('',#19726,POSITIVE_LENGTH_MEASURE(0.1),#17478);
#19726 = DRAUGHTING_PRE_DEFINED_CURVE_FONT('continuous');
#19727 = STYLED_ITEM('color',(#19728),#1962);
#19728 = PRESENTATION_STYLE_ASSIGNMENT((#19729,#19734));
#19729 = SURFACE_STYLE_USAGE(.BOTH.,#19730);
#19730 = SURFACE_SIDE_STYLE('',(#19731));
#19731 = SURFACE_STYLE_FILL_AREA(#19732);
#19732 = FILL_AREA_STYLE('',(#19733));
#19733 = FILL_AREA_STYLE_COLOUR('',#17478);
#19734 = CURVE_STYLE('',#19735,POSITIVE_LENGTH_MEASURE(0.1),#17478);
#19735 = DRAUGHTING_PRE_DEFINED_CURVE_FONT('continuous');
#19736 = STYLED_ITEM('color',(#19737),#2047);
#19737 = PRESENTATION_STYLE_ASSIGNMENT((#19738,#19743));
#19738 = SURFACE_STYLE_USAGE(.BOTH.,#19739);
#19739 = SURFACE_SIDE_STYLE('',(#19740));
#19740 = SURFACE_STYLE_FILL_AREA(#19741);
#19741 = FILL_AREA_STYLE('',(#19742));
#19742 = FILL_AREA_STYLE_COLOUR('',#17478);
#19743 = CURVE_STYLE('',#19744,POSITIVE_LENGTH_MEASURE(0.1),#17478);
#19744 = DRAUGHTING_PRE_DEFINED_CURVE_FONT('continuous');
#19745 = STYLED_ITEM('color',(#19746),#2072);
#19746 = PRESENTATION_STYLE_ASSIGNMENT((#19747,#19752));
#19747 = SURFACE_STYLE_USAGE(.BOTH.,#19748);
#19748 = SURFACE_SIDE_STYLE('',(#19749));
#19749 = SURFACE_STYLE_FILL_AREA(#19750);
#19750 = FILL_AREA_STYLE('',(#19751));
#19751 = FILL_AREA_STYLE_COLOUR('',#17478);
#19752 = CURVE_STYLE('',#19753,POSITIVE_LENGTH_MEASURE(0.1),#17478);
#19753 = DRAUGHTING_PRE_DEFINED_CURVE_FONT('continuous');
#19754 = STYLED_ITEM('color',(#19755),#2149);
#19755 = PRESENTATION_STYLE_ASSIGNMENT((#19756,#19761));
#19756 = SURFACE_STYLE_USAGE(.BOTH.,#19757);
#19757 = SURFACE_SIDE_STYLE('',(#19758));
#19758 = SURFACE_STYLE_FILL_AREA(#19759);
#19759 = FILL_AREA_STYLE('',(#19760));
#19760 = FILL_AREA_STYLE_COLOUR('',#19310);
#19761 = CURVE_STYLE('',#19762,POSITIVE_LENGTH_MEASURE(0.1),#19310);
#19762 = DRAUGHTING_PRE_DEFINED_CURVE_FONT('continuous');
#19763 = STYLED_ITEM('color',(#19764),#2166);
#19764 = PRESENTATION_STYLE_ASSIGNMENT((#19765,#19770));
#19765 = SURFACE_STYLE_USAGE(.BOTH.,#19766);
#19766 = SURFACE_SIDE_STYLE('',(#19767));
#19767 = SURFACE_STYLE_FILL_AREA(#19768);
#19768 = FILL_AREA_STYLE('',(#19769));
#19769 = FILL_AREA_STYLE_COLOUR('',#17478);
#19770 = CURVE_STYLE('',#19771,POSITIVE_LENGTH_MEASURE(0.1),#17478);
#19771 = DRAUGHTING_PRE_DEFINED_CURVE_FONT('continuous');
#19772 = STYLED_ITEM('color',(#19773),#2258);
#19773 = PRESENTATION_STYLE_ASSIGNMENT((#19774,#19779));
#19774 = SURFACE_STYLE_USAGE(.BOTH.,#19775);
#19775 = SURFACE_SIDE_STYLE('',(#19776));
#19776 = SURFACE_STYLE_FILL_AREA(#19777);
#19777 = FILL_AREA_STYLE('',(#19778));
#19778 = FILL_AREA_STYLE_COLOUR('',#17478);
#19779 = CURVE_STYLE('',#19780,POSITIVE_LENGTH_MEASURE(0.1),#17478);
#19780 = DRAUGHTING_PRE_DEFINED_CURVE_FONT('continuous');
#19781 = STYLED_ITEM('color',(#19782),#2283);
#19782 = PRESENTATION_STYLE_ASSIGNMENT((#19783,#19788));
#19783 = SURFACE_STYLE_USAGE(.BOTH.,#19784);
#19784 = SURFACE_SIDE_STYLE('',(#19785));
#19785 = SURFACE_STYLE_FILL_AREA(#19786);
#19786 = FILL_AREA_STYLE('',(#19787));
#19787 = FILL_AREA_STYLE_COLOUR('',#17478);
#19788 = CURVE_STYLE('',#19789,POSITIVE_LENGTH_MEASURE(0.1),#17478);
#19789 = DRAUGHTING_PRE_DEFINED_CURVE_FONT('continuous');
#19790 = STYLED_ITEM('color',(#19791),#2367);
#19791 = PRESENTATION_STYLE_ASSIGNMENT((#19792,#19797));
#19792 = SURFACE_STYLE_USAGE(.BOTH.,#19793);
#19793 = SURFACE_SIDE_STYLE('',(#19794));
#19794 = SURFACE_STYLE_FILL_AREA(#19795);
#19795 = FILL_AREA_STYLE('',(#19796));
#19796 = FILL_AREA_STYLE_COLOUR('',#17478);
#19797 = CURVE_STYLE('',#19798,POSITIVE_LENGTH_MEASURE(0.1),#17478);
#19798 = DRAUGHTING_PRE_DEFINED_CURVE_FONT('continuous');
#19799 = STYLED_ITEM('color',(#19800),#2384);
#19800 = PRESENTATION_STYLE_ASSIGNMENT((#19801,#19806));
#19801 = SURFACE_STYLE_USAGE(.BOTH.,#19802);
#19802 = SURFACE_SIDE_STYLE('',(#19803));
#19803 = SURFACE_STYLE_FILL_AREA(#19804);
#19804 = FILL_AREA_STYLE('',(#19805));
#19805 = FILL_AREA_STYLE_COLOUR('',#17478);
#19806 = CURVE_STYLE('',#19807,POSITIVE_LENGTH_MEASURE(0.1),#17478);
#19807 = DRAUGHTING_PRE_DEFINED_CURVE_FONT('continuous');
#19808 = STYLED_ITEM('color',(#19809),#2403);
#19809 = PRESENTATION_STYLE_ASSIGNMENT((#19810,#19815));
#19810 = SURFACE_STYLE_USAGE(.BOTH.,#19811);
#19811 = SURFACE_SIDE_STYLE('',(#19812));
#19812 = SURFACE_STYLE_FILL_AREA(#19813);
#19813 = FILL_AREA_STYLE('',(#19814));
#19814 = FILL_AREA_STYLE_COLOUR('',#17478);
#19815 = CURVE_STYLE('',#19816,POSITIVE_LENGTH_MEASURE(0.1),#17478);
#19816 = DRAUGHTING_PRE_DEFINED_CURVE_FONT('continuous');
#19817 = STYLED_ITEM('color',(#19818),#2422);
#19818 = PRESENTATION_STYLE_ASSIGNMENT((#19819,#19824));
#19819 = SURFACE_STYLE_USAGE(.BOTH.,#19820);
#19820 = SURFACE_SIDE_STYLE('',(#19821));
#19821 = SURFACE_STYLE_FILL_AREA(#19822);
#19822 = FILL_AREA_STYLE('',(#19823));
#19823 = FILL_AREA_STYLE_COLOUR('',#19310);
#19824 = CURVE_STYLE('',#19825,POSITIVE_LENGTH_MEASURE(0.1),#19310);
#19825 = DRAUGHTING_PRE_DEFINED_CURVE_FONT('continuous');
#19826 = STYLED_ITEM('color',(#19827),#2468);
#19827 = PRESENTATION_STYLE_ASSIGNMENT((#19828,#19833));
#19828 = SURFACE_STYLE_USAGE(.BOTH.,#19829);
#19829 = SURFACE_SIDE_STYLE('',(#19830));
#19830 = SURFACE_STYLE_FILL_AREA(#19831);
#19831 = FILL_AREA_STYLE('',(#19832));
#19832 = FILL_AREA_STYLE_COLOUR('',#19310);
#19833 = CURVE_STYLE('',#19834,POSITIVE_LENGTH_MEASURE(0.1),#19310);
#19834 = DRAUGHTING_PRE_DEFINED_CURVE_FONT('continuous');
#19835 = STYLED_ITEM('color',(#19836),#2484);
#19836 = PRESENTATION_STYLE_ASSIGNMENT((#19837,#19842));
#19837 = SURFACE_STYLE_USAGE(.BOTH.,#19838);
#19838 = SURFACE_SIDE_STYLE('',(#19839));
#19839 = SURFACE_STYLE_FILL_AREA(#19840);
#19840 = FILL_AREA_STYLE('',(#19841));
#19841 = FILL_AREA_STYLE_COLOUR('',#17478);
#19842 = CURVE_STYLE('',#19843,POSITIVE_LENGTH_MEASURE(0.1),#17478);
#19843 = DRAUGHTING_PRE_DEFINED_CURVE_FONT('continuous');
#19844 = STYLED_ITEM('color',(#19845),#2503);
#19845 = PRESENTATION_STYLE_ASSIGNMENT((#19846,#19851));
#19846 = SURFACE_STYLE_USAGE(.BOTH.,#19847);
#19847 = SURFACE_SIDE_STYLE('',(#19848));
#19848 = SURFACE_STYLE_FILL_AREA(#19849);
#19849 = FILL_AREA_STYLE('',(#19850));
#19850 = FILL_AREA_STYLE_COLOUR('',#19310);
#19851 = CURVE_STYLE('',#19852,POSITIVE_LENGTH_MEASURE(0.1),#19310);
#19852 = DRAUGHTING_PRE_DEFINED_CURVE_FONT('continuous');
#19853 = STYLED_ITEM('color',(#19854),#2519);
#19854 = PRESENTATION_STYLE_ASSIGNMENT((#19855,#19860));
#19855 = SURFACE_STYLE_USAGE(.BOTH.,#19856);
#19856 = SURFACE_SIDE_STYLE('',(#19857));
#19857 = SURFACE_STYLE_FILL_AREA(#19858);
#19858 = FILL_AREA_STYLE('',(#19859));
#19859 = FILL_AREA_STYLE_COLOUR('',#17478);
#19860 = CURVE_STYLE('',#19861,POSITIVE_LENGTH_MEASURE(0.1),#17478);
#19861 = DRAUGHTING_PRE_DEFINED_CURVE_FONT('continuous');
#19862 = STYLED_ITEM('color',(#19863),#2536);
#19863 = PRESENTATION_STYLE_ASSIGNMENT((#19864,#19869));
#19864 = SURFACE_STYLE_USAGE(.BOTH.,#19865);
#19865 = SURFACE_SIDE_STYLE('',(#19866));
#19866 = SURFACE_STYLE_FILL_AREA(#19867);
#19867 = FILL_AREA_STYLE('',(#19868));
#19868 = FILL_AREA_STYLE_COLOUR('',#19310);
#19869 = CURVE_STYLE('',#19870,POSITIVE_LENGTH_MEASURE(0.1),#19310);
#19870 = DRAUGHTING_PRE_DEFINED_CURVE_FONT('continuous');
#19871 = STYLED_ITEM('color',(#19872),#2548);
#19872 = PRESENTATION_STYLE_ASSIGNMENT((#19873,#19878));
#19873 = SURFACE_STYLE_USAGE(.BOTH.,#19874);
#19874 = SURFACE_SIDE_STYLE('',(#19875));
#19875 = SURFACE_STYLE_FILL_AREA(#19876);
#19876 = FILL_AREA_STYLE('',(#19877));
#19877 = FILL_AREA_STYLE_COLOUR('',#17478);
#19878 = CURVE_STYLE('',#19879,POSITIVE_LENGTH_MEASURE(0.1),#17478);
#19879 = DRAUGHTING_PRE_DEFINED_CURVE_FONT('continuous');
#19880 = STYLED_ITEM('color',(#19881),#2565);
#19881 = PRESENTATION_STYLE_ASSIGNMENT((#19882,#19887));
#19882 = SURFACE_STYLE_USAGE(.BOTH.,#19883);
#19883 = SURFACE_SIDE_STYLE('',(#19884));
#19884 = SURFACE_STYLE_FILL_AREA(#19885);
#19885 = FILL_AREA_STYLE('',(#19886));
#19886 = FILL_AREA_STYLE_COLOUR('',#17478);
#19887 = CURVE_STYLE('',#19888,POSITIVE_LENGTH_MEASURE(0.1),#17478);
#19888 = DRAUGHTING_PRE_DEFINED_CURVE_FONT('continuous');
#19889 = STYLED_ITEM('color',(#19890),#2582);
#19890 = PRESENTATION_STYLE_ASSIGNMENT((#19891,#19896));
#19891 = SURFACE_STYLE_USAGE(.BOTH.,#19892);
#19892 = SURFACE_SIDE_STYLE('',(#19893));
#19893 = SURFACE_STYLE_FILL_AREA(#19894);
#19894 = FILL_AREA_STYLE('',(#19895));
#19895 = FILL_AREA_STYLE_COLOUR('',#17478);
#19896 = CURVE_STYLE('',#19897,POSITIVE_LENGTH_MEASURE(0.1),#17478);
#19897 = DRAUGHTING_PRE_DEFINED_CURVE_FONT('continuous');
#19898 = STYLED_ITEM('color',(#19899),#2599);
#19899 = PRESENTATION_STYLE_ASSIGNMENT((#19900,#19905));
#19900 = SURFACE_STYLE_USAGE(.BOTH.,#19901);
#19901 = SURFACE_SIDE_STYLE('',(#19902));
#19902 = SURFACE_STYLE_FILL_AREA(#19903);
#19903 = FILL_AREA_STYLE('',(#19904));
#19904 = FILL_AREA_STYLE_COLOUR('',#17478);
#19905 = CURVE_STYLE('',#19906,POSITIVE_LENGTH_MEASURE(0.1),#17478);
#19906 = DRAUGHTING_PRE_DEFINED_CURVE_FONT('continuous');
#19907 = STYLED_ITEM('color',(#19908),#2616);
#19908 = PRESENTATION_STYLE_ASSIGNMENT((#19909,#19914));
#19909 = SURFACE_STYLE_USAGE(.BOTH.,#19910);
#19910 = SURFACE_SIDE_STYLE('',(#19911));
#19911 = SURFACE_STYLE_FILL_AREA(#19912);
#19912 = FILL_AREA_STYLE('',(#19913));
#19913 = FILL_AREA_STYLE_COLOUR('',#17478);
#19914 = CURVE_STYLE('',#19915,POSITIVE_LENGTH_MEASURE(0.1),#17478);
#19915 = DRAUGHTING_PRE_DEFINED_CURVE_FONT('continuous');
#19916 = STYLED_ITEM('color',(#19917),#2633);
#19917 = PRESENTATION_STYLE_ASSIGNMENT((#19918,#19923));
#19918 = SURFACE_STYLE_USAGE(.BOTH.,#19919);
#19919 = SURFACE_SIDE_STYLE('',(#19920));
#19920 = SURFACE_STYLE_FILL_AREA(#19921);
#19921 = FILL_AREA_STYLE('',(#19922));
#19922 = FILL_AREA_STYLE_COLOUR('',#17478);
#19923 = CURVE_STYLE('',#19924,POSITIVE_LENGTH_MEASURE(0.1),#17478);
#19924 = DRAUGHTING_PRE_DEFINED_CURVE_FONT('continuous');
#19925 = STYLED_ITEM('color',(#19926),#2650);
#19926 = PRESENTATION_STYLE_ASSIGNMENT((#19927,#19932));
#19927 = SURFACE_STYLE_USAGE(.BOTH.,#19928);
#19928 = SURFACE_SIDE_STYLE('',(#19929));
#19929 = SURFACE_STYLE_FILL_AREA(#19930);
#19930 = FILL_AREA_STYLE('',(#19931));
#19931 = FILL_AREA_STYLE_COLOUR('',#17478);
#19932 = CURVE_STYLE('',#19933,POSITIVE_LENGTH_MEASURE(0.1),#17478);
#19933 = DRAUGHTING_PRE_DEFINED_CURVE_FONT('continuous');
#19934 = STYLED_ITEM('color',(#19935),#2667);
#19935 = PRESENTATION_STYLE_ASSIGNMENT((#19936,#19941));
#19936 = SURFACE_STYLE_USAGE(.BOTH.,#19937);
#19937 = SURFACE_SIDE_STYLE('',(#19938));
#19938 = SURFACE_STYLE_FILL_AREA(#19939);
#19939 = FILL_AREA_STYLE('',(#19940));
#19940 = FILL_AREA_STYLE_COLOUR('',#17478);
#19941 = CURVE_STYLE('',#19942,POSITIVE_LENGTH_MEASURE(0.1),#17478);
#19942 = DRAUGHTING_PRE_DEFINED_CURVE_FONT('continuous');
#19943 = STYLED_ITEM('color',(#19944),#2679);
#19944 = PRESENTATION_STYLE_ASSIGNMENT((#19945,#19950));
#19945 = SURFACE_STYLE_USAGE(.BOTH.,#19946);
#19946 = SURFACE_SIDE_STYLE('',(#19947));
#19947 = SURFACE_STYLE_FILL_AREA(#19948);
#19948 = FILL_AREA_STYLE('',(#19949));
#19949 = FILL_AREA_STYLE_COLOUR('',#17478);
#19950 = CURVE_STYLE('',#19951,POSITIVE_LENGTH_MEASURE(0.1),#17478);
#19951 = DRAUGHTING_PRE_DEFINED_CURVE_FONT('continuous');
#19952 = STYLED_ITEM('color',(#19953),#2696);
#19953 = PRESENTATION_STYLE_ASSIGNMENT((#19954,#19959));
#19954 = SURFACE_STYLE_USAGE(.BOTH.,#19955);
#19955 = SURFACE_SIDE_STYLE('',(#19956));
#19956 = SURFACE_STYLE_FILL_AREA(#19957);
#19957 = FILL_AREA_STYLE('',(#19958));
#19958 = FILL_AREA_STYLE_COLOUR('',#17478);
#19959 = CURVE_STYLE('',#19960,POSITIVE_LENGTH_MEASURE(0.1),#17478);
#19960 = DRAUGHTING_PRE_DEFINED_CURVE_FONT('continuous');
#19961 = STYLED_ITEM('color',(#19962),#2713);
#19962 = PRESENTATION_STYLE_ASSIGNMENT((#19963,#19968));
#19963 = SURFACE_STYLE_USAGE(.BOTH.,#19964);
#19964 = SURFACE_SIDE_STYLE('',(#19965));
#19965 = SURFACE_STYLE_FILL_AREA(#19966);
#19966 = FILL_AREA_STYLE('',(#19967));
#19967 = FILL_AREA_STYLE_COLOUR('',#17478);
#19968 = CURVE_STYLE('',#19969,POSITIVE_LENGTH_MEASURE(0.1),#17478);
#19969 = DRAUGHTING_PRE_DEFINED_CURVE_FONT('continuous');
#19970 = STYLED_ITEM('color',(#19971),#2730);
#19971 = PRESENTATION_STYLE_ASSIGNMENT((#19972,#19977));
#19972 = SURFACE_STYLE_USAGE(.BOTH.,#19973);
#19973 = SURFACE_SIDE_STYLE('',(#19974));
#19974 = SURFACE_STYLE_FILL_AREA(#19975);
#19975 = FILL_AREA_STYLE('',(#19976));
#19976 = FILL_AREA_STYLE_COLOUR('',#17478);
#19977 = CURVE_STYLE('',#19978,POSITIVE_LENGTH_MEASURE(0.1),#17478);
#19978 = DRAUGHTING_PRE_DEFINED_CURVE_FONT('continuous');
#19979 = STYLED_ITEM('color',(#19980),#2747);
#19980 = PRESENTATION_STYLE_ASSIGNMENT((#19981,#19986));
#19981 = SURFACE_STYLE_USAGE(.BOTH.,#19982);
#19982 = SURFACE_SIDE_STYLE('',(#19983));
#19983 = SURFACE_STYLE_FILL_AREA(#19984);
#19984 = FILL_AREA_STYLE('',(#19985));
#19985 = FILL_AREA_STYLE_COLOUR('',#17478);
#19986 = CURVE_STYLE('',#19987,POSITIVE_LENGTH_MEASURE(0.1),#17478);
#19987 = DRAUGHTING_PRE_DEFINED_CURVE_FONT('continuous');
#19988 = STYLED_ITEM('color',(#19989),#2764);
#19989 = PRESENTATION_STYLE_ASSIGNMENT((#19990,#19995));
#19990 = SURFACE_STYLE_USAGE(.BOTH.,#19991);
#19991 = SURFACE_SIDE_STYLE('',(#19992));
#19992 = SURFACE_STYLE_FILL_AREA(#19993);
#19993 = FILL_AREA_STYLE('',(#19994));
#19994 = FILL_AREA_STYLE_COLOUR('',#17478);
#19995 = CURVE_STYLE('',#19996,POSITIVE_LENGTH_MEASURE(0.1),#17478);
#19996 = DRAUGHTING_PRE_DEFINED_CURVE_FONT('continuous');
#19997 = STYLED_ITEM('color',(#19998),#2781);
#19998 = PRESENTATION_STYLE_ASSIGNMENT((#19999,#20004));
#19999 = SURFACE_STYLE_USAGE(.BOTH.,#20000);
#20000 = SURFACE_SIDE_STYLE('',(#20001));
#20001 = SURFACE_STYLE_FILL_AREA(#20002);
#20002 = FILL_AREA_STYLE('',(#20003));
#20003 = FILL_AREA_STYLE_COLOUR('',#17478);
#20004 = CURVE_STYLE('',#20005,POSITIVE_LENGTH_MEASURE(0.1),#17478);
#20005 = DRAUGHTING_PRE_DEFINED_CURVE_FONT('continuous');
#20006 = STYLED_ITEM('color',(#20007),#2798);
#20007 = PRESENTATION_STYLE_ASSIGNMENT((#20008,#20013));
#20008 = SURFACE_STYLE_USAGE(.BOTH.,#20009);
#20009 = SURFACE_SIDE_STYLE('',(#20010));
#20010 = SURFACE_STYLE_FILL_AREA(#20011);
#20011 = FILL_AREA_STYLE('',(#20012));
#20012 = FILL_AREA_STYLE_COLOUR('',#17478);
#20013 = CURVE_STYLE('',#20014,POSITIVE_LENGTH_MEASURE(0.1),#17478);
#20014 = DRAUGHTING_PRE_DEFINED_CURVE_FONT('continuous');
#20015 = STYLED_ITEM('color',(#20016),#2810);
#20016 = PRESENTATION_STYLE_ASSIGNMENT((#20017,#20022));
#20017 = SURFACE_STYLE_USAGE(.BOTH.,#20018);
#20018 = SURFACE_SIDE_STYLE('',(#20019));
#20019 = SURFACE_STYLE_FILL_AREA(#20020);
#20020 = FILL_AREA_STYLE('',(#20021));
#20021 = FILL_AREA_STYLE_COLOUR('',#17478);
#20022 = CURVE_STYLE('',#20023,POSITIVE_LENGTH_MEASURE(0.1),#17478);
#20023 = DRAUGHTING_PRE_DEFINED_CURVE_FONT('continuous');
#20024 = STYLED_ITEM('color',(#20025),#2827);
#20025 = PRESENTATION_STYLE_ASSIGNMENT((#20026,#20031));
#20026 = SURFACE_STYLE_USAGE(.BOTH.,#20027);
#20027 = SURFACE_SIDE_STYLE('',(#20028));
#20028 = SURFACE_STYLE_FILL_AREA(#20029);
#20029 = FILL_AREA_STYLE('',(#20030));
#20030 = FILL_AREA_STYLE_COLOUR('',#17478);
#20031 = CURVE_STYLE('',#20032,POSITIVE_LENGTH_MEASURE(0.1),#17478);
#20032 = DRAUGHTING_PRE_DEFINED_CURVE_FONT('continuous');
#20033 = STYLED_ITEM('color',(#20034),#2844);
#20034 = PRESENTATION_STYLE_ASSIGNMENT((#20035,#20040));
#20035 = SURFACE_STYLE_USAGE(.BOTH.,#20036);
#20036 = SURFACE_SIDE_STYLE('',(#20037));
#20037 = SURFACE_STYLE_FILL_AREA(#20038);
#20038 = FILL_AREA_STYLE('',(#20039));
#20039 = FILL_AREA_STYLE_COLOUR('',#17478);
#20040 = CURVE_STYLE('',#20041,POSITIVE_LENGTH_MEASURE(0.1),#17478);
#20041 = DRAUGHTING_PRE_DEFINED_CURVE_FONT('continuous');
#20042 = STYLED_ITEM('color',(#20043),#2861);
#20043 = PRESENTATION_STYLE_ASSIGNMENT((#20044,#20049));
#20044 = SURFACE_STYLE_USAGE(.BOTH.,#20045);
#20045 = SURFACE_SIDE_STYLE('',(#20046));
#20046 = SURFACE_STYLE_FILL_AREA(#20047);
#20047 = FILL_AREA_STYLE('',(#20048));
#20048 = FILL_AREA_STYLE_COLOUR('',#17478);
#20049 = CURVE_STYLE('',#20050,POSITIVE_LENGTH_MEASURE(0.1),#17478);
#20050 = DRAUGHTING_PRE_DEFINED_CURVE_FONT('continuous');
#20051 = STYLED_ITEM('color',(#20052),#2878);
#20052 = PRESENTATION_STYLE_ASSIGNMENT((#20053,#20058));
#20053 = SURFACE_STYLE_USAGE(.BOTH.,#20054);
#20054 = SURFACE_SIDE_STYLE('',(#20055));
#20055 = SURFACE_STYLE_FILL_AREA(#20056);
#20056 = FILL_AREA_STYLE('',(#20057));
#20057 = FILL_AREA_STYLE_COLOUR('',#17478);
#20058 = CURVE_STYLE('',#20059,POSITIVE_LENGTH_MEASURE(0.1),#17478);
#20059 = DRAUGHTING_PRE_DEFINED_CURVE_FONT('continuous');
#20060 = STYLED_ITEM('color',(#20061),#2895);
#20061 = PRESENTATION_STYLE_ASSIGNMENT((#20062,#20067));
#20062 = SURFACE_STYLE_USAGE(.BOTH.,#20063);
#20063 = SURFACE_SIDE_STYLE('',(#20064));
#20064 = SURFACE_STYLE_FILL_AREA(#20065);
#20065 = FILL_AREA_STYLE('',(#20066));
#20066 = FILL_AREA_STYLE_COLOUR('',#17478);
#20067 = CURVE_STYLE('',#20068,POSITIVE_LENGTH_MEASURE(0.1),#17478);
#20068 = DRAUGHTING_PRE_DEFINED_CURVE_FONT('continuous');
#20069 = STYLED_ITEM('color',(#20070),#2912);
#20070 = PRESENTATION_STYLE_ASSIGNMENT((#20071,#20076));
#20071 = SURFACE_STYLE_USAGE(.BOTH.,#20072);
#20072 = SURFACE_SIDE_STYLE('',(#20073));
#20073 = SURFACE_STYLE_FILL_AREA(#20074);
#20074 = FILL_AREA_STYLE('',(#20075));
#20075 = FILL_AREA_STYLE_COLOUR('',#17478);
#20076 = CURVE_STYLE('',#20077,POSITIVE_LENGTH_MEASURE(0.1),#17478);
#20077 = DRAUGHTING_PRE_DEFINED_CURVE_FONT('continuous');
#20078 = STYLED_ITEM('color',(#20079),#2924);
#20079 = PRESENTATION_STYLE_ASSIGNMENT((#20080,#20085));
#20080 = SURFACE_STYLE_USAGE(.BOTH.,#20081);
#20081 = SURFACE_SIDE_STYLE('',(#20082));
#20082 = SURFACE_STYLE_FILL_AREA(#20083);
#20083 = FILL_AREA_STYLE('',(#20084));
#20084 = FILL_AREA_STYLE_COLOUR('',#17478);
#20085 = CURVE_STYLE('',#20086,POSITIVE_LENGTH_MEASURE(0.1),#17478);
#20086 = DRAUGHTING_PRE_DEFINED_CURVE_FONT('continuous');
#20087 = STYLED_ITEM('color',(#20088),#2941);
#20088 = PRESENTATION_STYLE_ASSIGNMENT((#20089,#20094));
#20089 = SURFACE_STYLE_USAGE(.BOTH.,#20090);
#20090 = SURFACE_SIDE_STYLE('',(#20091));
#20091 = SURFACE_STYLE_FILL_AREA(#20092);
#20092 = FILL_AREA_STYLE('',(#20093));
#20093 = FILL_AREA_STYLE_COLOUR('',#17478);
#20094 = CURVE_STYLE('',#20095,POSITIVE_LENGTH_MEASURE(0.1),#17478);
#20095 = DRAUGHTING_PRE_DEFINED_CURVE_FONT('continuous');
#20096 = STYLED_ITEM('color',(#20097),#2958);
#20097 = PRESENTATION_STYLE_ASSIGNMENT((#20098,#20103));
#20098 = SURFACE_STYLE_USAGE(.BOTH.,#20099);
#20099 = SURFACE_SIDE_STYLE('',(#20100));
#20100 = SURFACE_STYLE_FILL_AREA(#20101);
#20101 = FILL_AREA_STYLE('',(#20102));
#20102 = FILL_AREA_STYLE_COLOUR('',#17478);
#20103 = CURVE_STYLE('',#20104,POSITIVE_LENGTH_MEASURE(0.1),#17478);
#20104 = DRAUGHTING_PRE_DEFINED_CURVE_FONT('continuous');
#20105 = STYLED_ITEM('color',(#20106),#2975);
#20106 = PRESENTATION_STYLE_ASSIGNMENT((#20107,#20112));
#20107 = SURFACE_STYLE_USAGE(.BOTH.,#20108);
#20108 = SURFACE_SIDE_STYLE('',(#20109));
#20109 = SURFACE_STYLE_FILL_AREA(#20110);
#20110 = FILL_AREA_STYLE('',(#20111));
#20111 = FILL_AREA_STYLE_COLOUR('',#17478);
#20112 = CURVE_STYLE('',#20113,POSITIVE_LENGTH_MEASURE(0.1),#17478);
#20113 = DRAUGHTING_PRE_DEFINED_CURVE_FONT('continuous');
#20114 = STYLED_ITEM('color',(#20115),#2992);
#20115 = PRESENTATION_STYLE_ASSIGNMENT((#20116,#20121));
#20116 = SURFACE_STYLE_USAGE(.BOTH.,#20117);
#20117 = SURFACE_SIDE_STYLE('',(#20118));
#20118 = SURFACE_STYLE_FILL_AREA(#20119);
#20119 = FILL_AREA_STYLE('',(#20120));
#20120 = FILL_AREA_STYLE_COLOUR('',#17478);
#20121 = CURVE_STYLE('',#20122,POSITIVE_LENGTH_MEASURE(0.1),#17478);
#20122 = DRAUGHTING_PRE_DEFINED_CURVE_FONT('continuous');
#20123 = STYLED_ITEM('color',(#20124),#3009);
#20124 = PRESENTATION_STYLE_ASSIGNMENT((#20125,#20130));
#20125 = SURFACE_STYLE_USAGE(.BOTH.,#20126);
#20126 = SURFACE_SIDE_STYLE('',(#20127));
#20127 = SURFACE_STYLE_FILL_AREA(#20128);
#20128 = FILL_AREA_STYLE('',(#20129));
#20129 = FILL_AREA_STYLE_COLOUR('',#17478);
#20130 = CURVE_STYLE('',#20131,POSITIVE_LENGTH_MEASURE(0.1),#17478);
#20131 = DRAUGHTING_PRE_DEFINED_CURVE_FONT('continuous');
#20132 = STYLED_ITEM('color',(#20133),#3026);
#20133 = PRESENTATION_STYLE_ASSIGNMENT((#20134,#20139));
#20134 = SURFACE_STYLE_USAGE(.BOTH.,#20135);
#20135 = SURFACE_SIDE_STYLE('',(#20136));
#20136 = SURFACE_STYLE_FILL_AREA(#20137);
#20137 = FILL_AREA_STYLE('',(#20138));
#20138 = FILL_AREA_STYLE_COLOUR('',#17478);
#20139 = CURVE_STYLE('',#20140,POSITIVE_LENGTH_MEASURE(0.1),#17478);
#20140 = DRAUGHTING_PRE_DEFINED_CURVE_FONT('continuous');
#20141 = STYLED_ITEM('color',(#20142),#3038);
#20142 = PRESENTATION_STYLE_ASSIGNMENT((#20143,#20148));
#20143 = SURFACE_STYLE_USAGE(.BOTH.,#20144);
#20144 = SURFACE_SIDE_STYLE('',(#20145));
#20145 = SURFACE_STYLE_FILL_AREA(#20146);
#20146 = FILL_AREA_STYLE('',(#20147));
#20147 = FILL_AREA_STYLE_COLOUR('',#17478);
#20148 = CURVE_STYLE('',#20149,POSITIVE_LENGTH_MEASURE(0.1),#17478);
#20149 = DRAUGHTING_PRE_DEFINED_CURVE_FONT('continuous');
#20150 = STYLED_ITEM('color',(#20151),#3055);
#20151 = PRESENTATION_STYLE_ASSIGNMENT((#20152,#20157));
#20152 = SURFACE_STYLE_USAGE(.BOTH.,#20153);
#20153 = SURFACE_SIDE_STYLE('',(#20154));
#20154 = SURFACE_STYLE_FILL_AREA(#20155);
#20155 = FILL_AREA_STYLE('',(#20156));
#20156 = FILL_AREA_STYLE_COLOUR('',#17478);
#20157 = CURVE_STYLE('',#20158,POSITIVE_LENGTH_MEASURE(0.1),#17478);
#20158 = DRAUGHTING_PRE_DEFINED_CURVE_FONT('continuous');
#20159 = STYLED_ITEM('color',(#20160),#3072);
#20160 = PRESENTATION_STYLE_ASSIGNMENT((#20161,#20166));
#20161 = SURFACE_STYLE_USAGE(.BOTH.,#20162);
#20162 = SURFACE_SIDE_STYLE('',(#20163));
#20163 = SURFACE_STYLE_FILL_AREA(#20164);
#20164 = FILL_AREA_STYLE('',(#20165));
#20165 = FILL_AREA_STYLE_COLOUR('',#17478);
#20166 = CURVE_STYLE('',#20167,POSITIVE_LENGTH_MEASURE(0.1),#17478);
#20167 = DRAUGHTING_PRE_DEFINED_CURVE_FONT('continuous');
#20168 = STYLED_ITEM('color',(#20169),#3089);
#20169 = PRESENTATION_STYLE_ASSIGNMENT((#20170,#20175));
#20170 = SURFACE_STYLE_USAGE(.BOTH.,#20171);
#20171 = SURFACE_SIDE_STYLE('',(#20172));
#20172 = SURFACE_STYLE_FILL_AREA(#20173);
#20173 = FILL_AREA_STYLE('',(#20174));
#20174 = FILL_AREA_STYLE_COLOUR('',#17478);
#20175 = CURVE_STYLE('',#20176,POSITIVE_LENGTH_MEASURE(0.1),#17478);
#20176 = DRAUGHTING_PRE_DEFINED_CURVE_FONT('continuous');
#20177 = STYLED_ITEM('color',(#20178),#3106);
#20178 = PRESENTATION_STYLE_ASSIGNMENT((#20179,#20184));
#20179 = SURFACE_STYLE_USAGE(.BOTH.,#20180);
#20180 = SURFACE_SIDE_STYLE('',(#20181));
#20181 = SURFACE_STYLE_FILL_AREA(#20182);
#20182 = FILL_AREA_STYLE('',(#20183));
#20183 = FILL_AREA_STYLE_COLOUR('',#17478);
#20184 = CURVE_STYLE('',#20185,POSITIVE_LENGTH_MEASURE(0.1),#17478);
#20185 = DRAUGHTING_PRE_DEFINED_CURVE_FONT('continuous');
#20186 = STYLED_ITEM('color',(#20187),#3123);
#20187 = PRESENTATION_STYLE_ASSIGNMENT((#20188,#20193));
#20188 = SURFACE_STYLE_USAGE(.BOTH.,#20189);
#20189 = SURFACE_SIDE_STYLE('',(#20190));
#20190 = SURFACE_STYLE_FILL_AREA(#20191);
#20191 = FILL_AREA_STYLE('',(#20192));
#20192 = FILL_AREA_STYLE_COLOUR('',#17478);
#20193 = CURVE_STYLE('',#20194,POSITIVE_LENGTH_MEASURE(0.1),#17478);
#20194 = DRAUGHTING_PRE_DEFINED_CURVE_FONT('continuous');
#20195 = STYLED_ITEM('color',(#20196),#3140);
#20196 = PRESENTATION_STYLE_ASSIGNMENT((#20197,#20202));
#20197 = SURFACE_STYLE_USAGE(.BOTH.,#20198);
#20198 = SURFACE_SIDE_STYLE('',(#20199));
#20199 = SURFACE_STYLE_FILL_AREA(#20200);
#20200 = FILL_AREA_STYLE('',(#20201));
#20201 = FILL_AREA_STYLE_COLOUR('',#17478);
#20202 = CURVE_STYLE('',#20203,POSITIVE_LENGTH_MEASURE(0.1),#17478);
#20203 = DRAUGHTING_PRE_DEFINED_CURVE_FONT('continuous');
#20204 = STYLED_ITEM('color',(#20205),#3157);
#20205 = PRESENTATION_STYLE_ASSIGNMENT((#20206,#20211));
#20206 = SURFACE_STYLE_USAGE(.BOTH.,#20207);
#20207 = SURFACE_SIDE_STYLE('',(#20208));
#20208 = SURFACE_STYLE_FILL_AREA(#20209);
#20209 = FILL_AREA_STYLE('',(#20210));
#20210 = FILL_AREA_STYLE_COLOUR('',#17478);
#20211 = CURVE_STYLE('',#20212,POSITIVE_LENGTH_MEASURE(0.1),#17478);
#20212 = DRAUGHTING_PRE_DEFINED_CURVE_FONT('continuous');
#20213 = STYLED_ITEM('color',(#20214),#3169);
#20214 = PRESENTATION_STYLE_ASSIGNMENT((#20215,#20221));
#20215 = SURFACE_STYLE_USAGE(.BOTH.,#20216);
#20216 = SURFACE_SIDE_STYLE('',(#20217));
#20217 = SURFACE_STYLE_FILL_AREA(#20218);
#20218 = FILL_AREA_STYLE('',(#20219));
#20219 = FILL_AREA_STYLE_COLOUR('',#20220);
#20220 = COLOUR_RGB('',0.690999998585,0.664000007176,0.597999987832);
#20221 = CURVE_STYLE('',#20222,POSITIVE_LENGTH_MEASURE(0.1),#20220);
#20222 = DRAUGHTING_PRE_DEFINED_CURVE_FONT('continuous');
#20223 = MECHANICAL_DESIGN_GEOMETRIC_PRESENTATION_REPRESENTATION('',(
    #20224,#20231,#20238,#20245,#20252,#20259,#20266,#20273,#20280,
    #20287,#20294,#20301,#20308,#20315,#20322,#20329,#20336,#20343,
    #20350,#20357,#20364,#20371,#20378,#20385,#20392,#20399,#20406,
    #20413),#5991);
#20224 = STYLED_ITEM('color',(#20225),#5235);
#20225 = PRESENTATION_STYLE_ASSIGNMENT((#20226));
#20226 = SURFACE_STYLE_USAGE(.BOTH.,#20227);
#20227 = SURFACE_SIDE_STYLE('',(#20228));
#20228 = SURFACE_STYLE_FILL_AREA(#20229);
#20229 = FILL_AREA_STYLE('',(#20230));
#20230 = FILL_AREA_STYLE_COLOUR('',#17677);
#20231 = STYLED_ITEM('color',(#20232),#5275);
#20232 = PRESENTATION_STYLE_ASSIGNMENT((#20233));
#20233 = SURFACE_STYLE_USAGE(.BOTH.,#20234);
#20234 = SURFACE_SIDE_STYLE('',(#20235));
#20235 = SURFACE_STYLE_FILL_AREA(#20236);
#20236 = FILL_AREA_STYLE('',(#20237));
#20237 = FILL_AREA_STYLE_COLOUR('',#17677);
#20238 = STYLED_ITEM('color',(#20239),#5306);
#20239 = PRESENTATION_STYLE_ASSIGNMENT((#20240));
#20240 = SURFACE_STYLE_USAGE(.BOTH.,#20241);
#20241 = SURFACE_SIDE_STYLE('',(#20242));
#20242 = SURFACE_STYLE_FILL_AREA(#20243);
#20243 = FILL_AREA_STYLE('',(#20244));
#20244 = FILL_AREA_STYLE_COLOUR('',#17677);
#20245 = STYLED_ITEM('color',(#20246),#5337);
#20246 = PRESENTATION_STYLE_ASSIGNMENT((#20247));
#20247 = SURFACE_STYLE_USAGE(.BOTH.,#20248);
#20248 = SURFACE_SIDE_STYLE('',(#20249));
#20249 = SURFACE_STYLE_FILL_AREA(#20250);
#20250 = FILL_AREA_STYLE('',(#20251));
#20251 = FILL_AREA_STYLE_COLOUR('',#17677);
#20252 = STYLED_ITEM('color',(#20253),#5420);
#20253 = PRESENTATION_STYLE_ASSIGNMENT((#20254));
#20254 = SURFACE_STYLE_USAGE(.BOTH.,#20255);
#20255 = SURFACE_SIDE_STYLE('',(#20256));
#20256 = SURFACE_STYLE_FILL_AREA(#20257);
#20257 = FILL_AREA_STYLE('',(#20258));
#20258 = FILL_AREA_STYLE_COLOUR('',#17677);
#20259 = STYLED_ITEM('color',(#20260),#5503);
#20260 = PRESENTATION_STYLE_ASSIGNMENT((#20261));
#20261 = SURFACE_STYLE_USAGE(.BOTH.,#20262);
#20262 = SURFACE_SIDE_STYLE('',(#20263));
#20263 = SURFACE_STYLE_FILL_AREA(#20264);
#20264 = FILL_AREA_STYLE('',(#20265));
#20265 = FILL_AREA_STYLE_COLOUR('',#17677);
#20266 = STYLED_ITEM('color',(#20267),#5520);
#20267 = PRESENTATION_STYLE_ASSIGNMENT((#20268));
#20268 = SURFACE_STYLE_USAGE(.BOTH.,#20269);
#20269 = SURFACE_SIDE_STYLE('',(#20270));
#20270 = SURFACE_STYLE_FILL_AREA(#20271);
#20271 = FILL_AREA_STYLE('',(#20272));
#20272 = FILL_AREA_STYLE_COLOUR('',#17677);
#20273 = STYLED_ITEM('color',(#20274),#5537);
#20274 = PRESENTATION_STYLE_ASSIGNMENT((#20275));
#20275 = SURFACE_STYLE_USAGE(.BOTH.,#20276);
#20276 = SURFACE_SIDE_STYLE('',(#20277));
#20277 = SURFACE_STYLE_FILL_AREA(#20278);
#20278 = FILL_AREA_STYLE('',(#20279));
#20279 = FILL_AREA_STYLE_COLOUR('',#17677);
#20280 = STYLED_ITEM('color',(#20281),#5554);
#20281 = PRESENTATION_STYLE_ASSIGNMENT((#20282));
#20282 = SURFACE_STYLE_USAGE(.BOTH.,#20283);
#20283 = SURFACE_SIDE_STYLE('',(#20284));
#20284 = SURFACE_STYLE_FILL_AREA(#20285);
#20285 = FILL_AREA_STYLE('',(#20286));
#20286 = FILL_AREA_STYLE_COLOUR('',#17677);
#20287 = STYLED_ITEM('color',(#20288),#5571);
#20288 = PRESENTATION_STYLE_ASSIGNMENT((#20289));
#20289 = SURFACE_STYLE_USAGE(.BOTH.,#20290);
#20290 = SURFACE_SIDE_STYLE('',(#20291));
#20291 = SURFACE_STYLE_FILL_AREA(#20292);
#20292 = FILL_AREA_STYLE('',(#20293));
#20293 = FILL_AREA_STYLE_COLOUR('',#17677);
#20294 = STYLED_ITEM('color',(#20295),#5583);
#20295 = PRESENTATION_STYLE_ASSIGNMENT((#20296));
#20296 = SURFACE_STYLE_USAGE(.BOTH.,#20297);
#20297 = SURFACE_SIDE_STYLE('',(#20298));
#20298 = SURFACE_STYLE_FILL_AREA(#20299);
#20299 = FILL_AREA_STYLE('',(#20300));
#20300 = FILL_AREA_STYLE_COLOUR('',#17874);
#20301 = STYLED_ITEM('color',(#20302),#5614);
#20302 = PRESENTATION_STYLE_ASSIGNMENT((#20303));
#20303 = SURFACE_STYLE_USAGE(.BOTH.,#20304);
#20304 = SURFACE_SIDE_STYLE('',(#20305));
#20305 = SURFACE_STYLE_FILL_AREA(#20306);
#20306 = FILL_AREA_STYLE('',(#20307));
#20307 = FILL_AREA_STYLE_COLOUR('',#17874);
#20308 = STYLED_ITEM('color',(#20309),#5638);
#20309 = PRESENTATION_STYLE_ASSIGNMENT((#20310));
#20310 = SURFACE_STYLE_USAGE(.BOTH.,#20311);
#20311 = SURFACE_SIDE_STYLE('',(#20312));
#20312 = SURFACE_STYLE_FILL_AREA(#20313);
#20313 = FILL_AREA_STYLE('',(#20314));
#20314 = FILL_AREA_STYLE_COLOUR('',#17874);
#20315 = STYLED_ITEM('color',(#20316),#5662);
#20316 = PRESENTATION_STYLE_ASSIGNMENT((#20317));
#20317 = SURFACE_STYLE_USAGE(.BOTH.,#20318);
#20318 = SURFACE_SIDE_STYLE('',(#20319));
#20319 = SURFACE_STYLE_FILL_AREA(#20320);
#20320 = FILL_AREA_STYLE('',(#20321));
#20321 = FILL_AREA_STYLE_COLOUR('',#17874);
#20322 = STYLED_ITEM('color',(#20323),#5679);
#20323 = PRESENTATION_STYLE_ASSIGNMENT((#20324));
#20324 = SURFACE_STYLE_USAGE(.BOTH.,#20325);
#20325 = SURFACE_SIDE_STYLE('',(#20326));
#20326 = SURFACE_STYLE_FILL_AREA(#20327);
#20327 = FILL_AREA_STYLE('',(#20328));
#20328 = FILL_AREA_STYLE_COLOUR('',#17874);
#20329 = STYLED_ITEM('color',(#20330),#5710);
#20330 = PRESENTATION_STYLE_ASSIGNMENT((#20331));
#20331 = SURFACE_STYLE_USAGE(.BOTH.,#20332);
#20332 = SURFACE_SIDE_STYLE('',(#20333));
#20333 = SURFACE_STYLE_FILL_AREA(#20334);
#20334 = FILL_AREA_STYLE('',(#20335));
#20335 = FILL_AREA_STYLE_COLOUR('',#17874);
#20336 = STYLED_ITEM('color',(#20337),#5734);
#20337 = PRESENTATION_STYLE_ASSIGNMENT((#20338));
#20338 = SURFACE_STYLE_USAGE(.BOTH.,#20339);
#20339 = SURFACE_SIDE_STYLE('',(#20340));
#20340 = SURFACE_STYLE_FILL_AREA(#20341);
#20341 = FILL_AREA_STYLE('',(#20342));
#20342 = FILL_AREA_STYLE_COLOUR('',#17874);
#20343 = STYLED_ITEM('color',(#20344),#5758);
#20344 = PRESENTATION_STYLE_ASSIGNMENT((#20345));
#20345 = SURFACE_STYLE_USAGE(.BOTH.,#20346);
#20346 = SURFACE_SIDE_STYLE('',(#20347));
#20347 = SURFACE_STYLE_FILL_AREA(#20348);
#20348 = FILL_AREA_STYLE('',(#20349));
#20349 = FILL_AREA_STYLE_COLOUR('',#17874);
#20350 = STYLED_ITEM('color',(#20351),#5775);
#20351 = PRESENTATION_STYLE_ASSIGNMENT((#20352));
#20352 = SURFACE_STYLE_USAGE(.BOTH.,#20353);
#20353 = SURFACE_SIDE_STYLE('',(#20354));
#20354 = SURFACE_STYLE_FILL_AREA(#20355);
#20355 = FILL_AREA_STYLE('',(#20356));
#20356 = FILL_AREA_STYLE_COLOUR('',#17874);
#20357 = STYLED_ITEM('color',(#20358),#5806);
#20358 = PRESENTATION_STYLE_ASSIGNMENT((#20359));
#20359 = SURFACE_STYLE_USAGE(.BOTH.,#20360);
#20360 = SURFACE_SIDE_STYLE('',(#20361));
#20361 = SURFACE_STYLE_FILL_AREA(#20362);
#20362 = FILL_AREA_STYLE('',(#20363));
#20363 = FILL_AREA_STYLE_COLOUR('',#17874);
#20364 = STYLED_ITEM('color',(#20365),#5830);
#20365 = PRESENTATION_STYLE_ASSIGNMENT((#20366));
#20366 = SURFACE_STYLE_USAGE(.BOTH.,#20367);
#20367 = SURFACE_SIDE_STYLE('',(#20368));
#20368 = SURFACE_STYLE_FILL_AREA(#20369);
#20369 = FILL_AREA_STYLE('',(#20370));
#20370 = FILL_AREA_STYLE_COLOUR('',#17874);
#20371 = STYLED_ITEM('color',(#20372),#5854);
#20372 = PRESENTATION_STYLE_ASSIGNMENT((#20373));
#20373 = SURFACE_STYLE_USAGE(.BOTH.,#20374);
#20374 = SURFACE_SIDE_STYLE('',(#20375));
#20375 = SURFACE_STYLE_FILL_AREA(#20376);
#20376 = FILL_AREA_STYLE('',(#20377));
#20377 = FILL_AREA_STYLE_COLOUR('',#17874);
#20378 = STYLED_ITEM('color',(#20379),#5871);
#20379 = PRESENTATION_STYLE_ASSIGNMENT((#20380));
#20380 = SURFACE_STYLE_USAGE(.BOTH.,#20381);
#20381 = SURFACE_SIDE_STYLE('',(#20382));
#20382 = SURFACE_STYLE_FILL_AREA(#20383);
#20383 = FILL_AREA_STYLE('',(#20384));
#20384 = FILL_AREA_STYLE_COLOUR('',#17874);
#20385 = STYLED_ITEM('color',(#20386),#5902);
#20386 = PRESENTATION_STYLE_ASSIGNMENT((#20387));
#20387 = SURFACE_STYLE_USAGE(.BOTH.,#20388);
#20388 = SURFACE_SIDE_STYLE('',(#20389));
#20389 = SURFACE_STYLE_FILL_AREA(#20390);
#20390 = FILL_AREA_STYLE('',(#20391));
#20391 = FILL_AREA_STYLE_COLOUR('',#17874);
#20392 = STYLED_ITEM('color',(#20393),#5926);
#20393 = PRESENTATION_STYLE_ASSIGNMENT((#20394));
#20394 = SURFACE_STYLE_USAGE(.BOTH.,#20395);
#20395 = SURFACE_SIDE_STYLE('',(#20396));
#20396 = SURFACE_STYLE_FILL_AREA(#20397);
#20397 = FILL_AREA_STYLE('',(#20398));
#20398 = FILL_AREA_STYLE_COLOUR('',#17874);
#20399 = STYLED_ITEM('color',(#20400),#5950);
#20400 = PRESENTATION_STYLE_ASSIGNMENT((#20401));
#20401 = SURFACE_STYLE_USAGE(.BOTH.,#20402);
#20402 = SURFACE_SIDE_STYLE('',(#20403));
#20403 = SURFACE_STYLE_FILL_AREA(#20404);
#20404 = FILL_AREA_STYLE('',(#20405));
#20405 = FILL_AREA_STYLE_COLOUR('',#17874);
#20406 = STYLED_ITEM('color',(#20407),#5967);
#20407 = PRESENTATION_STYLE_ASSIGNMENT((#20408));
#20408 = SURFACE_STYLE_USAGE(.BOTH.,#20409);
#20409 = SURFACE_SIDE_STYLE('',(#20410));
#20410 = SURFACE_STYLE_FILL_AREA(#20411);
#20411 = FILL_AREA_STYLE('',(#20412));
#20412 = FILL_AREA_STYLE_COLOUR('',#17874);
#20413 = STYLED_ITEM('color',(#20414),#5979);
#20414 = PRESENTATION_STYLE_ASSIGNMENT((#20415));
#20415 = SURFACE_STYLE_USAGE(.BOTH.,#20416);
#20416 = SURFACE_SIDE_STYLE('',(#20417));
#20417 = SURFACE_STYLE_FILL_AREA(#20418);
#20418 = FILL_AREA_STYLE('',(#20419));
#20419 = FILL_AREA_STYLE_COLOUR('',#17874);
#20420 = MECHANICAL_DESIGN_GEOMETRIC_PRESENTATION_REPRESENTATION('',(
    #20421),#17459);
#20421 = STYLED_ITEM('color',(#20422),#15935);
#20422 = PRESENTATION_STYLE_ASSIGNMENT((#20423));
#20423 = SURFACE_STYLE_USAGE(.BOTH.,#20424);
#20424 = SURFACE_SIDE_STYLE('',(#20425));
#20425 = SURFACE_STYLE_FILL_AREA(#20426);
#20426 = FILL_AREA_STYLE('',(#20427));
#20427 = FILL_AREA_STYLE_COLOUR('',#20428);
#20428 = COLOUR_RGB('',0.313304153717,0.484529207832,0.410020903123);
#20429 = MECHANICAL_DESIGN_GEOMETRIC_PRESENTATION_REPRESENTATION('',(
    #20430,#20437,#20444,#20451,#20458,#20465,#20472,#20479,#20486,
    #20493,#20500,#20507,#20514,#20521,#20528,#20535,#20542,#20549,
    #20556,#20563,#20570,#20577,#20584,#20591,#20598,#20605,#20612,
    #20619,#20626,#20633,#20640,#20648,#20655,#20662,#20669,#20676,
    #20683,#20690,#20697,#20704,#20711),#4405);
#20430 = STYLED_ITEM('color',(#20431),#3199);
#20431 = PRESENTATION_STYLE_ASSIGNMENT((#20432));
#20432 = SURFACE_STYLE_USAGE(.BOTH.,#20433);
#20433 = SURFACE_SIDE_STYLE('',(#20434));
#20434 = SURFACE_STYLE_FILL_AREA(#20435);
#20435 = FILL_AREA_STYLE('',(#20436));
#20436 = FILL_AREA_STYLE_COLOUR('',#17478);
#20437 = STYLED_ITEM('color',(#20438),#3239);
#20438 = PRESENTATION_STYLE_ASSIGNMENT((#20439));
#20439 = SURFACE_STYLE_USAGE(.BOTH.,#20440);
#20440 = SURFACE_SIDE_STYLE('',(#20441));
#20441 = SURFACE_STYLE_FILL_AREA(#20442);
#20442 = FILL_AREA_STYLE('',(#20443));
#20443 = FILL_AREA_STYLE_COLOUR('',#17478);
#20444 = STYLED_ITEM('color',(#20445),#3322);
#20445 = PRESENTATION_STYLE_ASSIGNMENT((#20446));
#20446 = SURFACE_STYLE_USAGE(.BOTH.,#20447);
#20447 = SURFACE_SIDE_STYLE('',(#20448));
#20448 = SURFACE_STYLE_FILL_AREA(#20449);
#20449 = FILL_AREA_STYLE('',(#20450));
#20450 = FILL_AREA_STYLE_COLOUR('',#17478);
#20451 = STYLED_ITEM('color',(#20452),#3347);
#20452 = PRESENTATION_STYLE_ASSIGNMENT((#20453));
#20453 = SURFACE_STYLE_USAGE(.BOTH.,#20454);
#20454 = SURFACE_SIDE_STYLE('',(#20455));
#20455 = SURFACE_STYLE_FILL_AREA(#20456);
#20456 = FILL_AREA_STYLE('',(#20457));
#20457 = FILL_AREA_STYLE_COLOUR('',#17478);
#20458 = STYLED_ITEM('color',(#20459),#3422);
#20459 = PRESENTATION_STYLE_ASSIGNMENT((#20460));
#20460 = SURFACE_STYLE_USAGE(.BOTH.,#20461);
#20461 = SURFACE_SIDE_STYLE('',(#20462));
#20462 = SURFACE_STYLE_FILL_AREA(#20463);
#20463 = FILL_AREA_STYLE('',(#20464));
#20464 = FILL_AREA_STYLE_COLOUR('',#17478);
#20465 = STYLED_ITEM('color',(#20466),#3439);
#20466 = PRESENTATION_STYLE_ASSIGNMENT((#20467));
#20467 = SURFACE_STYLE_USAGE(.BOTH.,#20468);
#20468 = SURFACE_SIDE_STYLE('',(#20469));
#20469 = SURFACE_STYLE_FILL_AREA(#20470);
#20470 = FILL_AREA_STYLE('',(#20471));
#20471 = FILL_AREA_STYLE_COLOUR('',#17478);
#20472 = STYLED_ITEM('color',(#20473),#3456);
#20473 = PRESENTATION_STYLE_ASSIGNMENT((#20474));
#20474 = SURFACE_STYLE_USAGE(.BOTH.,#20475);
#20475 = SURFACE_SIDE_STYLE('',(#20476));
#20476 = SURFACE_STYLE_FILL_AREA(#20477);
#20477 = FILL_AREA_STYLE('',(#20478));
#20478 = FILL_AREA_STYLE_COLOUR('',#17478);
#20479 = STYLED_ITEM('color',(#20480),#3473);
#20480 = PRESENTATION_STYLE_ASSIGNMENT((#20481));
#20481 = SURFACE_STYLE_USAGE(.BOTH.,#20482);
#20482 = SURFACE_SIDE_STYLE('',(#20483));
#20483 = SURFACE_STYLE_FILL_AREA(#20484);
#20484 = FILL_AREA_STYLE('',(#20485));
#20485 = FILL_AREA_STYLE_COLOUR('',#17478);
#20486 = STYLED_ITEM('color',(#20487),#3490);
#20487 = PRESENTATION_STYLE_ASSIGNMENT((#20488));
#20488 = SURFACE_STYLE_USAGE(.BOTH.,#20489);
#20489 = SURFACE_SIDE_STYLE('',(#20490));
#20490 = SURFACE_STYLE_FILL_AREA(#20491);
#20491 = FILL_AREA_STYLE('',(#20492));
#20492 = FILL_AREA_STYLE_COLOUR('',#17478);
#20493 = STYLED_ITEM('color',(#20494),#3507);
#20494 = PRESENTATION_STYLE_ASSIGNMENT((#20495));
#20495 = SURFACE_STYLE_USAGE(.BOTH.,#20496);
#20496 = SURFACE_SIDE_STYLE('',(#20497));
#20497 = SURFACE_STYLE_FILL_AREA(#20498);
#20498 = FILL_AREA_STYLE('',(#20499));
#20499 = FILL_AREA_STYLE_COLOUR('',#17478);
#20500 = STYLED_ITEM('color',(#20501),#3523);
#20501 = PRESENTATION_STYLE_ASSIGNMENT((#20502));
#20502 = SURFACE_STYLE_USAGE(.BOTH.,#20503);
#20503 = SURFACE_SIDE_STYLE('',(#20504));
#20504 = SURFACE_STYLE_FILL_AREA(#20505);
#20505 = FILL_AREA_STYLE('',(#20506));
#20506 = FILL_AREA_STYLE_COLOUR('',#17677);
#20507 = STYLED_ITEM('color',(#20508),#3570);
#20508 = PRESENTATION_STYLE_ASSIGNMENT((#20509));
#20509 = SURFACE_STYLE_USAGE(.BOTH.,#20510);
#20510 = SURFACE_SIDE_STYLE('',(#20511));
#20511 = SURFACE_STYLE_FILL_AREA(#20512);
#20512 = FILL_AREA_STYLE('',(#20513));
#20513 = FILL_AREA_STYLE_COLOUR('',#17677);
#20514 = STYLED_ITEM('color',(#20515),#3605);
#20515 = PRESENTATION_STYLE_ASSIGNMENT((#20516));
#20516 = SURFACE_STYLE_USAGE(.BOTH.,#20517);
#20517 = SURFACE_SIDE_STYLE('',(#20518));
#20518 = SURFACE_STYLE_FILL_AREA(#20519);
#20519 = FILL_AREA_STYLE('',(#20520));
#20520 = FILL_AREA_STYLE_COLOUR('',#17677);
#20521 = STYLED_ITEM('color',(#20522),#3644);
#20522 = PRESENTATION_STYLE_ASSIGNMENT((#20523));
#20523 = SURFACE_STYLE_USAGE(.BOTH.,#20524);
#20524 = SURFACE_SIDE_STYLE('',(#20525));
#20525 = SURFACE_STYLE_FILL_AREA(#20526);
#20526 = FILL_AREA_STYLE('',(#20527));
#20527 = FILL_AREA_STYLE_COLOUR('',#17677);
#20528 = STYLED_ITEM('color',(#20529),#3673);
#20529 = PRESENTATION_STYLE_ASSIGNMENT((#20530));
#20530 = SURFACE_STYLE_USAGE(.BOTH.,#20531);
#20531 = SURFACE_SIDE_STYLE('',(#20532));
#20532 = SURFACE_STYLE_FILL_AREA(#20533);
#20533 = FILL_AREA_STYLE('',(#20534));
#20534 = FILL_AREA_STYLE_COLOUR('',#17677);
#20535 = STYLED_ITEM('color',(#20536),#3712);
#20536 = PRESENTATION_STYLE_ASSIGNMENT((#20537));
#20537 = SURFACE_STYLE_USAGE(.BOTH.,#20538);
#20538 = SURFACE_SIDE_STYLE('',(#20539));
#20539 = SURFACE_STYLE_FILL_AREA(#20540);
#20540 = FILL_AREA_STYLE('',(#20541));
#20541 = FILL_AREA_STYLE_COLOUR('',#17677);
#20542 = STYLED_ITEM('color',(#20543),#3741);
#20543 = PRESENTATION_STYLE_ASSIGNMENT((#20544));
#20544 = SURFACE_STYLE_USAGE(.BOTH.,#20545);
#20545 = SURFACE_SIDE_STYLE('',(#20546));
#20546 = SURFACE_STYLE_FILL_AREA(#20547);
#20547 = FILL_AREA_STYLE('',(#20548));
#20548 = FILL_AREA_STYLE_COLOUR('',#17677);
#20549 = STYLED_ITEM('color',(#20550),#3795);
#20550 = PRESENTATION_STYLE_ASSIGNMENT((#20551));
#20551 = SURFACE_STYLE_USAGE(.BOTH.,#20552);
#20552 = SURFACE_SIDE_STYLE('',(#20553));
#20553 = SURFACE_STYLE_FILL_AREA(#20554);
#20554 = FILL_AREA_STYLE('',(#20555));
#20555 = FILL_AREA_STYLE_COLOUR('',#17677);
#20556 = STYLED_ITEM('color',(#20557),#3838);
#20557 = PRESENTATION_STYLE_ASSIGNMENT((#20558));
#20558 = SURFACE_STYLE_USAGE(.BOTH.,#20559);
#20559 = SURFACE_SIDE_STYLE('',(#20560));
#20560 = SURFACE_STYLE_FILL_AREA(#20561);
#20561 = FILL_AREA_STYLE('',(#20562));
#20562 = FILL_AREA_STYLE_COLOUR('',#17677);
#20563 = STYLED_ITEM('color',(#20564),#3861);
#20564 = PRESENTATION_STYLE_ASSIGNMENT((#20565));
#20565 = SURFACE_STYLE_USAGE(.BOTH.,#20566);
#20566 = SURFACE_SIDE_STYLE('',(#20567));
#20567 = SURFACE_STYLE_FILL_AREA(#20568);
#20568 = FILL_AREA_STYLE('',(#20569));
#20569 = FILL_AREA_STYLE_COLOUR('',#17677);
#20570 = STYLED_ITEM('color',(#20571),#3884);
#20571 = PRESENTATION_STYLE_ASSIGNMENT((#20572));
#20572 = SURFACE_STYLE_USAGE(.BOTH.,#20573);
#20573 = SURFACE_SIDE_STYLE('',(#20574));
#20574 = SURFACE_STYLE_FILL_AREA(#20575);
#20575 = FILL_AREA_STYLE('',(#20576));
#20576 = FILL_AREA_STYLE_COLOUR('',#17677);
#20577 = STYLED_ITEM('color',(#20578),#3907);
#20578 = PRESENTATION_STYLE_ASSIGNMENT((#20579));
#20579 = SURFACE_STYLE_USAGE(.BOTH.,#20580);
#20580 = SURFACE_SIDE_STYLE('',(#20581));
#20581 = SURFACE_STYLE_FILL_AREA(#20582);
#20582 = FILL_AREA_STYLE('',(#20583));
#20583 = FILL_AREA_STYLE_COLOUR('',#17677);
#20584 = STYLED_ITEM('color',(#20585),#3958);
#20585 = PRESENTATION_STYLE_ASSIGNMENT((#20586));
#20586 = SURFACE_STYLE_USAGE(.BOTH.,#20587);
#20587 = SURFACE_SIDE_STYLE('',(#20588));
#20588 = SURFACE_STYLE_FILL_AREA(#20589);
#20589 = FILL_AREA_STYLE('',(#20590));
#20590 = FILL_AREA_STYLE_COLOUR('',#17677);
#20591 = STYLED_ITEM('color',(#20592),#3981);
#20592 = PRESENTATION_STYLE_ASSIGNMENT((#20593));
#20593 = SURFACE_STYLE_USAGE(.BOTH.,#20594);
#20594 = SURFACE_SIDE_STYLE('',(#20595));
#20595 = SURFACE_STYLE_FILL_AREA(#20596);
#20596 = FILL_AREA_STYLE('',(#20597));
#20597 = FILL_AREA_STYLE_COLOUR('',#17677);
#20598 = STYLED_ITEM('color',(#20599),#3998);
#20599 = PRESENTATION_STYLE_ASSIGNMENT((#20600));
#20600 = SURFACE_STYLE_USAGE(.BOTH.,#20601);
#20601 = SURFACE_SIDE_STYLE('',(#20602));
#20602 = SURFACE_STYLE_FILL_AREA(#20603);
#20603 = FILL_AREA_STYLE('',(#20604));
#20604 = FILL_AREA_STYLE_COLOUR('',#17478);
#20605 = STYLED_ITEM('color',(#20606),#4072);
#20606 = PRESENTATION_STYLE_ASSIGNMENT((#20607));
#20607 = SURFACE_STYLE_USAGE(.BOTH.,#20608);
#20608 = SURFACE_SIDE_STYLE('',(#20609));
#20609 = SURFACE_STYLE_FILL_AREA(#20610);
#20610 = FILL_AREA_STYLE('',(#20611));
#20611 = FILL_AREA_STYLE_COLOUR('',#17478);
#20612 = STYLED_ITEM('color',(#20613),#4096);
#20613 = PRESENTATION_STYLE_ASSIGNMENT((#20614));
#20614 = SURFACE_STYLE_USAGE(.BOTH.,#20615);
#20615 = SURFACE_SIDE_STYLE('',(#20616));
#20616 = SURFACE_STYLE_FILL_AREA(#20617);
#20617 = FILL_AREA_STYLE('',(#20618));
#20618 = FILL_AREA_STYLE_COLOUR('',#17478);
#20619 = STYLED_ITEM('color',(#20620),#4163);
#20620 = PRESENTATION_STYLE_ASSIGNMENT((#20621));
#20621 = SURFACE_STYLE_USAGE(.BOTH.,#20622);
#20622 = SURFACE_SIDE_STYLE('',(#20623));
#20623 = SURFACE_STYLE_FILL_AREA(#20624);
#20624 = FILL_AREA_STYLE('',(#20625));
#20625 = FILL_AREA_STYLE_COLOUR('',#17677);
#20626 = STYLED_ITEM('color',(#20627),#4175);
#20627 = PRESENTATION_STYLE_ASSIGNMENT((#20628));
#20628 = SURFACE_STYLE_USAGE(.BOTH.,#20629);
#20629 = SURFACE_SIDE_STYLE('',(#20630));
#20630 = SURFACE_STYLE_FILL_AREA(#20631);
#20631 = FILL_AREA_STYLE('',(#20632));
#20632 = FILL_AREA_STYLE_COLOUR('',#17677);
#20633 = STYLED_ITEM('color',(#20634),#4187);
#20634 = PRESENTATION_STYLE_ASSIGNMENT((#20635));
#20635 = SURFACE_STYLE_USAGE(.BOTH.,#20636);
#20636 = SURFACE_SIDE_STYLE('',(#20637));
#20637 = SURFACE_STYLE_FILL_AREA(#20638);
#20638 = FILL_AREA_STYLE('',(#20639));
#20639 = FILL_AREA_STYLE_COLOUR('',#17478);
#20640 = STYLED_ITEM('color',(#20641),#4204);
#20641 = PRESENTATION_STYLE_ASSIGNMENT((#20642));
#20642 = SURFACE_STYLE_USAGE(.BOTH.,#20643);
#20643 = SURFACE_SIDE_STYLE('',(#20644));
#20644 = SURFACE_STYLE_FILL_AREA(#20645);
#20645 = FILL_AREA_STYLE('',(#20646));
#20646 = FILL_AREA_STYLE_COLOUR('',#20647);
#20647 = COLOUR_RGB('',0.690999977303,0.663999984767,0.597999987832);
#20648 = STYLED_ITEM('color',(#20649),#4233);
#20649 = PRESENTATION_STYLE_ASSIGNMENT((#20650));
#20650 = SURFACE_STYLE_USAGE(.BOTH.,#20651);
#20651 = SURFACE_SIDE_STYLE('',(#20652));
#20652 = SURFACE_STYLE_FILL_AREA(#20653);
#20653 = FILL_AREA_STYLE('',(#20654));
#20654 = FILL_AREA_STYLE_COLOUR('',#20647);
#20655 = STYLED_ITEM('color',(#20656),#4256);
#20656 = PRESENTATION_STYLE_ASSIGNMENT((#20657));
#20657 = SURFACE_STYLE_USAGE(.BOTH.,#20658);
#20658 = SURFACE_SIDE_STYLE('',(#20659));
#20659 = SURFACE_STYLE_FILL_AREA(#20660);
#20660 = FILL_AREA_STYLE('',(#20661));
#20661 = FILL_AREA_STYLE_COLOUR('',#20647);
#20662 = STYLED_ITEM('color',(#20663),#4279);
#20663 = PRESENTATION_STYLE_ASSIGNMENT((#20664));
#20664 = SURFACE_STYLE_USAGE(.BOTH.,#20665);
#20665 = SURFACE_SIDE_STYLE('',(#20666));
#20666 = SURFACE_STYLE_FILL_AREA(#20667);
#20667 = FILL_AREA_STYLE('',(#20668));
#20668 = FILL_AREA_STYLE_COLOUR('',#20647);
#20669 = STYLED_ITEM('color',(#20670),#4296);
#20670 = PRESENTATION_STYLE_ASSIGNMENT((#20671));
#20671 = SURFACE_STYLE_USAGE(.BOTH.,#20672);
#20672 = SURFACE_SIDE_STYLE('',(#20673));
#20673 = SURFACE_STYLE_FILL_AREA(#20674);
#20674 = FILL_AREA_STYLE('',(#20675));
#20675 = FILL_AREA_STYLE_COLOUR('',#17478);
#20676 = STYLED_ITEM('color',(#20677),#4318);
#20677 = PRESENTATION_STYLE_ASSIGNMENT((#20678));
#20678 = SURFACE_STYLE_USAGE(.BOTH.,#20679);
#20679 = SURFACE_SIDE_STYLE('',(#20680));
#20680 = SURFACE_STYLE_FILL_AREA(#20681);
#20681 = FILL_AREA_STYLE('',(#20682));
#20682 = FILL_AREA_STYLE_COLOUR('',#17478);
#20683 = STYLED_ITEM('color',(#20684),#4330);
#20684 = PRESENTATION_STYLE_ASSIGNMENT((#20685));
#20685 = SURFACE_STYLE_USAGE(.BOTH.,#20686);
#20686 = SURFACE_SIDE_STYLE('',(#20687));
#20687 = SURFACE_STYLE_FILL_AREA(#20688);
#20688 = FILL_AREA_STYLE('',(#20689));
#20689 = FILL_AREA_STYLE_COLOUR('',#17478);
#20690 = STYLED_ITEM('color',(#20691),#4347);
#20691 = PRESENTATION_STYLE_ASSIGNMENT((#20692));
#20692 = SURFACE_STYLE_USAGE(.BOTH.,#20693);
#20693 = SURFACE_SIDE_STYLE('',(#20694));
#20694 = SURFACE_STYLE_FILL_AREA(#20695);
#20695 = FILL_AREA_STYLE('',(#20696));
#20696 = FILL_AREA_STYLE_COLOUR('',#17478);
#20697 = STYLED_ITEM('color',(#20698),#4364);
#20698 = PRESENTATION_STYLE_ASSIGNMENT((#20699));
#20699 = SURFACE_STYLE_USAGE(.BOTH.,#20700);
#20700 = SURFACE_SIDE_STYLE('',(#20701));
#20701 = SURFACE_STYLE_FILL_AREA(#20702);
#20702 = FILL_AREA_STYLE('',(#20703));
#20703 = FILL_AREA_STYLE_COLOUR('',#17478);
#20704 = STYLED_ITEM('color',(#20705),#4381);
#20705 = PRESENTATION_STYLE_ASSIGNMENT((#20706));
#20706 = SURFACE_STYLE_USAGE(.BOTH.,#20707);
#20707 = SURFACE_SIDE_STYLE('',(#20708));
#20708 = SURFACE_STYLE_FILL_AREA(#20709);
#20709 = FILL_AREA_STYLE('',(#20710));
#20710 = FILL_AREA_STYLE_COLOUR('',#17478);
#20711 = STYLED_ITEM('color',(#20712),#4393);
#20712 = PRESENTATION_STYLE_ASSIGNMENT((#20713));
#20713 = SURFACE_STYLE_USAGE(.BOTH.,#20714);
#20714 = SURFACE_SIDE_STYLE('',(#20715));
#20715 = SURFACE_STYLE_FILL_AREA(#20716);
#20716 = FILL_AREA_STYLE('',(#20717));
#20717 = FILL_AREA_STYLE_COLOUR('',#20647);
#20718 = MECHANICAL_DESIGN_GEOMETRIC_PRESENTATION_REPRESENTATION('',(
    #20719,#20726,#20733,#20740,#20747,#20754,#20761,#20768,#20775,
    #20782,#20789,#20796,#20803,#20810,#20817,#20824,#20831,#20838,
    #20845,#20852,#20859,#20866,#20873,#20880,#20887,#20894),#9124);
#20719 = STYLED_ITEM('color',(#20720),#8336);
#20720 = PRESENTATION_STYLE_ASSIGNMENT((#20721));
#20721 = SURFACE_STYLE_USAGE(.BOTH.,#20722);
#20722 = SURFACE_SIDE_STYLE('',(#20723));
#20723 = SURFACE_STYLE_FILL_AREA(#20724);
#20724 = FILL_AREA_STYLE('',(#20725));
#20725 = FILL_AREA_STYLE_COLOUR('',#17478);
#20726 = STYLED_ITEM('color',(#20727),#8376);
#20727 = PRESENTATION_STYLE_ASSIGNMENT((#20728));
#20728 = SURFACE_STYLE_USAGE(.BOTH.,#20729);
#20729 = SURFACE_SIDE_STYLE('',(#20730));
#20730 = SURFACE_STYLE_FILL_AREA(#20731);
#20731 = FILL_AREA_STYLE('',(#20732));
#20732 = FILL_AREA_STYLE_COLOUR('',#17478);
#20733 = STYLED_ITEM('color',(#20734),#8459);
#20734 = PRESENTATION_STYLE_ASSIGNMENT((#20735));
#20735 = SURFACE_STYLE_USAGE(.BOTH.,#20736);
#20736 = SURFACE_SIDE_STYLE('',(#20737));
#20737 = SURFACE_STYLE_FILL_AREA(#20738);
#20738 = FILL_AREA_STYLE('',(#20739));
#20739 = FILL_AREA_STYLE_COLOUR('',#17478);
#20740 = STYLED_ITEM('color',(#20741),#8484);
#20741 = PRESENTATION_STYLE_ASSIGNMENT((#20742));
#20742 = SURFACE_STYLE_USAGE(.BOTH.,#20743);
#20743 = SURFACE_SIDE_STYLE('',(#20744));
#20744 = SURFACE_STYLE_FILL_AREA(#20745);
#20745 = FILL_AREA_STYLE('',(#20746));
#20746 = FILL_AREA_STYLE_COLOUR('',#17478);
#20747 = STYLED_ITEM('color',(#20748),#8509);
#20748 = PRESENTATION_STYLE_ASSIGNMENT((#20749));
#20749 = SURFACE_STYLE_USAGE(.BOTH.,#20750);
#20750 = SURFACE_SIDE_STYLE('',(#20751));
#20751 = SURFACE_STYLE_FILL_AREA(#20752);
#20752 = FILL_AREA_STYLE('',(#20753));
#20753 = FILL_AREA_STYLE_COLOUR('',#17478);
#20754 = STYLED_ITEM('color',(#20755),#8576);
#20755 = PRESENTATION_STYLE_ASSIGNMENT((#20756));
#20756 = SURFACE_STYLE_USAGE(.BOTH.,#20757);
#20757 = SURFACE_SIDE_STYLE('',(#20758));
#20758 = SURFACE_STYLE_FILL_AREA(#20759);
#20759 = FILL_AREA_STYLE('',(#20760));
#20760 = FILL_AREA_STYLE_COLOUR('',#17478);
#20761 = STYLED_ITEM('color',(#20762),#8593);
#20762 = PRESENTATION_STYLE_ASSIGNMENT((#20763));
#20763 = SURFACE_STYLE_USAGE(.BOTH.,#20764);
#20764 = SURFACE_SIDE_STYLE('',(#20765));
#20765 = SURFACE_STYLE_FILL_AREA(#20766);
#20766 = FILL_AREA_STYLE('',(#20767));
#20767 = FILL_AREA_STYLE_COLOUR('',#17478);
#20768 = STYLED_ITEM('color',(#20769),#8610);
#20769 = PRESENTATION_STYLE_ASSIGNMENT((#20770));
#20770 = SURFACE_STYLE_USAGE(.BOTH.,#20771);
#20771 = SURFACE_SIDE_STYLE('',(#20772));
#20772 = SURFACE_STYLE_FILL_AREA(#20773);
#20773 = FILL_AREA_STYLE('',(#20774));
#20774 = FILL_AREA_STYLE_COLOUR('',#18626);
#20775 = STYLED_ITEM('color',(#20776),#8659);
#20776 = PRESENTATION_STYLE_ASSIGNMENT((#20777));
#20777 = SURFACE_STYLE_USAGE(.BOTH.,#20778);
#20778 = SURFACE_SIDE_STYLE('',(#20779));
#20779 = SURFACE_STYLE_FILL_AREA(#20780);
#20780 = FILL_AREA_STYLE('',(#20781));
#20781 = FILL_AREA_STYLE_COLOUR('',#17478);
#20782 = STYLED_ITEM('color',(#20783),#8676);
#20783 = PRESENTATION_STYLE_ASSIGNMENT((#20784));
#20784 = SURFACE_STYLE_USAGE(.BOTH.,#20785);
#20785 = SURFACE_SIDE_STYLE('',(#20786));
#20786 = SURFACE_STYLE_FILL_AREA(#20787);
#20787 = FILL_AREA_STYLE('',(#20788));
#20788 = FILL_AREA_STYLE_COLOUR('',#17478);
#20789 = STYLED_ITEM('color',(#20790),#8693);
#20790 = PRESENTATION_STYLE_ASSIGNMENT((#20791));
#20791 = SURFACE_STYLE_USAGE(.BOTH.,#20792);
#20792 = SURFACE_SIDE_STYLE('',(#20793));
#20793 = SURFACE_STYLE_FILL_AREA(#20794);
#20794 = FILL_AREA_STYLE('',(#20795));
#20795 = FILL_AREA_STYLE_COLOUR('',#18626);
#20796 = STYLED_ITEM('color',(#20797),#8742);
#20797 = PRESENTATION_STYLE_ASSIGNMENT((#20798));
#20798 = SURFACE_STYLE_USAGE(.BOTH.,#20799);
#20799 = SURFACE_SIDE_STYLE('',(#20800));
#20800 = SURFACE_STYLE_FILL_AREA(#20801);
#20801 = FILL_AREA_STYLE('',(#20802));
#20802 = FILL_AREA_STYLE_COLOUR('',#18626);
#20803 = STYLED_ITEM('color',(#20804),#8759);
#20804 = PRESENTATION_STYLE_ASSIGNMENT((#20805));
#20805 = SURFACE_STYLE_USAGE(.BOTH.,#20806);
#20806 = SURFACE_SIDE_STYLE('',(#20807));
#20807 = SURFACE_STYLE_FILL_AREA(#20808);
#20808 = FILL_AREA_STYLE('',(#20809));
#20809 = FILL_AREA_STYLE_COLOUR('',#17478);
#20810 = STYLED_ITEM('color',(#20811),#8828);
#20811 = PRESENTATION_STYLE_ASSIGNMENT((#20812));
#20812 = SURFACE_STYLE_USAGE(.BOTH.,#20813);
#20813 = SURFACE_SIDE_STYLE('',(#20814));
#20814 = SURFACE_STYLE_FILL_AREA(#20815);
#20815 = FILL_AREA_STYLE('',(#20816));
#20816 = FILL_AREA_STYLE_COLOUR('',#18669);
#20817 = STYLED_ITEM('color',(#20818),#8859);
#20818 = PRESENTATION_STYLE_ASSIGNMENT((#20819));
#20819 = SURFACE_STYLE_USAGE(.BOTH.,#20820);
#20820 = SURFACE_SIDE_STYLE('',(#20821));
#20821 = SURFACE_STYLE_FILL_AREA(#20822);
#20822 = FILL_AREA_STYLE('',(#20823));
#20823 = FILL_AREA_STYLE_COLOUR('',#18669);
#20824 = STYLED_ITEM('color',(#20825),#8883);
#20825 = PRESENTATION_STYLE_ASSIGNMENT((#20826));
#20826 = SURFACE_STYLE_USAGE(.BOTH.,#20827);
#20827 = SURFACE_SIDE_STYLE('',(#20828));
#20828 = SURFACE_STYLE_FILL_AREA(#20829);
#20829 = FILL_AREA_STYLE('',(#20830));
#20830 = FILL_AREA_STYLE_COLOUR('',#17478);
#20831 = STYLED_ITEM('color',(#20832),#8952);
#20832 = PRESENTATION_STYLE_ASSIGNMENT((#20833));
#20833 = SURFACE_STYLE_USAGE(.BOTH.,#20834);
#20834 = SURFACE_SIDE_STYLE('',(#20835));
#20835 = SURFACE_STYLE_FILL_AREA(#20836);
#20836 = FILL_AREA_STYLE('',(#20837));
#20837 = FILL_AREA_STYLE_COLOUR('',#18669);
#20838 = STYLED_ITEM('color',(#20839),#8976);
#20839 = PRESENTATION_STYLE_ASSIGNMENT((#20840));
#20840 = SURFACE_STYLE_USAGE(.BOTH.,#20841);
#20841 = SURFACE_SIDE_STYLE('',(#20842));
#20842 = SURFACE_STYLE_FILL_AREA(#20843);
#20843 = FILL_AREA_STYLE('',(#20844));
#20844 = FILL_AREA_STYLE_COLOUR('',#17478);
#20845 = STYLED_ITEM('color',(#20846),#8993);
#20846 = PRESENTATION_STYLE_ASSIGNMENT((#20847));
#20847 = SURFACE_STYLE_USAGE(.BOTH.,#20848);
#20848 = SURFACE_SIDE_STYLE('',(#20849));
#20849 = SURFACE_STYLE_FILL_AREA(#20850);
#20850 = FILL_AREA_STYLE('',(#20851));
#20851 = FILL_AREA_STYLE_COLOUR('',#17478);
#20852 = STYLED_ITEM('color',(#20853),#9010);
#20853 = PRESENTATION_STYLE_ASSIGNMENT((#20854));
#20854 = SURFACE_STYLE_USAGE(.BOTH.,#20855);
#20855 = SURFACE_SIDE_STYLE('',(#20856));
#20856 = SURFACE_STYLE_FILL_AREA(#20857);
#20857 = FILL_AREA_STYLE('',(#20858));
#20858 = FILL_AREA_STYLE_COLOUR('',#17478);
#20859 = STYLED_ITEM('color',(#20860),#9027);
#20860 = PRESENTATION_STYLE_ASSIGNMENT((#20861));
#20861 = SURFACE_STYLE_USAGE(.BOTH.,#20862);
#20862 = SURFACE_SIDE_STYLE('',(#20863));
#20863 = SURFACE_STYLE_FILL_AREA(#20864);
#20864 = FILL_AREA_STYLE('',(#20865));
#20865 = FILL_AREA_STYLE_COLOUR('',#17478);
#20866 = STYLED_ITEM('color',(#20867),#9044);
#20867 = PRESENTATION_STYLE_ASSIGNMENT((#20868));
#20868 = SURFACE_STYLE_USAGE(.BOTH.,#20869);
#20869 = SURFACE_SIDE_STYLE('',(#20870));
#20870 = SURFACE_STYLE_FILL_AREA(#20871);
#20871 = FILL_AREA_STYLE('',(#20872));
#20872 = FILL_AREA_STYLE_COLOUR('',#17478);
#20873 = STYLED_ITEM('color',(#20874),#9061);
#20874 = PRESENTATION_STYLE_ASSIGNMENT((#20875));
#20875 = SURFACE_STYLE_USAGE(.BOTH.,#20876);
#20876 = SURFACE_SIDE_STYLE('',(#20877));
#20877 = SURFACE_STYLE_FILL_AREA(#20878);
#20878 = FILL_AREA_STYLE('',(#20879));
#20879 = FILL_AREA_STYLE_COLOUR('',#17478);
#20880 = STYLED_ITEM('color',(#20881),#9078);
#20881 = PRESENTATION_STYLE_ASSIGNMENT((#20882));
#20882 = SURFACE_STYLE_USAGE(.BOTH.,#20883);
#20883 = SURFACE_SIDE_STYLE('',(#20884));
#20884 = SURFACE_STYLE_FILL_AREA(#20885);
#20885 = FILL_AREA_STYLE('',(#20886));
#20886 = FILL_AREA_STYLE_COLOUR('',#17478);
#20887 = STYLED_ITEM('color',(#20888),#9095);
#20888 = PRESENTATION_STYLE_ASSIGNMENT((#20889));
#20889 = SURFACE_STYLE_USAGE(.BOTH.,#20890);
#20890 = SURFACE_SIDE_STYLE('',(#20891));
#20891 = SURFACE_STYLE_FILL_AREA(#20892);
#20892 = FILL_AREA_STYLE('',(#20893));
#20893 = FILL_AREA_STYLE_COLOUR('',#18669);
#20894 = STYLED_ITEM('color',(#20895),#9112);
#20895 = PRESENTATION_STYLE_ASSIGNMENT((#20896));
#20896 = SURFACE_STYLE_USAGE(.BOTH.,#20897);
#20897 = SURFACE_SIDE_STYLE('',(#20898));
#20898 = SURFACE_STYLE_FILL_AREA(#20899);
#20899 = FILL_AREA_STYLE('',(#20900));
#20900 = FILL_AREA_STYLE_COLOUR('',#18669);
#20901 = MECHANICAL_DESIGN_GEOMETRIC_PRESENTATION_REPRESENTATION('',(
    #20902,#20911,#20920,#20929,#20938,#20947,#20956,#20965,#20974,
    #20983,#20992,#21001,#21010,#21019,#21028,#21037,#21046,#21055,
    #21064,#21073,#21082,#21091,#21100,#21109,#21118,#21127,#21136,
    #21145,#21154,#21163,#21172,#21181,#21190,#21199,#21208,#21217,
    #21226,#21235,#21244,#21253,#21262,#21271,#21280,#21289,#21298,
    #21307,#21316,#21325,#21334,#21343,#21352,#21361,#21370,#21379,
    #21388,#21397,#21406,#21415,#21424,#21433,#21442,#21451,#21460,
    #21469,#21478,#21487,#21496,#21505,#21514,#21523,#21532,#21541,
    #21550,#21559,#21568),#12214);
#20902 = STYLED_ITEM('color',(#20903),#9964);
#20903 = PRESENTATION_STYLE_ASSIGNMENT((#20904,#20909));
#20904 = SURFACE_STYLE_USAGE(.BOTH.,#20905);
#20905 = SURFACE_SIDE_STYLE('',(#20906));
#20906 = SURFACE_STYLE_FILL_AREA(#20907);
#20907 = FILL_AREA_STYLE('',(#20908));
#20908 = FILL_AREA_STYLE_COLOUR('',#19310);
#20909 = CURVE_STYLE('',#20910,POSITIVE_LENGTH_MEASURE(0.1),#19310);
#20910 = DRAUGHTING_PRE_DEFINED_CURVE_FONT('continuous');
#20911 = STYLED_ITEM('color',(#20912),#10050);
#20912 = PRESENTATION_STYLE_ASSIGNMENT((#20913,#20918));
#20913 = SURFACE_STYLE_USAGE(.BOTH.,#20914);
#20914 = SURFACE_SIDE_STYLE('',(#20915));
#20915 = SURFACE_STYLE_FILL_AREA(#20916);
#20916 = FILL_AREA_STYLE('',(#20917));
#20917 = FILL_AREA_STYLE_COLOUR('',#19310);
#20918 = CURVE_STYLE('',#20919,POSITIVE_LENGTH_MEASURE(0.1),#19310);
#20919 = DRAUGHTING_PRE_DEFINED_CURVE_FONT('continuous');
#20920 = STYLED_ITEM('color',(#20921),#10081);
#20921 = PRESENTATION_STYLE_ASSIGNMENT((#20922,#20927));
#20922 = SURFACE_STYLE_USAGE(.BOTH.,#20923);
#20923 = SURFACE_SIDE_STYLE('',(#20924));
#20924 = SURFACE_STYLE_FILL_AREA(#20925);
#20925 = FILL_AREA_STYLE('',(#20926));
#20926 = FILL_AREA_STYLE_COLOUR('',#19310);
#20927 = CURVE_STYLE('',#20928,POSITIVE_LENGTH_MEASURE(0.1),#19310);
#20928 = DRAUGHTING_PRE_DEFINED_CURVE_FONT('continuous');
#20929 = STYLED_ITEM('color',(#20930),#10104);
#20930 = PRESENTATION_STYLE_ASSIGNMENT((#20931,#20936));
#20931 = SURFACE_STYLE_USAGE(.BOTH.,#20932);
#20932 = SURFACE_SIDE_STYLE('',(#20933));
#20933 = SURFACE_STYLE_FILL_AREA(#20934);
#20934 = FILL_AREA_STYLE('',(#20935));
#20935 = FILL_AREA_STYLE_COLOUR('',#19310);
#20936 = CURVE_STYLE('',#20937,POSITIVE_LENGTH_MEASURE(0.1),#19310);
#20937 = DRAUGHTING_PRE_DEFINED_CURVE_FONT('continuous');
#20938 = STYLED_ITEM('color',(#20939),#10134);
#20939 = PRESENTATION_STYLE_ASSIGNMENT((#20940,#20945));
#20940 = SURFACE_STYLE_USAGE(.BOTH.,#20941);
#20941 = SURFACE_SIDE_STYLE('',(#20942));
#20942 = SURFACE_STYLE_FILL_AREA(#20943);
#20943 = FILL_AREA_STYLE('',(#20944));
#20944 = FILL_AREA_STYLE_COLOUR('',#17478);
#20945 = CURVE_STYLE('',#20946,POSITIVE_LENGTH_MEASURE(0.1),#17478);
#20946 = DRAUGHTING_PRE_DEFINED_CURVE_FONT('continuous');
#20947 = STYLED_ITEM('color',(#20948),#10165);
#20948 = PRESENTATION_STYLE_ASSIGNMENT((#20949,#20954));
#20949 = SURFACE_STYLE_USAGE(.BOTH.,#20950);
#20950 = SURFACE_SIDE_STYLE('',(#20951));
#20951 = SURFACE_STYLE_FILL_AREA(#20952);
#20952 = FILL_AREA_STYLE('',(#20953));
#20953 = FILL_AREA_STYLE_COLOUR('',#19310);
#20954 = CURVE_STYLE('',#20955,POSITIVE_LENGTH_MEASURE(0.1),#19310);
#20955 = DRAUGHTING_PRE_DEFINED_CURVE_FONT('continuous');
#20956 = STYLED_ITEM('color',(#20957),#10196);
#20957 = PRESENTATION_STYLE_ASSIGNMENT((#20958,#20963));
#20958 = SURFACE_STYLE_USAGE(.BOTH.,#20959);
#20959 = SURFACE_SIDE_STYLE('',(#20960));
#20960 = SURFACE_STYLE_FILL_AREA(#20961);
#20961 = FILL_AREA_STYLE('',(#20962));
#20962 = FILL_AREA_STYLE_COLOUR('',#17478);
#20963 = CURVE_STYLE('',#20964,POSITIVE_LENGTH_MEASURE(0.1),#17478);
#20964 = DRAUGHTING_PRE_DEFINED_CURVE_FONT('continuous');
#20965 = STYLED_ITEM('color',(#20966),#10227);
#20966 = PRESENTATION_STYLE_ASSIGNMENT((#20967,#20972));
#20967 = SURFACE_STYLE_USAGE(.BOTH.,#20968);
#20968 = SURFACE_SIDE_STYLE('',(#20969));
#20969 = SURFACE_STYLE_FILL_AREA(#20970);
#20970 = FILL_AREA_STYLE('',(#20971));
#20971 = FILL_AREA_STYLE_COLOUR('',#19310);
#20972 = CURVE_STYLE('',#20973,POSITIVE_LENGTH_MEASURE(0.1),#19310);
#20973 = DRAUGHTING_PRE_DEFINED_CURVE_FONT('continuous');
#20974 = STYLED_ITEM('color',(#20975),#10258);
#20975 = PRESENTATION_STYLE_ASSIGNMENT((#20976,#20981));
#20976 = SURFACE_STYLE_USAGE(.BOTH.,#20977);
#20977 = SURFACE_SIDE_STYLE('',(#20978));
#20978 = SURFACE_STYLE_FILL_AREA(#20979);
#20979 = FILL_AREA_STYLE('',(#20980));
#20980 = FILL_AREA_STYLE_COLOUR('',#17478);
#20981 = CURVE_STYLE('',#20982,POSITIVE_LENGTH_MEASURE(0.1),#17478);
#20982 = DRAUGHTING_PRE_DEFINED_CURVE_FONT('continuous');
#20983 = STYLED_ITEM('color',(#20984),#10289);
#20984 = PRESENTATION_STYLE_ASSIGNMENT((#20985,#20990));
#20985 = SURFACE_STYLE_USAGE(.BOTH.,#20986);
#20986 = SURFACE_SIDE_STYLE('',(#20987));
#20987 = SURFACE_STYLE_FILL_AREA(#20988);
#20988 = FILL_AREA_STYLE('',(#20989));
#20989 = FILL_AREA_STYLE_COLOUR('',#19310);
#20990 = CURVE_STYLE('',#20991,POSITIVE_LENGTH_MEASURE(0.1),#19310);
#20991 = DRAUGHTING_PRE_DEFINED_CURVE_FONT('continuous');
#20992 = STYLED_ITEM('color',(#20993),#10319);
#20993 = PRESENTATION_STYLE_ASSIGNMENT((#20994,#20999));
#20994 = SURFACE_STYLE_USAGE(.BOTH.,#20995);
#20995 = SURFACE_SIDE_STYLE('',(#20996));
#20996 = SURFACE_STYLE_FILL_AREA(#20997);
#20997 = FILL_AREA_STYLE('',(#20998));
#20998 = FILL_AREA_STYLE_COLOUR('',#19310);
#20999 = CURVE_STYLE('',#21000,POSITIVE_LENGTH_MEASURE(0.1),#19310);
#21000 = DRAUGHTING_PRE_DEFINED_CURVE_FONT('continuous');
#21001 = STYLED_ITEM('color',(#21002),#10342);
#21002 = PRESENTATION_STYLE_ASSIGNMENT((#21003,#21008));
#21003 = SURFACE_STYLE_USAGE(.BOTH.,#21004);
#21004 = SURFACE_SIDE_STYLE('',(#21005));
#21005 = SURFACE_STYLE_FILL_AREA(#21006);
#21006 = FILL_AREA_STYLE('',(#21007));
#21007 = FILL_AREA_STYLE_COLOUR('',#19310);
#21008 = CURVE_STYLE('',#21009,POSITIVE_LENGTH_MEASURE(0.1),#19310);
#21009 = DRAUGHTING_PRE_DEFINED_CURVE_FONT('continuous');
#21010 = STYLED_ITEM('color',(#21011),#10375);
#21011 = PRESENTATION_STYLE_ASSIGNMENT((#21012,#21017));
#21012 = SURFACE_STYLE_USAGE(.BOTH.,#21013);
#21013 = SURFACE_SIDE_STYLE('',(#21014));
#21014 = SURFACE_STYLE_FILL_AREA(#21015);
#21015 = FILL_AREA_STYLE('',(#21016));
#21016 = FILL_AREA_STYLE_COLOUR('',#19310);
#21017 = CURVE_STYLE('',#21018,POSITIVE_LENGTH_MEASURE(0.1),#19310);
#21018 = DRAUGHTING_PRE_DEFINED_CURVE_FONT('continuous');
#21019 = STYLED_ITEM('color',(#21020),#10398);
#21020 = PRESENTATION_STYLE_ASSIGNMENT((#21021,#21026));
#21021 = SURFACE_STYLE_USAGE(.BOTH.,#21022);
#21022 = SURFACE_SIDE_STYLE('',(#21023));
#21023 = SURFACE_STYLE_FILL_AREA(#21024);
#21024 = FILL_AREA_STYLE('',(#21025));
#21025 = FILL_AREA_STYLE_COLOUR('',#19310);
#21026 = CURVE_STYLE('',#21027,POSITIVE_LENGTH_MEASURE(0.1),#19310);
#21027 = DRAUGHTING_PRE_DEFINED_CURVE_FONT('continuous');
#21028 = STYLED_ITEM('color',(#21029),#10421);
#21029 = PRESENTATION_STYLE_ASSIGNMENT((#21030,#21035));
#21030 = SURFACE_STYLE_USAGE(.BOTH.,#21031);
#21031 = SURFACE_SIDE_STYLE('',(#21032));
#21032 = SURFACE_STYLE_FILL_AREA(#21033);
#21033 = FILL_AREA_STYLE('',(#21034));
#21034 = FILL_AREA_STYLE_COLOUR('',#19310);
#21035 = CURVE_STYLE('',#21036,POSITIVE_LENGTH_MEASURE(0.1),#19310);
#21036 = DRAUGHTING_PRE_DEFINED_CURVE_FONT('continuous');
#21037 = STYLED_ITEM('color',(#21038),#10477);
#21038 = PRESENTATION_STYLE_ASSIGNMENT((#21039,#21044));
#21039 = SURFACE_STYLE_USAGE(.BOTH.,#21040);
#21040 = SURFACE_SIDE_STYLE('',(#21041));
#21041 = SURFACE_STYLE_FILL_AREA(#21042);
#21042 = FILL_AREA_STYLE('',(#21043));
#21043 = FILL_AREA_STYLE_COLOUR('',#17478);
#21044 = CURVE_STYLE('',#21045,POSITIVE_LENGTH_MEASURE(0.1),#17478);
#21045 = DRAUGHTING_PRE_DEFINED_CURVE_FONT('continuous');
#21046 = STYLED_ITEM('color',(#21047),#10569);
#21047 = PRESENTATION_STYLE_ASSIGNMENT((#21048,#21053));
#21048 = SURFACE_STYLE_USAGE(.BOTH.,#21049);
#21049 = SURFACE_SIDE_STYLE('',(#21050));
#21050 = SURFACE_STYLE_FILL_AREA(#21051);
#21051 = FILL_AREA_STYLE('',(#21052));
#21052 = FILL_AREA_STYLE_COLOUR('',#17478);
#21053 = CURVE_STYLE('',#21054,POSITIVE_LENGTH_MEASURE(0.1),#17478);
#21054 = DRAUGHTING_PRE_DEFINED_CURVE_FONT('continuous');
#21055 = STYLED_ITEM('color',(#21056),#10661);
#21056 = PRESENTATION_STYLE_ASSIGNMENT((#21057,#21062));
#21057 = SURFACE_STYLE_USAGE(.BOTH.,#21058);
#21058 = SURFACE_SIDE_STYLE('',(#21059));
#21059 = SURFACE_STYLE_FILL_AREA(#21060);
#21060 = FILL_AREA_STYLE('',(#21061));
#21061 = FILL_AREA_STYLE_COLOUR('',#17478);
#21062 = CURVE_STYLE('',#21063,POSITIVE_LENGTH_MEASURE(0.1),#17478);
#21063 = DRAUGHTING_PRE_DEFINED_CURVE_FONT('continuous');
#21064 = STYLED_ITEM('color',(#21065),#10678);
#21065 = PRESENTATION_STYLE_ASSIGNMENT((#21066,#21071));
#21066 = SURFACE_STYLE_USAGE(.BOTH.,#21067);
#21067 = SURFACE_SIDE_STYLE('',(#21068));
#21068 = SURFACE_STYLE_FILL_AREA(#21069);
#21069 = FILL_AREA_STYLE('',(#21070));
#21070 = FILL_AREA_STYLE_COLOUR('',#19310);
#21071 = CURVE_STYLE('',#21072,POSITIVE_LENGTH_MEASURE(0.1),#19310);
#21072 = DRAUGHTING_PRE_DEFINED_CURVE_FONT('continuous');
#21073 = STYLED_ITEM('color',(#21074),#10709);
#21074 = PRESENTATION_STYLE_ASSIGNMENT((#21075,#21080));
#21075 = SURFACE_STYLE_USAGE(.BOTH.,#21076);
#21076 = SURFACE_SIDE_STYLE('',(#21077));
#21077 = SURFACE_STYLE_FILL_AREA(#21078);
#21078 = FILL_AREA_STYLE('',(#21079));
#21079 = FILL_AREA_STYLE_COLOUR('',#17478);
#21080 = CURVE_STYLE('',#21081,POSITIVE_LENGTH_MEASURE(0.1),#17478);
#21081 = DRAUGHTING_PRE_DEFINED_CURVE_FONT('continuous');
#21082 = STYLED_ITEM('color',(#21083),#10801);
#21083 = PRESENTATION_STYLE_ASSIGNMENT((#21084,#21089));
#21084 = SURFACE_STYLE_USAGE(.BOTH.,#21085);
#21085 = SURFACE_SIDE_STYLE('',(#21086));
#21086 = SURFACE_STYLE_FILL_AREA(#21087);
#21087 = FILL_AREA_STYLE('',(#21088));
#21088 = FILL_AREA_STYLE_COLOUR('',#17478);
#21089 = CURVE_STYLE('',#21090,POSITIVE_LENGTH_MEASURE(0.1),#17478);
#21090 = DRAUGHTING_PRE_DEFINED_CURVE_FONT('continuous');
#21091 = STYLED_ITEM('color',(#21092),#10893);
#21092 = PRESENTATION_STYLE_ASSIGNMENT((#21093,#21098));
#21093 = SURFACE_STYLE_USAGE(.BOTH.,#21094);
#21094 = SURFACE_SIDE_STYLE('',(#21095));
#21095 = SURFACE_STYLE_FILL_AREA(#21096);
#21096 = FILL_AREA_STYLE('',(#21097));
#21097 = FILL_AREA_STYLE_COLOUR('',#17478);
#21098 = CURVE_STYLE('',#21099,POSITIVE_LENGTH_MEASURE(0.1),#17478);
#21099 = DRAUGHTING_PRE_DEFINED_CURVE_FONT('continuous');
#21100 = STYLED_ITEM('color',(#21101),#10910);
#21101 = PRESENTATION_STYLE_ASSIGNMENT((#21102,#21107));
#21102 = SURFACE_STYLE_USAGE(.BOTH.,#21103);
#21103 = SURFACE_SIDE_STYLE('',(#21104));
#21104 = SURFACE_STYLE_FILL_AREA(#21105);
#21105 = FILL_AREA_STYLE('',(#21106));
#21106 = FILL_AREA_STYLE_COLOUR('',#19310);
#21107 = CURVE_STYLE('',#21108,POSITIVE_LENGTH_MEASURE(0.1),#19310);
#21108 = DRAUGHTING_PRE_DEFINED_CURVE_FONT('continuous');
#21109 = STYLED_ITEM('color',(#21110),#10941);
#21110 = PRESENTATION_STYLE_ASSIGNMENT((#21111,#21116));
#21111 = SURFACE_STYLE_USAGE(.BOTH.,#21112);
#21112 = SURFACE_SIDE_STYLE('',(#21113));
#21113 = SURFACE_STYLE_FILL_AREA(#21114);
#21114 = FILL_AREA_STYLE('',(#21115));
#21115 = FILL_AREA_STYLE_COLOUR('',#17478);
#21116 = CURVE_STYLE('',#21117,POSITIVE_LENGTH_MEASURE(0.1),#17478);
#21117 = DRAUGHTING_PRE_DEFINED_CURVE_FONT('continuous');
#21118 = STYLED_ITEM('color',(#21119),#11033);
#21119 = PRESENTATION_STYLE_ASSIGNMENT((#21120,#21125));
#21120 = SURFACE_STYLE_USAGE(.BOTH.,#21121);
#21121 = SURFACE_SIDE_STYLE('',(#21122));
#21122 = SURFACE_STYLE_FILL_AREA(#21123);
#21123 = FILL_AREA_STYLE('',(#21124));
#21124 = FILL_AREA_STYLE_COLOUR('',#17478);
#21125 = CURVE_STYLE('',#21126,POSITIVE_LENGTH_MEASURE(0.1),#17478);
#21126 = DRAUGHTING_PRE_DEFINED_CURVE_FONT('continuous');
#21127 = STYLED_ITEM('color',(#21128),#11125);
#21128 = PRESENTATION_STYLE_ASSIGNMENT((#21129,#21134));
#21129 = SURFACE_STYLE_USAGE(.BOTH.,#21130);
#21130 = SURFACE_SIDE_STYLE('',(#21131));
#21131 = SURFACE_STYLE_FILL_AREA(#21132);
#21132 = FILL_AREA_STYLE('',(#21133));
#21133 = FILL_AREA_STYLE_COLOUR('',#17478);
#21134 = CURVE_STYLE('',#21135,POSITIVE_LENGTH_MEASURE(0.1),#17478);
#21135 = DRAUGHTING_PRE_DEFINED_CURVE_FONT('continuous');
#21136 = STYLED_ITEM('color',(#21137),#11142);
#21137 = PRESENTATION_STYLE_ASSIGNMENT((#21138,#21143));
#21138 = SURFACE_STYLE_USAGE(.BOTH.,#21139);
#21139 = SURFACE_SIDE_STYLE('',(#21140));
#21140 = SURFACE_STYLE_FILL_AREA(#21141);
#21141 = FILL_AREA_STYLE('',(#21142));
#21142 = FILL_AREA_STYLE_COLOUR('',#19310);
#21143 = CURVE_STYLE('',#21144,POSITIVE_LENGTH_MEASURE(0.1),#19310);
#21144 = DRAUGHTING_PRE_DEFINED_CURVE_FONT('continuous');
#21145 = STYLED_ITEM('color',(#21146),#11198);
#21146 = PRESENTATION_STYLE_ASSIGNMENT((#21147,#21152));
#21147 = SURFACE_STYLE_USAGE(.BOTH.,#21148);
#21148 = SURFACE_SIDE_STYLE('',(#21149));
#21149 = SURFACE_STYLE_FILL_AREA(#21150);
#21150 = FILL_AREA_STYLE('',(#21151));
#21151 = FILL_AREA_STYLE_COLOUR('',#19310);
#21152 = CURVE_STYLE('',#21153,POSITIVE_LENGTH_MEASURE(0.1),#19310);
#21153 = DRAUGHTING_PRE_DEFINED_CURVE_FONT('continuous');
#21154 = STYLED_ITEM('color',(#21155),#11215);
#21155 = PRESENTATION_STYLE_ASSIGNMENT((#21156,#21161));
#21156 = SURFACE_STYLE_USAGE(.BOTH.,#21157);
#21157 = SURFACE_SIDE_STYLE('',(#21158));
#21158 = SURFACE_STYLE_FILL_AREA(#21159);
#21159 = FILL_AREA_STYLE('',(#21160));
#21160 = FILL_AREA_STYLE_COLOUR('',#17478);
#21161 = CURVE_STYLE('',#21162,POSITIVE_LENGTH_MEASURE(0.1),#17478);
#21162 = DRAUGHTING_PRE_DEFINED_CURVE_FONT('continuous');
#21163 = STYLED_ITEM('color',(#21164),#11246);
#21164 = PRESENTATION_STYLE_ASSIGNMENT((#21165,#21170));
#21165 = SURFACE_STYLE_USAGE(.BOTH.,#21166);
#21166 = SURFACE_SIDE_STYLE('',(#21167));
#21167 = SURFACE_STYLE_FILL_AREA(#21168);
#21168 = FILL_AREA_STYLE('',(#21169));
#21169 = FILL_AREA_STYLE_COLOUR('',#19310);
#21170 = CURVE_STYLE('',#21171,POSITIVE_LENGTH_MEASURE(0.1),#19310);
#21171 = DRAUGHTING_PRE_DEFINED_CURVE_FONT('continuous');
#21172 = STYLED_ITEM('color',(#21173),#11263);
#21173 = PRESENTATION_STYLE_ASSIGNMENT((#21174,#21179));
#21174 = SURFACE_STYLE_USAGE(.BOTH.,#21175);
#21175 = SURFACE_SIDE_STYLE('',(#21176));
#21176 = SURFACE_STYLE_FILL_AREA(#21177);
#21177 = FILL_AREA_STYLE('',(#21178));
#21178 = FILL_AREA_STYLE_COLOUR('',#17478);
#21179 = CURVE_STYLE('',#21180,POSITIVE_LENGTH_MEASURE(0.1),#17478);
#21180 = DRAUGHTING_PRE_DEFINED_CURVE_FONT('continuous');
#21181 = STYLED_ITEM('color',(#21182),#11301);
#21182 = PRESENTATION_STYLE_ASSIGNMENT((#21183,#21188));
#21183 = SURFACE_STYLE_USAGE(.BOTH.,#21184);
#21184 = SURFACE_SIDE_STYLE('',(#21185));
#21185 = SURFACE_STYLE_FILL_AREA(#21186);
#21186 = FILL_AREA_STYLE('',(#21187));
#21187 = FILL_AREA_STYLE_COLOUR('',#19310);
#21188 = CURVE_STYLE('',#21189,POSITIVE_LENGTH_MEASURE(0.1),#19310);
#21189 = DRAUGHTING_PRE_DEFINED_CURVE_FONT('continuous');
#21190 = STYLED_ITEM('color',(#21191),#11332);
#21191 = PRESENTATION_STYLE_ASSIGNMENT((#21192,#21197));
#21192 = SURFACE_STYLE_USAGE(.BOTH.,#21193);
#21193 = SURFACE_SIDE_STYLE('',(#21194));
#21194 = SURFACE_STYLE_FILL_AREA(#21195);
#21195 = FILL_AREA_STYLE('',(#21196));
#21196 = FILL_AREA_STYLE_COLOUR('',#19310);
#21197 = CURVE_STYLE('',#21198,POSITIVE_LENGTH_MEASURE(0.1),#19310);
#21198 = DRAUGHTING_PRE_DEFINED_CURVE_FONT('continuous');
#21199 = STYLED_ITEM('color',(#21200),#11355);
#21200 = PRESENTATION_STYLE_ASSIGNMENT((#21201,#21206));
#21201 = SURFACE_STYLE_USAGE(.BOTH.,#21202);
#21202 = SURFACE_SIDE_STYLE('',(#21203));
#21203 = SURFACE_STYLE_FILL_AREA(#21204);
#21204 = FILL_AREA_STYLE('',(#21205));
#21205 = FILL_AREA_STYLE_COLOUR('',#19310);
#21206 = CURVE_STYLE('',#21207,POSITIVE_LENGTH_MEASURE(0.1),#19310);
#21207 = DRAUGHTING_PRE_DEFINED_CURVE_FONT('continuous');
#21208 = STYLED_ITEM('color',(#21209),#11399);
#21209 = PRESENTATION_STYLE_ASSIGNMENT((#21210,#21215));
#21210 = SURFACE_STYLE_USAGE(.BOTH.,#21211);
#21211 = SURFACE_SIDE_STYLE('',(#21212));
#21212 = SURFACE_STYLE_FILL_AREA(#21213);
#21213 = FILL_AREA_STYLE('',(#21214));
#21214 = FILL_AREA_STYLE_COLOUR('',#17478);
#21215 = CURVE_STYLE('',#21216,POSITIVE_LENGTH_MEASURE(0.1),#17478);
#21216 = DRAUGHTING_PRE_DEFINED_CURVE_FONT('continuous');
#21217 = STYLED_ITEM('color',(#21218),#11418);
#21218 = PRESENTATION_STYLE_ASSIGNMENT((#21219,#21224));
#21219 = SURFACE_STYLE_USAGE(.BOTH.,#21220);
#21220 = SURFACE_SIDE_STYLE('',(#21221));
#21221 = SURFACE_STYLE_FILL_AREA(#21222);
#21222 = FILL_AREA_STYLE('',(#21223));
#21223 = FILL_AREA_STYLE_COLOUR('',#17478);
#21224 = CURVE_STYLE('',#21225,POSITIVE_LENGTH_MEASURE(0.1),#17478);
#21225 = DRAUGHTING_PRE_DEFINED_CURVE_FONT('continuous');
#21226 = STYLED_ITEM('color',(#21227),#11435);
#21227 = PRESENTATION_STYLE_ASSIGNMENT((#21228,#21233));
#21228 = SURFACE_STYLE_USAGE(.BOTH.,#21229);
#21229 = SURFACE_SIDE_STYLE('',(#21230));
#21230 = SURFACE_STYLE_FILL_AREA(#21231);
#21231 = FILL_AREA_STYLE('',(#21232));
#21232 = FILL_AREA_STYLE_COLOUR('',#17478);
#21233 = CURVE_STYLE('',#21234,POSITIVE_LENGTH_MEASURE(0.1),#17478);
#21234 = DRAUGHTING_PRE_DEFINED_CURVE_FONT('continuous');
#21235 = STYLED_ITEM('color',(#21236),#11452);
#21236 = PRESENTATION_STYLE_ASSIGNMENT((#21237,#21242));
#21237 = SURFACE_STYLE_USAGE(.BOTH.,#21238);
#21238 = SURFACE_SIDE_STYLE('',(#21239));
#21239 = SURFACE_STYLE_FILL_AREA(#21240);
#21240 = FILL_AREA_STYLE('',(#21241));
#21241 = FILL_AREA_STYLE_COLOUR('',#17478);
#21242 = CURVE_STYLE('',#21243,POSITIVE_LENGTH_MEASURE(0.1),#17478);
#21243 = DRAUGHTING_PRE_DEFINED_CURVE_FONT('continuous');
#21244 = STYLED_ITEM('color',(#21245),#11469);
#21245 = PRESENTATION_STYLE_ASSIGNMENT((#21246,#21251));
#21246 = SURFACE_STYLE_USAGE(.BOTH.,#21247);
#21247 = SURFACE_SIDE_STYLE('',(#21248));
#21248 = SURFACE_STYLE_FILL_AREA(#21249);
#21249 = FILL_AREA_STYLE('',(#21250));
#21250 = FILL_AREA_STYLE_COLOUR('',#17478);
#21251 = CURVE_STYLE('',#21252,POSITIVE_LENGTH_MEASURE(0.1),#17478);
#21252 = DRAUGHTING_PRE_DEFINED_CURVE_FONT('continuous');
#21253 = STYLED_ITEM('color',(#21254),#11486);
#21254 = PRESENTATION_STYLE_ASSIGNMENT((#21255,#21260));
#21255 = SURFACE_STYLE_USAGE(.BOTH.,#21256);
#21256 = SURFACE_SIDE_STYLE('',(#21257));
#21257 = SURFACE_STYLE_FILL_AREA(#21258);
#21258 = FILL_AREA_STYLE('',(#21259));
#21259 = FILL_AREA_STYLE_COLOUR('',#17478);
#21260 = CURVE_STYLE('',#21261,POSITIVE_LENGTH_MEASURE(0.1),#17478);
#21261 = DRAUGHTING_PRE_DEFINED_CURVE_FONT('continuous');
#21262 = STYLED_ITEM('color',(#21263),#11503);
#21263 = PRESENTATION_STYLE_ASSIGNMENT((#21264,#21269));
#21264 = SURFACE_STYLE_USAGE(.BOTH.,#21265);
#21265 = SURFACE_SIDE_STYLE('',(#21266));
#21266 = SURFACE_STYLE_FILL_AREA(#21267);
#21267 = FILL_AREA_STYLE('',(#21268));
#21268 = FILL_AREA_STYLE_COLOUR('',#17478);
#21269 = CURVE_STYLE('',#21270,POSITIVE_LENGTH_MEASURE(0.1),#17478);
#21270 = DRAUGHTING_PRE_DEFINED_CURVE_FONT('continuous');
#21271 = STYLED_ITEM('color',(#21272),#11520);
#21272 = PRESENTATION_STYLE_ASSIGNMENT((#21273,#21278));
#21273 = SURFACE_STYLE_USAGE(.BOTH.,#21274);
#21274 = SURFACE_SIDE_STYLE('',(#21275));
#21275 = SURFACE_STYLE_FILL_AREA(#21276);
#21276 = FILL_AREA_STYLE('',(#21277));
#21277 = FILL_AREA_STYLE_COLOUR('',#17478);
#21278 = CURVE_STYLE('',#21279,POSITIVE_LENGTH_MEASURE(0.1),#17478);
#21279 = DRAUGHTING_PRE_DEFINED_CURVE_FONT('continuous');
#21280 = STYLED_ITEM('color',(#21281),#11537);
#21281 = PRESENTATION_STYLE_ASSIGNMENT((#21282,#21287));
#21282 = SURFACE_STYLE_USAGE(.BOTH.,#21283);
#21283 = SURFACE_SIDE_STYLE('',(#21284));
#21284 = SURFACE_STYLE_FILL_AREA(#21285);
#21285 = FILL_AREA_STYLE('',(#21286));
#21286 = FILL_AREA_STYLE_COLOUR('',#17478);
#21287 = CURVE_STYLE('',#21288,POSITIVE_LENGTH_MEASURE(0.1),#17478);
#21288 = DRAUGHTING_PRE_DEFINED_CURVE_FONT('continuous');
#21289 = STYLED_ITEM('color',(#21290),#11549);
#21290 = PRESENTATION_STYLE_ASSIGNMENT((#21291,#21296));
#21291 = SURFACE_STYLE_USAGE(.BOTH.,#21292);
#21292 = SURFACE_SIDE_STYLE('',(#21293));
#21293 = SURFACE_STYLE_FILL_AREA(#21294);
#21294 = FILL_AREA_STYLE('',(#21295));
#21295 = FILL_AREA_STYLE_COLOUR('',#17478);
#21296 = CURVE_STYLE('',#21297,POSITIVE_LENGTH_MEASURE(0.1),#17478);
#21297 = DRAUGHTING_PRE_DEFINED_CURVE_FONT('continuous');
#21298 = STYLED_ITEM('color',(#21299),#11568);
#21299 = PRESENTATION_STYLE_ASSIGNMENT((#21300,#21305));
#21300 = SURFACE_STYLE_USAGE(.BOTH.,#21301);
#21301 = SURFACE_SIDE_STYLE('',(#21302));
#21302 = SURFACE_STYLE_FILL_AREA(#21303);
#21303 = FILL_AREA_STYLE('',(#21304));
#21304 = FILL_AREA_STYLE_COLOUR('',#17478);
#21305 = CURVE_STYLE('',#21306,POSITIVE_LENGTH_MEASURE(0.1),#17478);
#21306 = DRAUGHTING_PRE_DEFINED_CURVE_FONT('continuous');
#21307 = STYLED_ITEM('color',(#21308),#11585);
#21308 = PRESENTATION_STYLE_ASSIGNMENT((#21309,#21314));
#21309 = SURFACE_STYLE_USAGE(.BOTH.,#21310);
#21310 = SURFACE_SIDE_STYLE('',(#21311));
#21311 = SURFACE_STYLE_FILL_AREA(#21312);
#21312 = FILL_AREA_STYLE('',(#21313));
#21313 = FILL_AREA_STYLE_COLOUR('',#17478);
#21314 = CURVE_STYLE('',#21315,POSITIVE_LENGTH_MEASURE(0.1),#17478);
#21315 = DRAUGHTING_PRE_DEFINED_CURVE_FONT('continuous');
#21316 = STYLED_ITEM('color',(#21317),#11602);
#21317 = PRESENTATION_STYLE_ASSIGNMENT((#21318,#21323));
#21318 = SURFACE_STYLE_USAGE(.BOTH.,#21319);
#21319 = SURFACE_SIDE_STYLE('',(#21320));
#21320 = SURFACE_STYLE_FILL_AREA(#21321);
#21321 = FILL_AREA_STYLE('',(#21322));
#21322 = FILL_AREA_STYLE_COLOUR('',#17478);
#21323 = CURVE_STYLE('',#21324,POSITIVE_LENGTH_MEASURE(0.1),#17478);
#21324 = DRAUGHTING_PRE_DEFINED_CURVE_FONT('continuous');
#21325 = STYLED_ITEM('color',(#21326),#11619);
#21326 = PRESENTATION_STYLE_ASSIGNMENT((#21327,#21332));
#21327 = SURFACE_STYLE_USAGE(.BOTH.,#21328);
#21328 = SURFACE_SIDE_STYLE('',(#21329));
#21329 = SURFACE_STYLE_FILL_AREA(#21330);
#21330 = FILL_AREA_STYLE('',(#21331));
#21331 = FILL_AREA_STYLE_COLOUR('',#17478);
#21332 = CURVE_STYLE('',#21333,POSITIVE_LENGTH_MEASURE(0.1),#17478);
#21333 = DRAUGHTING_PRE_DEFINED_CURVE_FONT('continuous');
#21334 = STYLED_ITEM('color',(#21335),#11636);
#21335 = PRESENTATION_STYLE_ASSIGNMENT((#21336,#21341));
#21336 = SURFACE_STYLE_USAGE(.BOTH.,#21337);
#21337 = SURFACE_SIDE_STYLE('',(#21338));
#21338 = SURFACE_STYLE_FILL_AREA(#21339);
#21339 = FILL_AREA_STYLE('',(#21340));
#21340 = FILL_AREA_STYLE_COLOUR('',#17478);
#21341 = CURVE_STYLE('',#21342,POSITIVE_LENGTH_MEASURE(0.1),#17478);
#21342 = DRAUGHTING_PRE_DEFINED_CURVE_FONT('continuous');
#21343 = STYLED_ITEM('color',(#21344),#11653);
#21344 = PRESENTATION_STYLE_ASSIGNMENT((#21345,#21350));
#21345 = SURFACE_STYLE_USAGE(.BOTH.,#21346);
#21346 = SURFACE_SIDE_STYLE('',(#21347));
#21347 = SURFACE_STYLE_FILL_AREA(#21348);
#21348 = FILL_AREA_STYLE('',(#21349));
#21349 = FILL_AREA_STYLE_COLOUR('',#17478);
#21350 = CURVE_STYLE('',#21351,POSITIVE_LENGTH_MEASURE(0.1),#17478);
#21351 = DRAUGHTING_PRE_DEFINED_CURVE_FONT('continuous');
#21352 = STYLED_ITEM('color',(#21353),#11670);
#21353 = PRESENTATION_STYLE_ASSIGNMENT((#21354,#21359));
#21354 = SURFACE_STYLE_USAGE(.BOTH.,#21355);
#21355 = SURFACE_SIDE_STYLE('',(#21356));
#21356 = SURFACE_STYLE_FILL_AREA(#21357);
#21357 = FILL_AREA_STYLE('',(#21358));
#21358 = FILL_AREA_STYLE_COLOUR('',#17478);
#21359 = CURVE_STYLE('',#21360,POSITIVE_LENGTH_MEASURE(0.1),#17478);
#21360 = DRAUGHTING_PRE_DEFINED_CURVE_FONT('continuous');
#21361 = STYLED_ITEM('color',(#21362),#11687);
#21362 = PRESENTATION_STYLE_ASSIGNMENT((#21363,#21368));
#21363 = SURFACE_STYLE_USAGE(.BOTH.,#21364);
#21364 = SURFACE_SIDE_STYLE('',(#21365));
#21365 = SURFACE_STYLE_FILL_AREA(#21366);
#21366 = FILL_AREA_STYLE('',(#21367));
#21367 = FILL_AREA_STYLE_COLOUR('',#17478);
#21368 = CURVE_STYLE('',#21369,POSITIVE_LENGTH_MEASURE(0.1),#17478);
#21369 = DRAUGHTING_PRE_DEFINED_CURVE_FONT('continuous');
#21370 = STYLED_ITEM('color',(#21371),#11699);
#21371 = PRESENTATION_STYLE_ASSIGNMENT((#21372,#21377));
#21372 = SURFACE_STYLE_USAGE(.BOTH.,#21373);
#21373 = SURFACE_SIDE_STYLE('',(#21374));
#21374 = SURFACE_STYLE_FILL_AREA(#21375);
#21375 = FILL_AREA_STYLE('',(#21376));
#21376 = FILL_AREA_STYLE_COLOUR('',#17478);
#21377 = CURVE_STYLE('',#21378,POSITIVE_LENGTH_MEASURE(0.1),#17478);
#21378 = DRAUGHTING_PRE_DEFINED_CURVE_FONT('continuous');
#21379 = STYLED_ITEM('color',(#21380),#11718);
#21380 = PRESENTATION_STYLE_ASSIGNMENT((#21381,#21386));
#21381 = SURFACE_STYLE_USAGE(.BOTH.,#21382);
#21382 = SURFACE_SIDE_STYLE('',(#21383));
#21383 = SURFACE_STYLE_FILL_AREA(#21384);
#21384 = FILL_AREA_STYLE('',(#21385));
#21385 = FILL_AREA_STYLE_COLOUR('',#17478);
#21386 = CURVE_STYLE('',#21387,POSITIVE_LENGTH_MEASURE(0.1),#17478);
#21387 = DRAUGHTING_PRE_DEFINED_CURVE_FONT('continuous');
#21388 = STYLED_ITEM('color',(#21389),#11735);
#21389 = PRESENTATION_STYLE_ASSIGNMENT((#21390,#21395));
#21390 = SURFACE_STYLE_USAGE(.BOTH.,#21391);
#21391 = SURFACE_SIDE_STYLE('',(#21392));
#21392 = SURFACE_STYLE_FILL_AREA(#21393);
#21393 = FILL_AREA_STYLE('',(#21394));
#21394 = FILL_AREA_STYLE_COLOUR('',#17478);
#21395 = CURVE_STYLE('',#21396,POSITIVE_LENGTH_MEASURE(0.1),#17478);
#21396 = DRAUGHTING_PRE_DEFINED_CURVE_FONT('continuous');
#21397 = STYLED_ITEM('color',(#21398),#11752);
#21398 = PRESENTATION_STYLE_ASSIGNMENT((#21399,#21404));
#21399 = SURFACE_STYLE_USAGE(.BOTH.,#21400);
#21400 = SURFACE_SIDE_STYLE('',(#21401));
#21401 = SURFACE_STYLE_FILL_AREA(#21402);
#21402 = FILL_AREA_STYLE('',(#21403));
#21403 = FILL_AREA_STYLE_COLOUR('',#17478);
#21404 = CURVE_STYLE('',#21405,POSITIVE_LENGTH_MEASURE(0.1),#17478);
#21405 = DRAUGHTING_PRE_DEFINED_CURVE_FONT('continuous');
#21406 = STYLED_ITEM('color',(#21407),#11769);
#21407 = PRESENTATION_STYLE_ASSIGNMENT((#21408,#21413));
#21408 = SURFACE_STYLE_USAGE(.BOTH.,#21409);
#21409 = SURFACE_SIDE_STYLE('',(#21410));
#21410 = SURFACE_STYLE_FILL_AREA(#21411);
#21411 = FILL_AREA_STYLE('',(#21412));
#21412 = FILL_AREA_STYLE_COLOUR('',#17478);
#21413 = CURVE_STYLE('',#21414,POSITIVE_LENGTH_MEASURE(0.1),#17478);
#21414 = DRAUGHTING_PRE_DEFINED_CURVE_FONT('continuous');
#21415 = STYLED_ITEM('color',(#21416),#11786);
#21416 = PRESENTATION_STYLE_ASSIGNMENT((#21417,#21422));
#21417 = SURFACE_STYLE_USAGE(.BOTH.,#21418);
#21418 = SURFACE_SIDE_STYLE('',(#21419));
#21419 = SURFACE_STYLE_FILL_AREA(#21420);
#21420 = FILL_AREA_STYLE('',(#21421));
#21421 = FILL_AREA_STYLE_COLOUR('',#17478);
#21422 = CURVE_STYLE('',#21423,POSITIVE_LENGTH_MEASURE(0.1),#17478);
#21423 = DRAUGHTING_PRE_DEFINED_CURVE_FONT('continuous');
#21424 = STYLED_ITEM('color',(#21425),#11803);
#21425 = PRESENTATION_STYLE_ASSIGNMENT((#21426,#21431));
#21426 = SURFACE_STYLE_USAGE(.BOTH.,#21427);
#21427 = SURFACE_SIDE_STYLE('',(#21428));
#21428 = SURFACE_STYLE_FILL_AREA(#21429);
#21429 = FILL_AREA_STYLE('',(#21430));
#21430 = FILL_AREA_STYLE_COLOUR('',#17478);
#21431 = CURVE_STYLE('',#21432,POSITIVE_LENGTH_MEASURE(0.1),#17478);
#21432 = DRAUGHTING_PRE_DEFINED_CURVE_FONT('continuous');
#21433 = STYLED_ITEM('color',(#21434),#11820);
#21434 = PRESENTATION_STYLE_ASSIGNMENT((#21435,#21440));
#21435 = SURFACE_STYLE_USAGE(.BOTH.,#21436);
#21436 = SURFACE_SIDE_STYLE('',(#21437));
#21437 = SURFACE_STYLE_FILL_AREA(#21438);
#21438 = FILL_AREA_STYLE('',(#21439));
#21439 = FILL_AREA_STYLE_COLOUR('',#17478);
#21440 = CURVE_STYLE('',#21441,POSITIVE_LENGTH_MEASURE(0.1),#17478);
#21441 = DRAUGHTING_PRE_DEFINED_CURVE_FONT('continuous');
#21442 = STYLED_ITEM('color',(#21443),#11837);
#21443 = PRESENTATION_STYLE_ASSIGNMENT((#21444,#21449));
#21444 = SURFACE_STYLE_USAGE(.BOTH.,#21445);
#21445 = SURFACE_SIDE_STYLE('',(#21446));
#21446 = SURFACE_STYLE_FILL_AREA(#21447);
#21447 = FILL_AREA_STYLE('',(#21448));
#21448 = FILL_AREA_STYLE_COLOUR('',#17478);
#21449 = CURVE_STYLE('',#21450,POSITIVE_LENGTH_MEASURE(0.1),#17478);
#21450 = DRAUGHTING_PRE_DEFINED_CURVE_FONT('continuous');
#21451 = STYLED_ITEM('color',(#21452),#11849);
#21452 = PRESENTATION_STYLE_ASSIGNMENT((#21453,#21458));
#21453 = SURFACE_STYLE_USAGE(.BOTH.,#21454);
#21454 = SURFACE_SIDE_STYLE('',(#21455));
#21455 = SURFACE_STYLE_FILL_AREA(#21456);
#21456 = FILL_AREA_STYLE('',(#21457));
#21457 = FILL_AREA_STYLE_COLOUR('',#19310);
#21458 = CURVE_STYLE('',#21459,POSITIVE_LENGTH_MEASURE(0.1),#19310);
#21459 = DRAUGHTING_PRE_DEFINED_CURVE_FONT('continuous');
#21460 = STYLED_ITEM('color',(#21461),#11866);
#21461 = PRESENTATION_STYLE_ASSIGNMENT((#21462,#21467));
#21462 = SURFACE_STYLE_USAGE(.BOTH.,#21463);
#21463 = SURFACE_SIDE_STYLE('',(#21464));
#21464 = SURFACE_STYLE_FILL_AREA(#21465);
#21465 = FILL_AREA_STYLE('',(#21466));
#21466 = FILL_AREA_STYLE_COLOUR('',#17478);
#21467 = CURVE_STYLE('',#21468,POSITIVE_LENGTH_MEASURE(0.1),#17478);
#21468 = DRAUGHTING_PRE_DEFINED_CURVE_FONT('continuous');
#21469 = STYLED_ITEM('color',(#21470),#11951);
#21470 = PRESENTATION_STYLE_ASSIGNMENT((#21471,#21476));
#21471 = SURFACE_STYLE_USAGE(.BOTH.,#21472);
#21472 = SURFACE_SIDE_STYLE('',(#21473));
#21473 = SURFACE_STYLE_FILL_AREA(#21474);
#21474 = FILL_AREA_STYLE('',(#21475));
#21475 = FILL_AREA_STYLE_COLOUR('',#17478);
#21476 = CURVE_STYLE('',#21477,POSITIVE_LENGTH_MEASURE(0.1),#17478);
#21477 = DRAUGHTING_PRE_DEFINED_CURVE_FONT('continuous');
#21478 = STYLED_ITEM('color',(#21479),#12036);
#21479 = PRESENTATION_STYLE_ASSIGNMENT((#21480,#21485));
#21480 = SURFACE_STYLE_USAGE(.BOTH.,#21481);
#21481 = SURFACE_SIDE_STYLE('',(#21482));
#21482 = SURFACE_STYLE_FILL_AREA(#21483);
#21483 = FILL_AREA_STYLE('',(#21484));
#21484 = FILL_AREA_STYLE_COLOUR('',#17478);
#21485 = CURVE_STYLE('',#21486,POSITIVE_LENGTH_MEASURE(0.1),#17478);
#21486 = DRAUGHTING_PRE_DEFINED_CURVE_FONT('continuous');
#21487 = STYLED_ITEM('color',(#21488),#12053);
#21488 = PRESENTATION_STYLE_ASSIGNMENT((#21489,#21494));
#21489 = SURFACE_STYLE_USAGE(.BOTH.,#21490);
#21490 = SURFACE_SIDE_STYLE('',(#21491));
#21491 = SURFACE_STYLE_FILL_AREA(#21492);
#21492 = FILL_AREA_STYLE('',(#21493));
#21493 = FILL_AREA_STYLE_COLOUR('',#17478);
#21494 = CURVE_STYLE('',#21495,POSITIVE_LENGTH_MEASURE(0.1),#17478);
#21495 = DRAUGHTING_PRE_DEFINED_CURVE_FONT('continuous');
#21496 = STYLED_ITEM('color',(#21497),#12070);
#21497 = PRESENTATION_STYLE_ASSIGNMENT((#21498,#21503));
#21498 = SURFACE_STYLE_USAGE(.BOTH.,#21499);
#21499 = SURFACE_SIDE_STYLE('',(#21500));
#21500 = SURFACE_STYLE_FILL_AREA(#21501);
#21501 = FILL_AREA_STYLE('',(#21502));
#21502 = FILL_AREA_STYLE_COLOUR('',#19310);
#21503 = CURVE_STYLE('',#21504,POSITIVE_LENGTH_MEASURE(0.1),#19310);
#21504 = DRAUGHTING_PRE_DEFINED_CURVE_FONT('continuous');
#21505 = STYLED_ITEM('color',(#21506),#12093);
#21506 = PRESENTATION_STYLE_ASSIGNMENT((#21507,#21512));
#21507 = SURFACE_STYLE_USAGE(.BOTH.,#21508);
#21508 = SURFACE_SIDE_STYLE('',(#21509));
#21509 = SURFACE_STYLE_FILL_AREA(#21510);
#21510 = FILL_AREA_STYLE('',(#21511));
#21511 = FILL_AREA_STYLE_COLOUR('',#17478);
#21512 = CURVE_STYLE('',#21513,POSITIVE_LENGTH_MEASURE(0.1),#17478);
#21513 = DRAUGHTING_PRE_DEFINED_CURVE_FONT('continuous');
#21514 = STYLED_ITEM('color',(#21515),#12110);
#21515 = PRESENTATION_STYLE_ASSIGNMENT((#21516,#21521));
#21516 = SURFACE_STYLE_USAGE(.BOTH.,#21517);
#21517 = SURFACE_SIDE_STYLE('',(#21518));
#21518 = SURFACE_STYLE_FILL_AREA(#21519);
#21519 = FILL_AREA_STYLE('',(#21520));
#21520 = FILL_AREA_STYLE_COLOUR('',#17478);
#21521 = CURVE_STYLE('',#21522,POSITIVE_LENGTH_MEASURE(0.1),#17478);
#21522 = DRAUGHTING_PRE_DEFINED_CURVE_FONT('continuous');
#21523 = STYLED_ITEM('color',(#21524),#12127);
#21524 = PRESENTATION_STYLE_ASSIGNMENT((#21525,#21530));
#21525 = SURFACE_STYLE_USAGE(.BOTH.,#21526);
#21526 = SURFACE_SIDE_STYLE('',(#21527));
#21527 = SURFACE_STYLE_FILL_AREA(#21528);
#21528 = FILL_AREA_STYLE('',(#21529));
#21529 = FILL_AREA_STYLE_COLOUR('',#17478);
#21530 = CURVE_STYLE('',#21531,POSITIVE_LENGTH_MEASURE(0.1),#17478);
#21531 = DRAUGHTING_PRE_DEFINED_CURVE_FONT('continuous');
#21532 = STYLED_ITEM('color',(#21533),#12144);
#21533 = PRESENTATION_STYLE_ASSIGNMENT((#21534,#21539));
#21534 = SURFACE_STYLE_USAGE(.BOTH.,#21535);
#21535 = SURFACE_SIDE_STYLE('',(#21536));
#21536 = SURFACE_STYLE_FILL_AREA(#21537);
#21537 = FILL_AREA_STYLE('',(#21538));
#21538 = FILL_AREA_STYLE_COLOUR('',#17478);
#21539 = CURVE_STYLE('',#21540,POSITIVE_LENGTH_MEASURE(0.1),#17478);
#21540 = DRAUGHTING_PRE_DEFINED_CURVE_FONT('continuous');
#21541 = STYLED_ITEM('color',(#21542),#12161);
#21542 = PRESENTATION_STYLE_ASSIGNMENT((#21543,#21548));
#21543 = SURFACE_STYLE_USAGE(.BOTH.,#21544);
#21544 = SURFACE_SIDE_STYLE('',(#21545));
#21545 = SURFACE_STYLE_FILL_AREA(#21546);
#21546 = FILL_AREA_STYLE('',(#21547));
#21547 = FILL_AREA_STYLE_COLOUR('',#17478);
#21548 = CURVE_STYLE('',#21549,POSITIVE_LENGTH_MEASURE(0.1),#17478);
#21549 = DRAUGHTING_PRE_DEFINED_CURVE_FONT('continuous');
#21550 = STYLED_ITEM('color',(#21551),#12178);
#21551 = PRESENTATION_STYLE_ASSIGNMENT((#21552,#21557));
#21552 = SURFACE_STYLE_USAGE(.BOTH.,#21553);
#21553 = SURFACE_SIDE_STYLE('',(#21554));
#21554 = SURFACE_STYLE_FILL_AREA(#21555);
#21555 = FILL_AREA_STYLE('',(#21556));
#21556 = FILL_AREA_STYLE_COLOUR('',#17478);
#21557 = CURVE_STYLE('',#21558,POSITIVE_LENGTH_MEASURE(0.1),#17478);
#21558 = DRAUGHTING_PRE_DEFINED_CURVE_FONT('continuous');
#21559 = STYLED_ITEM('color',(#21560),#12195);
#21560 = PRESENTATION_STYLE_ASSIGNMENT((#21561,#21566));
#21561 = SURFACE_STYLE_USAGE(.BOTH.,#21562);
#21562 = SURFACE_SIDE_STYLE('',(#21563));
#21563 = SURFACE_STYLE_FILL_AREA(#21564);
#21564 = FILL_AREA_STYLE('',(#21565));
#21565 = FILL_AREA_STYLE_COLOUR('',#17478);
#21566 = CURVE_STYLE('',#21567,POSITIVE_LENGTH_MEASURE(0.1),#17478);
#21567 = DRAUGHTING_PRE_DEFINED_CURVE_FONT('continuous');
#21568 = STYLED_ITEM('color',(#21569),#12207);
#21569 = PRESENTATION_STYLE_ASSIGNMENT((#21570,#21575));
#21570 = SURFACE_STYLE_USAGE(.BOTH.,#21571);
#21571 = SURFACE_SIDE_STYLE('',(#21572));
#21572 = SURFACE_STYLE_FILL_AREA(#21573);
#21573 = FILL_AREA_STYLE('',(#21574));
#21574 = FILL_AREA_STYLE_COLOUR('',#20220);
#21575 = CURVE_STYLE('',#21576,POSITIVE_LENGTH_MEASURE(0.1),#20220);
#21576 = DRAUGHTING_PRE_DEFINED_CURVE_FONT('continuous');
ENDSEC;
END-ISO-10303-21;
